fighter_url,name,origin,source,page_url,sherdog_url,gidstats_url,page_name,dob_ufcstats,dob_sherdog,age_gidstats,matched_by,n_fights,first_fight,last_fight,non_mma_skipped,asof
http://ufcstats.com/fighter-details/001eb2ab0f30e7ea,Mark Choinski,ufcstats,gidstats,https://gidstats.com/fighters/mark_choinski.html,,https://gidstats.com/fighters/mark_choinski.html,Mark Choinski,1995-10-22,,30,name+opponents(1)+age,9,2022-12-10,2025-06-07,0,2026-10-07
http://ufcstats.com/fighter-details/002ca196477ce572,Gabriel Silva,ufcstats,gidstats,https://gidstats.com/fighters/gabriel_silva.html,,https://gidstats.com/fighters/gabriel_silva.html,Gabriel Silva,1994-08-26,,32,name+opponents(2)+age,13,2011-11-26,2023-11-03,0,2026-10-07
http://ufcstats.com/fighter-details/003d82fa384ca1d0,Aalon Cruz,ufcstats+dwcs,gidstats,https://gidstats.com/fighters/aalon_cruz.html,,https://gidstats.com/fighters/aalon_cruz.html,Aalon Cruz,1989-09-20,,37,name+opponents(3)+age,16,2013-11-08,2023-08-11,0,2026-10-07
http://ufcstats.com/fighter-details/0052de90691d4a93,Davi Ramos,ufcstats,gidstats,https://gidstats.com/fighters/davi_ramos.html,,https://gidstats.com/fighters/davi_ramos.html,Davi Ramos,1986-11-05,,33,"name+opponents(7) AGE_CONFLICT(gid 33, dob 1986-11-05)",20,2010-07-04,2025-10-23,10,2026-10-07
http://ufcstats.com/fighter-details/008dc37cca279def,Sean McCorkle,ufcstats,gidstats,https://gidstats.com/fighters/sean_mccorkle.html,,https://gidstats.com/fighters/sean_mccorkle.html,Sean McCorkle,1976-07-17,,50,name+opponents(3)+age,24,2005-10-21,2014-09-20,0,2026-10-07
http://ufcstats.com/fighter-details/008ea710276c9606,Jeff Molina,ufcstats+dwcs,gidstats,https://gidstats.com/fighters/jeffrey_molina.html,,https://gidstats.com/fighters/jeffrey_molina.html,Jeffrey Molina,1997-07-17,,29,alias+opponents(4)+age,13,2017-06-03,2022-06-04,0,2026-10-07
http://ufcstats.com/fighter-details/009341ed974bad72,Jiri Prochazka,ufcstats+card,gidstats,https://gidstats.com/fighters/jiri_prochazka.html,,https://gidstats.com/fighters/jiri_prochazka.html,Jiri Prochazka,1992-10-14,,33,name+opponents(9)+age,39,2012-04-07,2026-04-11,0,2026-10-07
http://ufcstats.com/fighter-details/009c4420727149ea,AJ Dobson,ufcstats+dwcs,gidstats,https://gidstats.com/fighters/aj_dobson.html,,https://gidstats.com/fighters/aj_dobson.html,AJ Dobson,1992-01-18,,34,name+opponents(5)+age,11,2016-06-25,2024-03-23,0,2026-10-07
http://ufcstats.com/fighter-details/00a3ff40c4b2cf21,Glaico Franca Moreira,ufcstats,gidstats,https://gidstats.com/fighters/glaico_franca.html,,https://gidstats.com/fighters/glaico_franca.html,Glaico Franca,1991-02-28,,35,alias+opponents(3)+age,35,2012-05-05,2023-07-21,0,2026-10-07
http://ufcstats.com/fighter-details/00debc804e2b1cd4,Dylan Andrews,ufcstats,gidstats,https://gidstats.com/fighters/dylan_andrews.html,,https://gidstats.com/fighters/dylan_andrews.html,Dylan Andrews,1979-11-15,,46,name+opponents(5)+age,34,2006-07-07,2019-12-01,1,2026-10-07
http://ufcstats.com/fighter-details/00e11b5c8b7bfeeb,Luke Rockhold,ufcstats,gidstats,https://gidstats.com/fighters/luke_rockhold.html,,https://gidstats.com/fighters/luke_rockhold.html,Luke Rockhold,1984-10-17,,41,name+opponents(10)+age,22,2007-07-24,2022-08-20,2,2026-10-07
http://ufcstats.com/fighter-details/010986ee359fb863,John Salter,ufcstats,gidstats,https://gidstats.com/fighters/john_salter.html,,https://gidstats.com/fighters/john_salter.html,John Salter,1985-03-21,,41,name+opponents(3)+age,25,2009-03-27,2023-03-31,3,2026-10-07
http://ufcstats.com/fighter-details/0112352cb32f5026,Denis Tiuliulin,ufcstats,gidstats,https://gidstats.com/fighters/denis_tiuliulin.html,,https://gidstats.com/fighters/denis_tiuliulin.html,Denis Tiuliulin,1988-05-17,,38,name+opponents(6)+age,21,2013-04-24,2024-08-03,0,2026-10-07
http://ufcstats.com/fighter-details/013da757877044a2,Joe Brammer,ufcstats,gidstats,https://gidstats.com/fighters/joe_brammer.html,,https://gidstats.com/fighters/joe_brammer.html,Joe Brammer,1983-08-23,,43,name+opponents(1)+age,11,2005-08-27,2010-11-12,0,2026-10-07
http://ufcstats.com/fighter-details/01641ba5df0c69b0,Gabriel Bonfim,ufcstats+dwcs+card,gidstats,https://gidstats.com/fighters/gabriel_bonfim.html,,https://gidstats.com/fighters/gabriel_bonfim.html,Gabriel Bonfim,1997-08-20,,29,name+opponents(9)+age,21,2014-12-13,2026-06-06,0,2026-10-07
http://ufcstats.com/fighter-details/016a8d958883167c,Gina Mazany,ufcstats,gidstats,https://gidstats.com/fighters/gina_mazany.html,,https://gidstats.com/fighters/gina_mazany.html,Gina Mazany,1988-08-19,,38,name+opponents(8)+age,15,2008-08-20,2022-12-09,1,2026-10-07
http://ufcstats.com/fighter-details/01784fbc27c68b14,Rachael Ostovich,ufcstats,gidstats,https://gidstats.com/fighters/rachael_ostovich.html,,https://gidstats.com/fighters/rachael_ostovich.html,Rachael Ostovich,1991-02-25,,35,name+opponents(4)+age,12,2014-01-25,2020-11-28,1,2026-10-07
http://ufcstats.com/fighter-details/01afe0916a40c7c5,Shavkat Rakhmonov,ufcstats,gidstats,https://gidstats.com/fighters/shavkat_rakhmonov.html,,https://gidstats.com/fighters/shavkat_rakhmonov.html,Shavkat Rakhmonov,1994-10-23,,31,name+opponents(7)+age,19,2014-10-17,2024-12-07,0,2026-10-07
http://ufcstats.com/fighter-details/01b352b6a9074d5c,Chase Sherman,ufcstats,gidstats,https://gidstats.com/fighters/chase_sherman.html,,https://gidstats.com/fighters/chase_sherman.html,Chase Sherman,1989-11-16,,36,name+opponents(15)+age,28,2014-01-18,2023-05-13,3,2026-10-07
http://ufcstats.com/fighter-details/01c9e4013afce141,Michael Aswell Jr.,ufcstats+dwcs,gidstats,https://gidstats.com/fighters/michael_aswell.html,,https://gidstats.com/fighters/michael_aswell.html,Michael Aswell,2000-09-27,,26,name+opponents(5)+age,16,2021-05-16,2026-06-20,0,2026-10-07
http://ufcstats.com/fighter-details/01d2ed8c502e3828,Caros Fodor,ufcstats,gidstats,https://gidstats.com/fighters/caros_fodor.html,,https://gidstats.com/fighters/caros_fodor.html,Caros Fodor,1984-01-07,,42,name+opponents(1)+age,17,2009-08-15,2017-06-30,0,2026-10-07
http://ufcstats.com/fighter-details/01f022fa494188e2,Josh Bryant,ufcstats,gidstats,https://gidstats.com/fighters/josh_bryant.html,,https://gidstats.com/fighters/josh_bryant.html,Josh Bryant,1980-04-23,,46,name+opponents(1)+age,23,2007-04-07,2014-05-16,0,2026-10-07
http://ufcstats.com/fighter-details/01fcef7e3d051722,Henry Briones,ufcstats,gidstats,https://gidstats.com/fighters/henry_briones.html,,https://gidstats.com/fighters/henry_briones.html,Henry Briones,1980-10-22,,45,name+opponents(5)+age,26,2007-01-27,2018-05-19,0,2026-10-07
http://ufcstats.com/fighter-details/01fed6f61ebea01f,Jay Perrin,ufcstats+dwcs,gidstats,https://gidstats.com/fighters/perrin_jay.html,,https://gidstats.com/fighters/perrin_jay.html,Jay Perrin,1993-06-15,,33,name+opponents(4)+age,21,2014-06-27,2025-03-22,0,2026-10-07
http://ufcstats.com/fighter-details/0232cabbc30a2372,Adrian Yanez,ufcstats+dwcs+card,gidstats,https://gidstats.com/fighters/adrian_yanez.html,,https://gidstats.com/fighters/adrian_yanez.html,Adrian Yanez,1993-11-29,,32,name+opponents(13)+age,25,2014-03-14,2026-07-11,0,2026-10-07
http://ufcstats.com/fighter-details/02500fb9fd79a974,Jason Reinhardt,ufcstats,gidstats,https://gidstats.com/fighters/jason_reinhardt.html,,https://gidstats.com/fighters/jason_reinhardt.html,Jason Reinhardt,1969-10-31,,56,name+opponents(1)+age,23,2000-01-28,2011-08-14,0,2026-10-07
http://ufcstats.com/fighter-details/025c1ee70b2cedf4,Vlasto Cepo,ufcstats,gidstats,https://gidstats.com/fighters/vlasto_epo.html,,https://gidstats.com/fighters/vlasto_epo.html,Vlasto Čepo,1995-01-25,,31,name+opponents(1)+age,20,2019-06-14,2025-10-04,2,2026-10-07
http://ufcstats.com/fighter-details/025f0b1b58fbad01,Darko Stosic,ufcstats,gidstats,https://gidstats.com/fighters/darko_stosic.html,,https://gidstats.com/fighters/darko_stosic.html,Darko Stosic,1992-02-09,,34,name+opponents(4)+age,28,2012-06-23,2024-11-16,0,2026-10-07
http://ufcstats.com/fighter-details/029880cdbf5ca089,Sean Sherk,ufcstats,gidstats,https://gidstats.com/fighters/sean_sherk.html,,https://gidstats.com/fighters/sean_sherk.html,Sean Sherk,1973-08-05,,53,name+opponents(1)+age,41,1999-06-19,2010-09-25,0,2026-10-07
http://ufcstats.com/fighter-details/029afd138865d20a,Rafael Alves,ufcstats,gidstats,https://gidstats.com/fighters/rafael_alves.html,,https://gidstats.com/fighters/rafael_alves.html,Rafael Alves,1990-11-14,,35,name+opponents(4)+age,32,2007-09-13,2023-02-25,0,2026-10-07
http://ufcstats.com/fighter-details/029e1293e609fd74,Abubakar Nurmagomedov,ufcstats,gidstats,https://gidstats.com/fighters/nurmagomedov_abubakar.html,,https://gidstats.com/fighters/nurmagomedov_abubakar.html,Abubakar Nurmagomedov,1989-11-13,,36,name+opponents(4)+age,23,2011-10-22,2023-06-03,0,2026-10-07
http://ufcstats.com/fighter-details/029eaff01e6bb8f0,Dustin Poirier,ufcstats,gidstats,https://gidstats.com/fighters/dustin_poirier.html,,https://gidstats.com/fighters/dustin_poirier.html,Dustin Poirier,1989-01-19,,37,name+opponents(25)+age,41,2009-05-16,2025-07-19,0,2026-10-07
http://ufcstats.com/fighter-details/02bb48869eb7ac8f,Rayanne dos Santos,ufcstats,sherdog,https://www.sherdog.com/fighter/Rayanne-dos-Santos-230789,https://www.sherdog.com/fighter/Rayanne-dos-Santos-230789,,Rayanne dos Santos,1995-06-08,1995-06-08,,name+dob,23,2015-12-05,2025-05-31,,2026-10-07
http://ufcstats.com/fighter-details/02f2a9702ba3d167,Artem Lobov,ufcstats,gidstats,https://gidstats.com/fighters/artem_lobov.html,,https://gidstats.com/fighters/artem_lobov.html,Artem Lobov,1986-08-11,,40,name+opponents(7)+age,35,2010-11-12,2018-10-27,4,2026-10-07
http://ufcstats.com/fighter-details/02f484417a6fa69d,Uran Satybaldiev,ufcstats,gidstats,https://gidstats.com/fighters/uran_satybaldiev.html,,https://gidstats.com/fighters/uran_satybaldiev.html,Uran Satybaldiev,1994-08-10,,32,name+opponents(2)+age,11,2020-02-22,2025-08-23,0,2026-10-07
http://ufcstats.com/fighter-details/02f8fedc18cbd26c,Emily Ducote,ufcstats,gidstats,https://gidstats.com/fighters/emily_ducote.html,,https://gidstats.com/fighters/emily_ducote.html,Emily Ducote,1994-01-01,,32,name+opponents(5)+age,24,2015-09-19,2025-04-04,0,2026-10-07
http://ufcstats.com/fighter-details/032cc3922d871c7f,Khabib Nurmagomedov,ufcstats,gidstats,https://gidstats.com/fighters/khabib_nurmagomedov.html,,https://gidstats.com/fighters/khabib_nurmagomedov.html,Khabib Nurmagomedov,1988-09-20,,38,name+opponents(13)+age,29,2008-09-13,2020-10-24,0,2026-10-07
http://ufcstats.com/fighter-details/036e96c1c12b8a59,Nick Fiore,ufcstats,gidstats,https://gidstats.com/fighters/nick_fiore.html,,https://gidstats.com/fighters/nick_fiore.html,Nick Fiore,1997-12-10,,28,name+opponents(2)+age,8,2020-01-17,2023-05-20,1,2026-10-07
http://ufcstats.com/fighter-details/037cfd34a27d59e9,Michael Oliveira,ufcstats+dwcs,gidstats,https://gidstats.com/fighters/michael_oliveira.html,,https://gidstats.com/fighters/michael_oliveira.html,Michael Oliveira,1998-01-21,,28,name+opponents(2)+age,9,2022-02-19,2025-10-14,0,2026-10-07
http://ufcstats.com/fighter-details/03c9994c5b8958ec,John Cholish,ufcstats,gidstats,https://gidstats.com/fighters/john_cholish.html,,https://gidstats.com/fighters/john_cholish.html,John Cholish,1983-12-17,,42,name+opponents(3)+age,11,2007-09-29,2013-05-18,0,2026-10-07
http://ufcstats.com/fighter-details/03dee485905dbc9f,Zachary Scroggin,ufcstats,gidstats,https://gidstats.com/fighters/zach_scroggin.html,,https://gidstats.com/fighters/zach_scroggin.html,Zach Scroggin,1996-03-09,,30,alias+opponents(1)+age,8,2021-12-10,2024-11-09,0,2026-10-07
http://ufcstats.com/fighter-details/03f982ca3735070c,Walt Harris,ufcstats,gidstats,https://gidstats.com/fighters/walt_harris.html,,https://gidstats.com/fighters/walt_harris.html,Walt Harris,1983-06-10,,43,name+opponents(16)+age,24,2011-03-14,2021-06-05,0,2026-10-07
http://ufcstats.com/fighter-details/040a74bb0a465c54,Arnold Allen,ufcstats,gidstats,https://gidstats.com/fighters/arnold_allen.html,,https://gidstats.com/fighters/arnold_allen.html,Arnold Allen,1994-01-22,,32,name+opponents(15)+age,25,2012-04-07,2026-05-16,0,2026-10-07
http://ufcstats.com/fighter-details/045f25b3a4c08e81,Jack Marshman,ufcstats,gidstats,https://gidstats.com/fighters/jack_marshman.html,,https://gidstats.com/fighters/jack_marshman.html,Jack Marshman,1989-12-19,,36,name+opponents(8)+age,33,2010-01-31,2020-10-31,0,2026-10-07
http://ufcstats.com/fighter-details/047a91d3d9c79b05,Collin Anglin,ufcstats+dwcs,gidstats,https://gidstats.com/fighters/collin_anglin.html,,https://gidstats.com/fighters/collin_anglin.html,Collin Anglin,1993-02-20,,33,name+opponents(3)+age,15,2017-09-23,2024-10-18,0,2026-10-07
http://ufcstats.com/fighter-details/04835018f90b118c,Casey O'Neill,ufcstats,gidstats,https://gidstats.com/fighters/oneill_casey.html,,https://gidstats.com/fighters/oneill_casey.html,Casey O'Neill,1997-10-07,,29,name+opponents(9)+age,13,2019-04-05,2026-03-28,0,2026-10-07
http://ufcstats.com/fighter-details/04b39f4e8eb59d7c,Oluwale Bamgbose,ufcstats,gidstats,https://gidstats.com/fighters/oluwale_bamgbose.html,,https://gidstats.com/fighters/oluwale_bamgbose.html,Oluwale Bamgbose,1987-08-04,,39,name+opponents(5)+age,10,2013-06-14,2017-12-16,1,2026-10-07
http://ufcstats.com/fighter-details/04c8b08b16a5b99e,Tanner Boser,ufcstats+card,gidstats,https://gidstats.com/fighters/tanner_boser.html,,https://gidstats.com/fighters/tanner_boser.html,Tanner Boser,1991-08-02,,35,name+opponents(12)+age,34,2012-10-05,2026-04-18,0,2026-10-07
http://ufcstats.com/fighter-details/04ff3a711504d6b3,Magomed Zaynukov,ufcstats+dwcs,gidstats,https://gidstats.com/fighters/magomed_zaynukov.html,,https://gidstats.com/fighters/magomed_zaynukov.html,Magomed Zaynukov,1995-01-02,,31,name+opponents(2)+age,9,2021-02-20,2026-07-25,1,2026-10-07
http://ufcstats.com/fighter-details/052ceb8976695342,Chase Gormley,ufcstats,gidstats,https://gidstats.com/fighters/chase_gormley.html,,https://gidstats.com/fighters/chase_gormley.html,Chase Gormley,1983-08-11,,43,name+opponents(1)+age,24,2007-04-27,2018-08-22,0,2026-10-07
http://ufcstats.com/fighter-details/05339613bf8e9808,Rob Font,ufcstats,gidstats,https://gidstats.com/fighters/rob_font.html,,https://gidstats.com/fighters/rob_font.html,Rob Font,1987-06-25,,39,name+opponents(21)+age,32,2011-12-03,2026-03-07,0,2026-10-07
http://ufcstats.com/fighter-details/054defd5420a551f,Rob Kimmons,ufcstats,gidstats,https://gidstats.com/fighters/rob_kimmons.html,,https://gidstats.com/fighters/rob_kimmons.html,Rob Kimmons,1981-01-30,,45,name+opponents(3)+age,32,2004-03-06,2013-06-29,0,2026-10-07
http://ufcstats.com/fighter-details/05560764359161e4,Constantinos Philippou,ufcstats,gidstats,https://gidstats.com/fighters/costas_philippou.html,,https://gidstats.com/fighters/costas_philippou.html,Costas Philippou,1979-11-29,,46,alias+opponents(10)+age,20,2008-05-09,2015-05-16,0,2026-10-07
http://ufcstats.com/fighter-details/056c493bbd76a918,Henry Cejudo,ufcstats,gidstats,https://gidstats.com/fighters/henry_cejudo.html,,https://gidstats.com/fighters/henry_cejudo.html,Henry Cejudo,1987-02-09,,39,name+opponents(15)+age,22,2013-03-02,2025-12-06,5,2026-10-07
http://ufcstats.com/fighter-details/0577808d22dfe79c,Jon Olav Einemo,ufcstats,gidstats,https://gidstats.com/fighters/john-olav_einemo.html,,https://gidstats.com/fighters/john-olav_einemo.html,John-Olav Einemo,1975-12-10,,50,alias+opponents(2)+age,9,2000-10-06,2012-01-28,2,2026-10-07
http://ufcstats.com/fighter-details/05b43e0ead3df345,Kailin Curran,ufcstats,gidstats,https://gidstats.com/fighters/kailin_curran.html,,https://gidstats.com/fighters/kailin_curran.html,Kailin Curran,1991-04-11,,35,name+opponents(6)+age,13,2013-03-08,2019-05-03,0,2026-10-07
http://ufcstats.com/fighter-details/05fa626cb33d15b8,Andrea Lee,ufcstats,gidstats,https://gidstats.com/fighters/andrea_lee.html,,https://gidstats.com/fighters/andrea_lee.html,Andrea Lee,1989-02-11,,37,name+opponents(13)+age,24,2014-09-19,2025-03-01,0,2026-10-07
http://ufcstats.com/fighter-details/0641c21bec209472,Mike Jackson,ufcstats,gidstats,https://gidstats.com/fighters/mike_jackson.html,,https://gidstats.com/fighters/mike_jackson.html,Mike Jackson,1985-03-22,,41,name+age,24,2006-05-20,2019-07-12,0,2026-10-07
http://ufcstats.com/fighter-details/064b7dc68d786254,Cain Carrizosa,ufcstats,gidstats,https://gidstats.com/fighters/cain_carrizosa.html,,https://gidstats.com/fighters/cain_carrizosa.html,Cain Carrizosa,1986-07-22,,40,name+opponents(2)+age,16,2011-06-17,2022-01-29,0,2026-10-07
http://ufcstats.com/fighter-details/065eb44700e641a4,Devin Powell,ufcstats,gidstats,https://gidstats.com/fighters/devin_powell.html,,https://gidstats.com/fighters/devin_powell.html,Devin Powell,1988-03-01,,38,name+opponents(4)+age,15,2012-04-27,2020-11-12,0,2026-10-07
http://ufcstats.com/fighter-details/06626b6287e1ae1e,Chris Padilla,ufcstats,gidstats,https://gidstats.com/fighters/chris_padilla.html,,https://gidstats.com/fighters/chris_padilla.html,Chris Padilla,1995-09-14,,30,name+opponents(4)+age,23,2014-03-22,2025-11-08,0,2026-10-07
http://ufcstats.com/fighter-details/06734ca9d88dec3a,Shara Magomedov,ufcstats,gidstats,https://gidstats.com/fighters/sharaputdin_magomedov.html,,https://gidstats.com/fighters/sharaputdin_magomedov.html,Sharaputdin Magomedov,1994-05-16,,32,alias+opponents(7)+age,22,2017-12-09,2025-07-26,15,2026-10-07
http://ufcstats.com/fighter-details/06827d70c53ff0d9,Scott Askham,ufcstats,gidstats,https://gidstats.com/fighters/scott_askham.html,,https://gidstats.com/fighters/scott_askham.html,Scott Askham,1988-05-20,,38,name+opponents(6)+age,27,2010-10-01,2024-09-21,0,2026-10-07
http://ufcstats.com/fighter-details/068f8a189a47fea6,Maurice Greene,ufcstats,gidstats,https://gidstats.com/fighters/maurice_greene.html,,https://gidstats.com/fighters/maurice_greene.html,Maurice Greene,1986-07-05,,40,name+opponents(8)+age,22,2012-08-04,2023-08-18,4,2026-10-07
http://ufcstats.com/fighter-details/06a80a685ea98573,Irwin Rivera,ufcstats,gidstats,https://gidstats.com/fighters/irwin_rivera.html,,https://gidstats.com/fighters/irwin_rivera.html,Irwin Rivera,1989-02-14,,37,name+opponents(3)+age,17,2014-11-07,2022-03-11,1,2026-10-07
http://ufcstats.com/fighter-details/06e4245d16fc5315,Ailin Perez,ufcstats,gidstats,https://gidstats.com/fighters/ailin_perez.html,,https://gidstats.com/fighters/ailin_perez.html,Ailin Perez,1994-10-05,,32,name+opponents(6)+age,15,2018-11-24,2026-02-28,0,2026-10-07
http://ufcstats.com/fighter-details/06f36cf4bd97ec77,Ed Herman,ufcstats,gidstats,https://gidstats.com/fighters/ed_herman.html,,https://gidstats.com/fighters/ed_herman.html,Ed Herman,1980-10-02,,46,name+opponents(17)+age,43,2003-08-23,2023-04-15,0,2026-10-07
http://ufcstats.com/fighter-details/07047eb7d17fb0a2,Daria Zhelezniakova,ufcstats+card,gidstats,https://gidstats.com/fighters/dariya_zheleznyakova.html,,https://gidstats.com/fighters/dariya_zheleznyakova.html,Dariya Zheleznyakova,1996-01-23,,30,alias+opponents(5)+age,13,2019-07-06,2026-04-18,0,2026-10-07
http://ufcstats.com/fighter-details/07225ba28ae309b6,Charles Oliveira,ufcstats+card,gidstats,https://gidstats.com/fighters/charles_oliveira.html,,https://gidstats.com/fighters/charles_oliveira.html,Charles Oliveira,1989-10-17,,36,name+opponents(33)+age,49,2008-03-15,2026-03-07,2,2026-10-07
http://ufcstats.com/fighter-details/072a10e85f7d4bff,Milana Dudieva,ufcstats,gidstats,https://gidstats.com/fighters/milana_dudieva.html,,https://gidstats.com/fighters/milana_dudieva.html,Milana Dudieva,1989-08-04,,37,name+opponents(3)+age,24,2009-02-28,2025-05-16,0,2026-10-07
http://ufcstats.com/fighter-details/0749d968e932df53,Tarec Saffiedine,ufcstats,gidstats,https://gidstats.com/fighters/tarec_saffiedine.html,,https://gidstats.com/fighters/tarec_saffiedine.html,Tarec Saffiedine,1986-09-06,,40,name+opponents(6)+age,23,2007-03-31,2017-06-17,0,2026-10-07
http://ufcstats.com/fighter-details/0778f94eb5d588a5,Joey Gomez,ufcstats,gidstats,https://gidstats.com/fighters/joey_gomez.html,,https://gidstats.com/fighters/joey_gomez.html,Joey Gomez,1986-07-21,,40,name+opponents(2)+age,9,2013-03-01,2022-03-04,0,2026-10-07
http://ufcstats.com/fighter-details/07797f10b9569cfc,Angel Pacheco,ufcstats+dwcs,gidstats,https://gidstats.com/fighters/angel_pacheco.html,,https://gidstats.com/fighters/angel_pacheco.html,Angel Pacheco,1992-01-13,,34,name+opponents(3)+age,11,2019-04-13,2026-02-28,0,2026-10-07
http://ufcstats.com/fighter-details/077e3ace32b72be9,CJ Vergara,ufcstats+dwcs,gidstats,https://gidstats.com/fighters/cj_vergara.html,,https://gidstats.com/fighters/cj_vergara.html,CJ Vergara,1991-06-18,,35,name+opponents(8)+age,20,2012-11-17,2025-03-29,0,2026-10-07
http://ufcstats.com/fighter-details/078695e385ec2f57,Victor Valenzuela,ufcstats+dwcs,gidstats,https://gidstats.com/fighters/victor_valenzuela.html,,https://gidstats.com/fighters/victor_valenzuela.html,Victor Valenzuela,1994-02-09,,32,name+opponents(1)+age,16,2013-04-27,2025-10-14,0,2026-10-07
http://ufcstats.com/fighter-details/07a2bdaa0afdd831,Rogerio Bontorin,ufcstats,gidstats,https://gidstats.com/fighters/rogerio_bontorin.html,,https://gidstats.com/fighters/rogerio_bontorin.html,Rogerio Bontorin,1992-04-25,,34,name+opponents(6)+age,25,2013-04-06,2025-09-20,2,2026-10-07
http://ufcstats.com/fighter-details/07a74004d964c7f4,Billy Elekana,ufcstats+card,gidstats,https://gidstats.com/fighters/billy_elekana.html,,https://gidstats.com/fighters/billy_elekana.html,Billy Elekana,1995-05-28,,31,name+opponents(5)+age,12,2021-05-14,2026-01-31,0,2026-10-07
http://ufcstats.com/fighter-details/07bc580bdf3eb9c8,Lance Gibson Jr.,ufcstats,gidstats,https://gidstats.com/fighters/gibson_jr_lance.html,,https://gidstats.com/fighters/gibson_jr_lance.html,Lance Gibson Jr.,1995-02-02,,31,name+age,11,2017-12-09,2025-12-13,0,2026-10-07
http://ufcstats.com/fighter-details/07f72a2a7591b409,Jon Jones,ufcstats,gidstats,https://gidstats.com/fighters/jon_jones.html,,https://gidstats.com/fighters/jon_jones.html,Jon Jones,1987-07-19,,39,name+opponents(18)+age,30,2008-04-12,2024-11-16,1,2026-10-07
http://ufcstats.com/fighter-details/07f959e6596307bb,Carlos Vera,ufcstats,gidstats,https://gidstats.com/fighters/carlos_vera.html,,https://gidstats.com/fighters/carlos_vera.html,Carlos Vera,1987-11-05,,38,name+opponents(2)+age,17,2014-11-30,2025-03-15,1,2026-10-07
http://ufcstats.com/fighter-details/082eba4cd80f736f,Jarno Errens,ufcstats,gidstats,https://gidstats.com/fighters/jarno_errens.html,,https://gidstats.com/fighters/jarno_errens.html,Jarno Errens,1994-11-17,,,name+opponents(4),21,2015-09-05,2024-08-10,0,2026-10-07
http://ufcstats.com/fighter-details/084532da3d25f3b8,Cezary Oleksiejczuk,ufcstats+dwcs,gidstats,https://gidstats.com/fighters/cezary_oleksiejczuk.html,,https://gidstats.com/fighters/cezary_oleksiejczuk.html,Cezary Oleksiejczuk,2000-01-06,,26,name+opponents(2)+age,19,2018-03-23,2025-09-02,2,2026-10-07
http://ufcstats.com/fighter-details/0845c81e37d3bcb3,Volkan Oezdemir,ufcstats,gidstats,https://gidstats.com/fighters/volkan_oezdemir.html,,https://gidstats.com/fighters/volkan_oezdemir.html,Volkan Oezdemir,1989-09-19,,37,name+opponents(16)+age,29,2010-09-04,2025-11-22,1,2026-10-07
http://ufcstats.com/fighter-details/0859524157a19045,Ty Miller,ufcstats+dwcs,gidstats,https://gidstats.com/fighters/ty_miller.html,,https://gidstats.com/fighters/ty_miller.html,Ty Miller,2000-06-04,,26,name+opponents(2)+age,7,2022-02-12,2025-08-12,1,2026-10-07
http://ufcstats.com/fighter-details/0871254cd790c250,Tommy Hayden,ufcstats,gidstats,https://gidstats.com/fighters/tommy_hayden.html,,https://gidstats.com/fighters/tommy_hayden.html,Tommy Hayden,1986-03-11,,40,name+opponents(2)+age,16,2008-03-22,2017-11-04,0,2026-10-07
http://ufcstats.com/fighter-details/0876d21328cf4a45,Dave Galera,ufcstats,gidstats,https://gidstats.com/fighters/dave_galera.html,,https://gidstats.com/fighters/dave_galera.html,Dave Galera,1978-01-12,,,name+opponents(1),6,2011-12-10,2014-01-04,0,2026-10-07
http://ufcstats.com/fighter-details/08af939f41b5a57b,Beneil Dariush,ufcstats,gidstats,https://gidstats.com/fighters/beneil_dariush.html,,https://gidstats.com/fighters/beneil_dariush.html,Beneil Dariush,1989-05-06,,37,name+opponents(25)+age,31,2009-11-20,2025-11-15,0,2026-10-07
http://ufcstats.com/fighter-details/08e908ed6d18d6a0,Myles Jury,ufcstats,gidstats,https://gidstats.com/fighters/myles_jury.html,,https://gidstats.com/fighters/myles_jury.html,Myles Jury,1988-10-31,,37,name+opponents(12)+age,27,2008-02-15,2021-06-25,0,2026-10-07
http://ufcstats.com/fighter-details/093e1f5bb73850be,Anthony Hernandez,ufcstats+dwcs,gidstats,https://gidstats.com/fighters/anthony_hernandez.html,,https://gidstats.com/fighters/anthony_hernandez.html,Anthony Hernandez,1993-10-18,,32,name+opponents(14)+age,19,2014-09-13,2026-02-21,0,2026-10-07
http://ufcstats.com/fighter-details/0941df56f6ac954b,Johny Hendricks,ufcstats,gidstats,https://gidstats.com/fighters/johny_hendricks.html,,https://gidstats.com/fighters/johny_hendricks.html,Johny Hendricks,1983-09-12,,43,name+opponents(18)+age,26,2007-09-28,2017-11-04,1,2026-10-07
http://ufcstats.com/fighter-details/095854a135e6db55,Marcus Buchecha,ufcstats,gidstats,https://gidstats.com/fighters/marcus_buchecha.html,,https://gidstats.com/fighters/marcus_buchecha.html,Marcus Buchecha,1990-01-08,,36,name+opponents(3)+age,8,2021-09-24,2025-12-13,48,2026-10-07
http://ufcstats.com/fighter-details/0978385b2bd9ef9b,Nick Aguirre,ufcstats,gidstats,https://gidstats.com/fighters/nick_aguirre.html,,https://gidstats.com/fighters/nick_aguirre.html,Nick Aguirre,1996-01-15,,30,name+opponents(2)+age,9,2021-04-10,2023-11-18,1,2026-10-07
http://ufcstats.com/fighter-details/09a4447655fd4b7b,Rafael Cerqueira,ufcstats,gidstats,https://gidstats.com/fighters/raffael_cerqueira.html,,https://gidstats.com/fighters/raffael_cerqueira.html,Raffael Cerqueira,1990-03-15,,36,alias+opponents(4)+age,15,2019-09-07,2025-11-22,0,2026-10-07
http://ufcstats.com/fighter-details/09e62c450e754913,Jimmy Flick,ufcstats+dwcs,gidstats,https://gidstats.com/fighters/jimmy_flick.html,,https://gidstats.com/fighters/jimmy_flick.html,Jimmy Flick,1990-09-07,,36,name+opponents(7)+age,26,2010-05-27,2025-04-26,2,2026-10-07
http://ufcstats.com/fighter-details/09f579be4520394a,Diego Rivas,ufcstats,gidstats,https://gidstats.com/fighters/diego_rivas.html,,https://gidstats.com/fighters/diego_rivas.html,Diego Rivas,1991-11-11,,34,name+opponents(4)+age,10,2011-06-04,2018-05-19,0,2026-10-07
http://ufcstats.com/fighter-details/0a1942069c9ad6b6,Jack Hermansson,ufcstats,gidstats,https://gidstats.com/fighters/jack_hermansson.html,,https://gidstats.com/fighters/jack_hermansson.html,Jack Hermansson,1988-06-10,,38,name+opponents(18)+age,34,2010-07-17,2025-11-22,1,2026-10-07
http://ufcstats.com/fighter-details/0a73acff6325c1e2,Shayilan Nuerdanbieke,ufcstats,gidstats,https://gidstats.com/fighters/sha_yilan.html,,https://gidstats.com/fighters/sha_yilan.html,Shayilan Nuerdanbieke,1994-05-04,,32,name+opponents(6)+age,51,2016-05-21,2024-06-15,4,2026-10-07
http://ufcstats.com/fighter-details/0a95c474e61a6c44,Adam Yandiev,ufcstats,gidstats,https://gidstats.com/fighters/adam_yandiev.html,,https://gidstats.com/fighters/adam_yandiev.html,Adam Yandiev,1988-08-07,,38,name+opponents(1)+age,10,2014-12-20,2018-09-15,0,2026-10-07
http://ufcstats.com/fighter-details/0a97691039c4bbfb,Mark Hominick,ufcstats,gidstats,https://gidstats.com/fighters/mark_hominick.html,,https://gidstats.com/fighters/mark_hominick.html,Mark Hominick,1982-07-22,,44,name+opponents(5)+age,32,2002-06-15,2012-11-17,0,2026-10-07
http://ufcstats.com/fighter-details/0aa92558424ced9e,Randy Couture,ufcstats,gidstats,https://gidstats.com/fighters/randy_couture.html,,https://gidstats.com/fighters/randy_couture.html,Randy Couture,1963-06-22,,63,name+opponents(3)+age,30,1997-05-30,2011-04-30,0,2026-10-07
http://ufcstats.com/fighter-details/0abcf6bc47191219,Bruno Lopes,ufcstats+dwcs,gidstats,https://gidstats.com/fighters/bruno_lopes.html,,https://gidstats.com/fighters/bruno_lopes.html,Bruno Lopes,1993-04-24,,33,name+opponents(6)+age,17,2013-08-10,2026-03-28,0,2026-10-07
http://ufcstats.com/fighter-details/0b31f87be71ebbb1,Ben Askren,ufcstats,gidstats,https://gidstats.com/fighters/ben_askren.html,,https://gidstats.com/fighters/ben_askren.html,Ben Askren,1984-07-18,,42,name+opponents(3)+age,22,2009-02-07,2019-10-26,4,2026-10-07
http://ufcstats.com/fighter-details/0b362247806341e5,JP Buys,ufcstats+dwcs,gidstats,https://gidstats.com/fighters/jp_buys.html,,https://gidstats.com/fighters/jp_buys.html,JP Buys,1996-04-30,,30,name+opponents(6)+age,15,2015-07-11,2023-08-12,0,2026-10-07
http://ufcstats.com/fighter-details/0b5b6876c2a4723f,Steve Steinbeiss,ufcstats,gidstats,https://gidstats.com/fighters/steve_steinbeiss.html,,https://gidstats.com/fighters/steve_steinbeiss.html,Steve Steinbeiss,1981-05-05,,45,name+opponents(1)+age,13,2006-12-15,2011-10-22,2,2026-10-07
http://ufcstats.com/fighter-details/0b64d0fed453ef7f,Scott Jorgensen,ufcstats,gidstats,https://gidstats.com/fighters/scott_jorgensen.html,,https://gidstats.com/fighters/scott_jorgensen.html,Scott Jorgensen,1982-09-17,,44,name+opponents(12)+age,27,2006-06-15,2015-11-21,0,2026-10-07
http://ufcstats.com/fighter-details/0b8d512c79b4baf3,Matt Bessette,ufcstats+dwcs,gidstats,https://gidstats.com/fighters/matt_bessette.html,,https://gidstats.com/fighters/matt_bessette.html,Matt Bessette,1984-12-28,,41,name+opponents(3)+age,36,2007-09-15,2021-09-17,0,2026-10-07
http://ufcstats.com/fighter-details/0bc697c5936a2d0a,Trevor Peek,ufcstats+dwcs,gidstats,https://gidstats.com/fighters/trevor_peek.html,,https://gidstats.com/fighters/trevor_peek.html,Trevor Peek,1995-01-09,,31,name+opponents(5)+age,13,2020-10-03,2024-09-07,0,2026-10-07
http://ufcstats.com/fighter-details/0bcfe2513cb3bc39,Tom DeBlass,ufcstats,gidstats,https://gidstats.com/fighters/tom_deblass.html,,https://gidstats.com/fighters/tom_deblass.html,Tom DeBlass,1982-05-14,,44,name+opponents(2)+age,11,2010-06-11,2013-11-15,5,2026-10-07
http://ufcstats.com/fighter-details/0be6776db31d98ec,Mitch Raposo,ufcstats+dwcs,gidstats,https://gidstats.com/fighters/raposo_mitch.html,,https://gidstats.com/fighters/raposo_mitch.html,Mitch Raposo,1998-10-16,,27,name+opponents(5)+age,15,2019-04-06,2026-06-20,0,2026-10-07
http://ufcstats.com/fighter-details/0c258d1d8e16e5f1,Kevin Natividad,ufcstats,gidstats,https://gidstats.com/fighters/kevin_natividad.html,,https://gidstats.com/fighters/kevin_natividad.html,Kevin Natividad,1993-04-02,,33,name+opponents(2)+age,14,2016-11-19,2025-10-25,0,2026-10-07
http://ufcstats.com/fighter-details/0c25d0a5e8cdbf19,Lukasz Brzeski,ufcstats,gidstats,https://gidstats.com/fighters/lucas_brzeski.html,,https://gidstats.com/fighters/lucas_brzeski.html,Lucas Brzeski,1992-05-17,,34,alias+opponents(7)+age,18,2013-04-18,2025-07-19,0,2026-10-07
http://ufcstats.com/fighter-details/0c5c66ddd1886b83,Caio Magalhaes,ufcstats,gidstats,https://gidstats.com/fighters/caio_magalhaes.html,,https://gidstats.com/fighters/caio_magalhaes.html,Caio Magalhaes,1987-12-14,,38,name+opponents(7)+age,17,2009-08-27,2019-03-29,1,2026-10-07
http://ufcstats.com/fighter-details/0c670b443c3d269f,Jim Wallhead,ufcstats,gidstats,https://gidstats.com/fighters/jimmy_wallhead.html,,https://gidstats.com/fighters/jimmy_wallhead.html,Jimmy Wallhead,1984-03-14,,42,alias+opponents(2)+age,44,2005-04-30,2023-04-29,1,2026-10-07
http://ufcstats.com/fighter-details/0c6d9ea8306c029e,Brad Tavares,ufcstats,gidstats,https://gidstats.com/fighters/brad_tavares.html,,https://gidstats.com/fighters/brad_tavares.html,Brad Tavares,1987-12-21,,38,name+opponents(27)+age,37,2007-06-29,2026-03-14,0,2026-10-07
http://ufcstats.com/fighter-details/0c9c0a43d3f3f49d,Marcelo Guimaraes,ufcstats,gidstats,https://gidstats.com/fighters/marcelo_guimaraes.html,,https://gidstats.com/fighters/marcelo_guimaraes.html,Marcelo Guimaraes,1983-06-25,,43,name+opponents(4)+age,12,2006-11-24,2016-03-05,0,2026-10-07
http://ufcstats.com/fighter-details/0ccab7c889ede9ea,Fredy Serrano,ufcstats,gidstats,https://gidstats.com/fighters/fredy_serrano.html,,https://gidstats.com/fighters/fredy_serrano.html,Fredy Serrano,1979-09-22,,47,name+opponents(4)+age,7,2013-02-23,2018-05-19,0,2026-10-07
http://ufcstats.com/fighter-details/0cd0456d6029cec2,Robert Valentin,ufcstats,gidstats,https://gidstats.com/fighters/robert_valentin.html,,https://gidstats.com/fighters/robert_valentin.html,Robert Valentin,1995-03-31,,31,name+opponents(5)+age,20,2016-11-26,2026-04-18,0,2026-10-07
http://ufcstats.com/fighter-details/0d0351c20169a499,Jon Delos Reyes,ufcstats,gidstats,https://gidstats.com/fighters/jon_delos_reyes.html,,https://gidstats.com/fighters/jon_delos_reyes.html,Jon Delos Reyes,1987-08-19,,39,name+opponents(4)+age,13,2008-02-16,2015-10-24,0,2026-10-07
http://ufcstats.com/fighter-details/0d1c163b206e8c5f,Rocky Lee,ufcstats,gidstats,https://gidstats.com/fighters/rocky_lee.html,,https://gidstats.com/fighters/rocky_lee.html,Rocky Lee,1987-04-08,,39,name+opponents(1)+age,10,2011-07-17,2019-09-01,0,2026-10-07
http://ufcstats.com/fighter-details/0d506315895efffc,Sean Pierson,ufcstats,gidstats,https://gidstats.com/fighters/sean_pierson.html,,https://gidstats.com/fighters/sean_pierson.html,Sean Pierson,1976-03-10,,50,name+opponents(6)+age,20,1999-10-09,2013-06-15,0,2026-10-07
http://ufcstats.com/fighter-details/0d5cc0170c1a7e71,Mick Parkin,ufcstats+dwcs,gidstats,https://gidstats.com/fighters/michael_parkin.html,,https://gidstats.com/fighters/michael_parkin.html,Michael Parkin,1995-10-02,,31,alias+opponents(6)+age,11,2019-07-06,2025-03-22,1,2026-10-07
http://ufcstats.com/fighter-details/0d62719b1dcf7c40,Sheymon Moraes,ufcstats,gidstats,https://gidstats.com/fighters/sheymon_moraes.html,,https://gidstats.com/fighters/sheymon_moraes.html,Sheymon Moraes,1990-10-11,,35,name+opponents(5)+age,24,2012-03-17,2025-10-24,1,2026-10-07
http://ufcstats.com/fighter-details/0d65c432720accb9,Michal Oleksiejczuk,ufcstats,gidstats,https://gidstats.com/fighters/michal_oleksiejczuk.html,,https://gidstats.com/fighters/michal_oleksiejczuk.html,Michal Oleksiejczuk,1995-02-22,,31,name+opponents(19)+age,32,2014-01-11,2026-02-07,0,2026-10-07
http://ufcstats.com/fighter-details/0d7b51c9d2649a6e,Dricus Du Plessis,ufcstats,gidstats,https://gidstats.com/fighters/dricus_du_plessis.html,,https://gidstats.com/fighters/dricus_du_plessis.html,Dricus Du Plessis,1994-01-14,,32,name+opponents(10)+age,26,2013-07-25,2025-08-16,0,2026-10-07
http://ufcstats.com/fighter-details/0d8011111be000b2,Sean Strickland,ufcstats,gidstats,https://gidstats.com/fighters/sean_strickland.html,,https://gidstats.com/fighters/sean_strickland.html,Sean Strickland,1991-02-27,,35,name+opponents(23)+age,37,2008-03-22,2026-02-21,1,2026-10-07
http://ufcstats.com/fighter-details/0d980975001ae3d8,Shamil Gamzatov,ufcstats,gidstats,https://gidstats.com/fighters/shamil_gamzatov.html,,https://gidstats.com/fighters/shamil_gamzatov.html,Shamil Gamzatov,1990-08-09,,36,name+opponents(2)+age,17,2012-01-30,2024-12-06,0,2026-10-07
http://ufcstats.com/fighter-details/0dba4df5f34d5ff0,Rafael Natal,ufcstats,gidstats,https://gidstats.com/fighters/rafael_natal.html,,https://gidstats.com/fighters/rafael_natal.html,Rafael Natal,1982-12-25,,43,name+opponents(17)+age,31,2005-05-06,2017-07-22,0,2026-10-07
http://ufcstats.com/fighter-details/0de720c0f1d4ab9c,Danny Chavez,ufcstats,gidstats,https://gidstats.com/fighters/danny_chavez.html,,https://gidstats.com/fighters/danny_chavez.html,Danny Chavez,1987-03-14,,39,name+opponents(4)+age,17,2010-02-04,2022-06-18,0,2026-10-07
http://ufcstats.com/fighter-details/0e21976afc92e4d1,Magnus Cedenblad,ufcstats,gidstats,https://gidstats.com/fighters/magnus_cedenblad.html,,https://gidstats.com/fighters/magnus_cedenblad.html,Magnus Cedenblad,1982-04-10,,44,name+opponents(6)+age,19,2007-04-19,2016-11-19,0,2026-10-07
http://ufcstats.com/fighter-details/0e46690e55a8df75,Timmy Cuamba,ufcstats+card,gidstats,https://gidstats.com/fighters/timothy_cuamba.html,,https://gidstats.com/fighters/timothy_cuamba.html,Timothy Cuamba,1999-02-08,,27,alias+opponents(6)+age,14,2020-12-17,2026-05-16,1,2026-10-07
http://ufcstats.com/fighter-details/0e5c4e72237461bb,Bruno Souza,ufcstats,gidstats,https://gidstats.com/fighters/bruno_souza.html,,https://gidstats.com/fighters/bruno_souza.html,Bruno Souza,1996-03-07,,30,name+opponents(2)+age,20,2016-07-01,2026-07-19,6,2026-10-07
http://ufcstats.com/fighter-details/0e6b611451a9a7d8,Mark Vologdin,ufcstats+dwcs,gidstats,https://gidstats.com/fighters/mark_vologdin.html,,https://gidstats.com/fighters/mark_vologdin.html,Mark Vologdin,2000-04-18,,26,name+opponents(2)+age,18,2018-12-01,2026-04-18,0,2026-10-07
http://ufcstats.com/fighter-details/0e6bc8d1d6c0ad90,Abdul Hussein,ufcstats,gidstats,https://gidstats.com/fighters/abdul_hussein.html,,https://gidstats.com/fighters/abdul_hussein.html,Abdul Hussein,1997-08-02,,29,name+age,17,2016-11-26,2025-12-26,2,2026-10-07
http://ufcstats.com/fighter-details/0ee783aa00e468f0,Vitor Belfort,ufcstats,gidstats,https://gidstats.com/fighters/vitor_belfort.html,,https://gidstats.com/fighters/vitor_belfort.html,Vitor Belfort,1977-04-01,,49,name+opponents(13)+age,41,1996-10-11,2018-05-12,8,2026-10-07
http://ufcstats.com/fighter-details/0f1efce7d2571d10,Nikolay Veretennikov,ufcstats+dwcs,gidstats,https://gidstats.com/fighters/nikolay_veretennikov.html,,https://gidstats.com/fighters/nikolay_veretennikov.html,Nikolay Veretennikov,1989-12-22,,36,name+opponents(6)+age,21,2012-10-20,2026-02-07,0,2026-10-07
http://ufcstats.com/fighter-details/0f3a990526c5e706,Sean Sharaf,ufcstats,gidstats,https://gidstats.com/fighters/sean_sharaf.html,,https://gidstats.com/fighters/sean_sharaf.html,Sean Sharaf,1993-07-11,,33,name+opponents(2)+age,6,2021-09-23,2025-12-13,0,2026-10-07
http://ufcstats.com/fighter-details/0fb1e2694a39a02f,Yuri Villefort,ufcstats,gidstats,https://gidstats.com/fighters/yuri_villefort.html,,https://gidstats.com/fighters/yuri_villefort.html,Yuri Villefort,1991-03-23,,35,name+opponents(2)+age,20,2009-04-24,2020-02-28,2,2026-10-07
http://ufcstats.com/fighter-details/0fd5f4b838e890cc,Said Nurmagomedov,ufcstats,gidstats,https://gidstats.com/fighters/said_nurmagomedov.html,,https://gidstats.com/fighters/said_nurmagomedov.html,Said Nurmagomedov,1992-04-05,,34,name+opponents(11)+age,23,2009-08-22,2025-07-26,0,2026-10-07
http://ufcstats.com/fighter-details/0ff11cc094e887bc,Cain Velasquez,ufcstats,gidstats,https://gidstats.com/fighters/cain_velasquez.html,,https://gidstats.com/fighters/cain_velasquez.html,Cain Velasquez,1982-07-28,,44,name+opponents(6)+age,17,2006-10-07,2019-02-17,0,2026-10-07
http://ufcstats.com/fighter-details/102a8fdf8cbf7467,Kleydson Rodrigues,ufcstats+dwcs,gidstats,https://gidstats.com/fighters/kleydson_rodrigues.html,,https://gidstats.com/fighters/kleydson_rodrigues.html,Kleydson Rodrigues,1995-10-22,,30,name+opponents(4)+age,12,2015-06-14,2024-05-18,0,2026-10-07
http://ufcstats.com/fighter-details/103b06d8707895a9,Emil Meek,ufcstats,gidstats,https://gidstats.com/fighters/emil_meek.html,,https://gidstats.com/fighters/emil_meek.html,Emil Meek,1988-08-20,,38,name+opponents(4)+age,17,2011-03-12,2022-09-10,0,2026-10-07
http://ufcstats.com/fighter-details/103e2e33a60683e1,Irina Alekseeva,ufcstats,gidstats,https://gidstats.com/fighters/irina_alekseeva.html,,https://gidstats.com/fighters/irina_alekseeva.html,Irina Alekseeva,1990-06-27,,36,name+opponents(3)+age,9,2019-03-09,2025-10-11,0,2026-10-07
http://ufcstats.com/fighter-details/10559c53de0b950e,Joey Gambino,ufcstats,gidstats,https://gidstats.com/fighters/joey_gambino.html,,https://gidstats.com/fighters/joey_gambino.html,Joey Gambino,1988-10-26,,37,name+opponents(2)+age,11,2009-11-14,2012-10-13,0,2026-10-07
http://ufcstats.com/fighter-details/10657c60ce349e0f,Shunichi Shimizu,ufcstats,gidstats,https://gidstats.com/fighters/shunichi_shimizu.html,,https://gidstats.com/fighters/shunichi_shimizu.html,Shunichi Shimizu,1985-01-31,,41,name+opponents(1)+age,75,2005-05-03,2023-06-17,7,2026-10-07
http://ufcstats.com/fighter-details/1091d4d957141094,Nikita Krylov,ufcstats+card,gidstats,https://gidstats.com/fighters/nikita_krylov.html,,https://gidstats.com/fighters/nikita_krylov.html,Nikita Krylov,1992-03-07,,34,name+opponents(22)+age,43,2012-07-27,2026-07-11,0,2026-10-07
http://ufcstats.com/fighter-details/10f3ba6cd2f44a97,Dominick Cruz,ufcstats,gidstats,https://gidstats.com/fighters/dominick_cruz.html,,https://gidstats.com/fighters/dominick_cruz.html,Dominick Cruz,1985-03-09,,41,name+opponents(9)+age,28,2005-01-29,2022-08-13,0,2026-10-07
http://ufcstats.com/fighter-details/113df4fde64735c6,Davey Grant,ufcstats+card,gidstats,https://gidstats.com/fighters/davey_grant.html,,https://gidstats.com/fighters/davey_grant.html,Davey Grant,1985-12-18,,40,name+opponents(16)+age,26,2009-07-18,2026-04-25,0,2026-10-07
http://ufcstats.com/fighter-details/11583163f45c7b31,Lucas Alexander,ufcstats,gidstats,https://gidstats.com/fighters/lucas_alexander.html,,https://gidstats.com/fighters/lucas_alexander.html,Lucas Alexander,1995-07-28,,31,name+opponents(4)+age,13,2016-07-24,2025-02-01,0,2026-10-07
http://ufcstats.com/fighter-details/117a06469813e4ef,ChangHo Lee,ufcstats,gidstats,https://gidstats.com/fighters/chang_ho_lee.html,,https://gidstats.com/fighters/chang_ho_lee.html,Chang Ho Lee,1994-05-09,,32,name+opponents(2)+age,13,2017-01-21,2025-11-01,0,2026-10-07
http://ufcstats.com/fighter-details/11f8860028b68fcf,Aaron Rosa,ufcstats,gidstats,https://gidstats.com/fighters/aaron_rosa.html,,https://gidstats.com/fighters/aaron_rosa.html,Aaron Rosa,1983-05-28,,43,name+opponents(3)+age,25,2005-11-05,2022-02-06,0,2026-10-07
http://ufcstats.com/fighter-details/122ac9b816d8b71c,Shana Dobson,ufcstats,gidstats,https://gidstats.com/fighters/shana_dobson.html,,https://gidstats.com/fighters/shana_dobson.html,Shana Dobson,1989-03-30,,37,name+opponents(6)+age,10,2016-04-30,2021-02-20,0,2026-10-07
http://ufcstats.com/fighter-details/1235b31de15d0c6e,Montserrat Conejo Ruiz,ufcstats,gidstats,https://gidstats.com/fighters/ruiz_montserrat.html,,https://gidstats.com/fighters/ruiz_montserrat.html,Montserrat Ruiz,1993-02-03,,33,alias+opponents(5)+age,15,2014-03-30,2025-11-01,0,2026-10-07
http://ufcstats.com/fighter-details/12585614e0ed2626,Nick Maximov,ufcstats+dwcs,gidstats,https://gidstats.com/fighters/nick_maximov.html,,https://gidstats.com/fighters/nick_maximov.html,Nick Maximov,1997-12-23,,28,name+opponents(5)+age,17,2018-10-06,2026-03-27,10,2026-10-07
http://ufcstats.com/fighter-details/1291edf2d566a71a,Julio Arce,ufcstats+dwcs,gidstats,https://gidstats.com/fighters/julio_arce.html,,https://gidstats.com/fighters/julio_arce.html,Julio Arce,1989-10-27,,36,name+opponents(11)+age,28,2012-07-13,2026-03-28,0,2026-10-07
http://ufcstats.com/fighter-details/129537073431e52e,Garett Whiteley,ufcstats,gidstats,https://gidstats.com/fighters/garett_whiteley.html,,https://gidstats.com/fighters/garett_whiteley.html,Garett Whiteley,1980-12-13,,45,name+opponents(3)+age,10,2010-06-12,2014-12-13,0,2026-10-07
http://ufcstats.com/fighter-details/12e0fdc606f7e274,Luis Saldana,ufcstats+dwcs,gidstats,https://gidstats.com/fighters/luis_saldana.html,,https://gidstats.com/fighters/luis_saldana.html,Luis Saldana,1991-01-27,,35,name+opponents(5)+age,24,2011-03-04,2022-08-20,0,2026-10-07
http://ufcstats.com/fighter-details/12ebd7d157e91701,Bruno Silva,ufcstats,gidstats,https://gidstats.com/fighters/bruno_silva_2.html,,https://gidstats.com/fighters/bruno_silva_2.html,Bruno Silva,1989-07-13,,37,name+opponents(11)+age,37,2010-06-05,2025-05-10,0,2026-10-07
http://ufcstats.com/fighter-details/12f1b140e248bdb9,Jerrod Sanders,ufcstats,gidstats,https://gidstats.com/fighters/jerrod_sanders.html,,https://gidstats.com/fighters/jerrod_sanders.html,Jerrod Sanders,1979-10-01,,46,name+opponents(4)+age,21,2010-03-20,2018-04-27,0,2026-10-07
http://ufcstats.com/fighter-details/12f91bfa8f1f723b,Joanne Wood,ufcstats,gidstats,https://gidstats.com/fighters/joanne_calderwood.html,,https://gidstats.com/fighters/joanne_calderwood.html,Joanne Wood,1985-12-23,,40,name+opponents(15)+age,27,2012-02-25,2024-03-09,0,2026-10-07
http://ufcstats.com/fighter-details/130b65b53f30f33c,Ilimbek Akylbek,ufcstats,gidstats,https://gidstats.com/fighters/ilimbek_akylbek_uulu.html,,https://gidstats.com/fighters/ilimbek_akylbek_uulu.html,Ilimbek Akylbek Uulu,2003-09-01,,23,alias+opponents(1)+age,13,2021-04-12,2025-12-06,0,2026-10-07
http://ufcstats.com/fighter-details/132505067f08c54d,Bubba Bush,ufcstats,gidstats,https://gidstats.com/fighters/bubba_bush.html,,https://gidstats.com/fighters/bubba_bush.html,Bubba Bush,1985-07-24,,41,name+opponents(2)+age,12,2007-04-27,2015-10-24,0,2026-10-07
http://ufcstats.com/fighter-details/132deb59abae64b1,Valentina Shevchenko,ufcstats,gidstats,https://gidstats.com/fighters/valentina_shevchenko.html,,https://gidstats.com/fighters/valentina_shevchenko.html,Valentina Shevchenko,1988-03-07,,38,name+opponents(16)+age,31,2003-04-21,2025-11-15,38,2026-10-07
http://ufcstats.com/fighter-details/132f860d02953f4c,Goran Reljic,ufcstats,gidstats,https://gidstats.com/fighters/goran_reljic.html,,https://gidstats.com/fighters/goran_reljic.html,Goran Reljic,1984-03-20,,42,name+opponents(3)+age,32,2004-04-04,2023-04-08,5,2026-10-07
http://ufcstats.com/fighter-details/1338e2c7480bdf9e,Israel Adesanya,ufcstats,gidstats,https://gidstats.com/fighters/israel_adesanya.html,,https://gidstats.com/fighters/israel_adesanya.html,Israel Adesanya,1989-07-22,,37,name+opponents(16)+age,30,2012-03-24,2026-03-28,50,2026-10-07
http://ufcstats.com/fighter-details/135d124172a0bea3,Damir Ismagulov,ufcstats,gidstats,https://gidstats.com/fighters/damir_ismagulov.html,,https://gidstats.com/fighters/damir_ismagulov.html,Damir Ismagulov,1991-02-03,,35,name+opponents(7)+age,28,2014-10-18,2024-07-13,3,2026-10-07
http://ufcstats.com/fighter-details/13a0275fa13c4d26,Jared Cannonier,ufcstats+card,gidstats,https://gidstats.com/fighters/jared_cannonier.html,,https://gidstats.com/fighters/jared_cannonier.html,Jared Cannonier,1984-03-16,,42,name+opponents(22)+age,28,2011-06-19,2026-07-18,0,2026-10-07
http://ufcstats.com/fighter-details/140567899d98978a,Robelis Despaigne,ufcstats,gidstats,https://gidstats.com/fighters/robelis_despaigne.html,,https://gidstats.com/fighters/robelis_despaigne.html,Robelis Despaigne,1988-08-09,,38,name+opponents(3)+age,7,2022-06-03,2024-10-19,3,2026-10-07
http://ufcstats.com/fighter-details/140745cbbcb023ac,Mauricio Rua,ufcstats,gidstats,https://gidstats.com/fighters/mauricio_rua.html,,https://gidstats.com/fighters/mauricio_rua.html,Mauricio Rua,1981-11-25,,44,name+opponents(15)+age,42,2002-11-08,2023-01-21,0,2026-10-07
http://ufcstats.com/fighter-details/147e70aa6cc48cfc,Tresean Gore,ufcstats,gidstats,https://gidstats.com/fighters/gore_tresean.html,,https://gidstats.com/fighters/gore_tresean.html,Tresean Gore,1994-06-21,,32,name+opponents(8)+age,13,2018-03-30,2026-08-15,0,2026-10-07
http://ufcstats.com/fighter-details/148bb103cfbf123e,Toshiomi Kazama,ufcstats,gidstats,https://gidstats.com/fighters/toshiomi_kazama.html,,https://gidstats.com/fighters/toshiomi_kazama.html,Toshiomi Kazama,1997-05-15,,29,name+opponents(4)+age,16,2020-07-24,2025-08-09,0,2026-10-07
http://ufcstats.com/fighter-details/1497e735d9f2560a,Ange Loosa,ufcstats+dwcs,gidstats,https://gidstats.com/fighters/ange_loosa.html,,https://gidstats.com/fighters/ange_loosa.html,Ange Loosa,1993-03-18,,32,name+opponents(7)+age,16,2013-04-13,2025-06-14,0,2026-10-07
http://ufcstats.com/fighter-details/14aa21bc82cac57d,Iliarde Santos,ufcstats,gidstats,https://gidstats.com/fighters/iliarde_santos.html,,https://gidstats.com/fighters/iliarde_santos.html,Iliarde Santos,1980-09-25,,46,name+opponents(3)+age,52,2006-06-29,2019-03-16,0,2026-10-07
http://ufcstats.com/fighter-details/14ff46596ad80609,Norman Parke,ufcstats,gidstats,https://gidstats.com/fighters/norman_parke.html,,https://gidstats.com/fighters/norman_parke.html,Norman Parke,1986-12-22,,,name+opponents(9),43,2006-03-12,2024-02-10,8,2026-10-07
http://ufcstats.com/fighter-details/150ff4cc642270b9,Max Holloway,ufcstats,gidstats,https://gidstats.com/fighters/max_holloway.html,,https://gidstats.com/fighters/max_holloway.html,Max Holloway,1991-12-04,,34,name+opponents(26)+age,36,2010-09-11,2026-03-07,0,2026-10-07
http://ufcstats.com/fighter-details/1536a25e16fc299b,Anna Elmose,ufcstats,gidstats,https://gidstats.com/fighters/anna_elmose.html,,https://gidstats.com/fighters/anna_elmose.html,Anna Elmose,1984-10-06,,42,name+opponents(2)+age,5,2014-11-15,2016-11-19,0,2026-10-07
http://ufcstats.com/fighter-details/1588b787bda7b540,Tom Breese,ufcstats,gidstats,https://gidstats.com/fighters/tom_breese.html,,https://gidstats.com/fighters/tom_breese.html,Tom Breese,1991-09-26,,35,name+opponents(8)+age,28,2010-09-25,2026-01-31,5,2026-10-07
http://ufcstats.com/fighter-details/159da492e000afbf,Leandro Silva,ufcstats,gidstats,https://gidstats.com/fighters/leandro_silva.html,,https://gidstats.com/fighters/leandro_silva.html,Leandro Silva,1985-11-11,,40,name+opponents(8)+age,44,2008-05-10,2024-11-09,10,2026-10-07
http://ufcstats.com/fighter-details/15b1b21cd743d652,Rafaello Oliveira,ufcstats,gidstats,https://gidstats.com/fighters/rafaello_oliveira.html,,https://gidstats.com/fighters/rafaello_oliveira.html,Rafaello Oliveira,1982-01-26,,44,name+opponents(7)+age,24,2004-12-09,2014-02-22,0,2026-10-07
http://ufcstats.com/fighter-details/15ea371202eb25e1,Roberto Romero,ufcstats,gidstats,https://gidstats.com/fighters/r_romero_hernandez.html,,https://gidstats.com/fighters/r_romero_hernandez.html,Roberto Romero,2000-01-30,,26,name+opponents(2)+age,14,2018-11-03,2025-04-26,0,2026-10-07
http://ufcstats.com/fighter-details/15ec018d144710db,Nathan Coy,ufcstats,gidstats,https://gidstats.com/fighters/nathan_coy.html,,https://gidstats.com/fighters/nathan_coy.html,Nathan Coy,1978-07-24,,48,name+opponents(3)+age,23,2007-12-22,2017-04-15,0,2026-10-07
http://ufcstats.com/fighter-details/1641ef250e9de19b,Sarah Frota,ufcstats,gidstats,https://gidstats.com/fighters/sarah_frota.html,,https://gidstats.com/fighters/sarah_frota.html,Sarah Frota,1987-04-14,,39,name+opponents(2)+age,14,2016-04-16,2021-11-21,0,2026-10-07
http://ufcstats.com/fighter-details/1652f3213655b935,Phil Baroni,ufcstats,gidstats,https://gidstats.com/fighters/phil_baroni.html,,https://gidstats.com/fighters/phil_baroni.html,Phil Baroni,1976-04-16,,50,name+opponents(1)+age,35,2000-08-05,2019-09-07,2,2026-10-07
http://ufcstats.com/fighter-details/165c244bcca3ed26,Seo Hee Ham,ufcstats,gidstats,https://gidstats.com/fighters/seohee_ham.html,,https://gidstats.com/fighters/seohee_ham.html,Seohee Ham,1987-03-08,,39,name+opponents(4)+age,34,2007-02-16,2023-03-24,6,2026-10-07
http://ufcstats.com/fighter-details/16690d100f995f8f,Omari Akhmedov,ufcstats,gidstats,https://gidstats.com/fighters/omari_akhmedov.html,,https://gidstats.com/fighters/omari_akhmedov.html,Omari Akhmedov,1987-10-12,,38,name+opponents(15)+age,33,2010-01-29,2022-11-25,1,2026-10-07
http://ufcstats.com/fighter-details/16a64f93f6678b7b,Martin Sano,ufcstats,gidstats,https://gidstats.com/fighters/martin_sano.html,,https://gidstats.com/fighters/martin_sano.html,Martin Sano,1991-05-30,,35,name+opponents(1)+age,8,2012-05-12,2021-09-25,0,2026-10-07
http://ufcstats.com/fighter-details/16af2d5a6f28bee2,Quinn Mulhern,ufcstats,gidstats,https://gidstats.com/fighters/quinn_mulhern.html,,https://gidstats.com/fighters/quinn_mulhern.html,Quinn Mulhern,1984-09-20,,42,name+opponents(2)+age,22,2007-06-09,2014-01-04,0,2026-10-07
http://ufcstats.com/fighter-details/16b89be2f5c16fba,Larissa Pacheco,ufcstats,gidstats,https://gidstats.com/fighters/larissa_pacheco.html,,https://gidstats.com/fighters/larissa_pacheco.html,Larissa Pacheco,1994-09-07,,32,name+opponents(2)+age,29,2012-04-13,2024-10-19,0,2026-10-07
http://ufcstats.com/fighter-details/16bf6a73bdd302cd,Collin Hart,ufcstats,gidstats,https://gidstats.com/fighters/collin_hart.html,,https://gidstats.com/fighters/collin_hart.html,Collin Hart,1989-10-12,,36,name+opponents(1)+age,14,2009-05-31,2019-06-01,0,2026-10-07
http://ufcstats.com/fighter-details/172c2135e70f87b7,Luke Barnatt,ufcstats,gidstats,https://gidstats.com/fighters/luke_barnatt.html,,https://gidstats.com/fighters/luke_barnatt.html,Luke Barnatt,1988-04-13,,38,name+opponents(6)+age,28,2011-09-24,2020-12-13,0,2026-10-07
http://ufcstats.com/fighter-details/173acb3f920082b8,Roland Delorme,ufcstats,gidstats,https://gidstats.com/fighters/roland_delorme.html,,https://gidstats.com/fighters/roland_delorme.html,Roland Delorme,1983-12-18,,42,name+opponents(6)+age,17,2008-09-11,2015-08-15,0,2026-10-07
http://ufcstats.com/fighter-details/175852708cb55776,Cristina Stanciu,ufcstats,gidstats,https://gidstats.com/fighters/cristina_stanciu.html,,https://gidstats.com/fighters/cristina_stanciu.html,Cristina Stanciu,1994-03-29,,32,name+opponents(2)+age,8,2014-10-06,2017-12-15,0,2026-10-07
http://ufcstats.com/fighter-details/17734443a833cdf7,Quillan Salkilld,ufcstats+dwcs,gidstats,https://gidstats.com/fighters/quillan_salkilld.html,,https://gidstats.com/fighters/quillan_salkilld.html,Quillan Salkilld,1999-12-28,,26,name+opponents(5)+age,12,2021-02-13,2026-01-31,0,2026-10-07
http://ufcstats.com/fighter-details/1788eee370f077b7,Blagoy Ivanov,ufcstats,gidstats,https://gidstats.com/fighters/blagoy_ivanov.html,,https://gidstats.com/fighters/blagoy_ivanov.html,Blagoy Ivanov,1986-10-09,,39,name+opponents(8)+age,27,2007-10-13,2024-04-04,0,2026-10-07
http://ufcstats.com/fighter-details/17923f676f100e16,Tallison Teixeira,ufcstats+dwcs+card,gidstats,https://gidstats.com/fighters/talisson_teixeira.html,,https://gidstats.com/fighters/talisson_teixeira.html,Talisson Teixeira,1999-12-07,,26,alias+opponents(6)+age,10,2021-10-30,2026-05-30,1,2026-10-07
http://ufcstats.com/fighter-details/179f1948dc234f1f,Mark Munoz,ufcstats,gidstats,https://gidstats.com/fighters/mark_munoz.html,,https://gidstats.com/fighters/mark_munoz.html,Mark Munoz,1978-02-09,,48,name+opponents(13)+age,20,2007-07-19,2015-05-16,1,2026-10-07
http://ufcstats.com/fighter-details/17cb6d8e8187f304,Nyamjargal Tumendemberel,ufcstats,gidstats,https://gidstats.com/fighters/n_tumendemberel.html,,https://gidstats.com/fighters/n_tumendemberel.html,Nyamjargal Tumendemberel,1998-03-22,,28,name+opponents(2)+age,11,2020-10-27,2026-03-07,0,2026-10-07
http://ufcstats.com/fighter-details/17e97649403ba428,Joshua Van,ufcstats,gidstats,https://gidstats.com/fighters/joshua_thawng.html,,https://gidstats.com/fighters/joshua_thawng.html,Joshua Van,2001-10-10,,24,name+opponents(11)+age,19,2021-10-17,2026-05-09,0,2026-10-07
http://ufcstats.com/fighter-details/182a73d5b4e57871,Jovan Leka,ufcstats+dwcs,gidstats,https://gidstats.com/fighters/jovan_leka.html,,https://gidstats.com/fighters/jovan_leka.html,Jovan Leka,2002-03-15,,24,name+opponents(1)+age,15,2022-02-19,2026-04-11,0,2026-10-07
http://ufcstats.com/fighter-details/182f2b78582de3d8,Marcus LeVesseur,ufcstats,gidstats,https://gidstats.com/fighters/marcus_levesseur.html,,https://gidstats.com/fighters/marcus_levesseur.html,Marcus LeVesseur,1982-07-17,,44,name+opponents(3)+age,29,2003-05-10,2012-12-08,0,2026-10-07
http://ufcstats.com/fighter-details/185fb0200a4605e6,Steve Kennedy,ufcstats,gidstats,https://gidstats.com/fighters/steven_kennedy.html,,https://gidstats.com/fighters/steven_kennedy.html,Steven Kennedy,1983-03-07,,43,alias+opponents(2)+age,38,2008-03-28,2020-01-11,2,2026-10-07
http://ufcstats.com/fighter-details/18968f97ad34f15c,Jeremy Stephens,ufcstats,gidstats,https://gidstats.com/fighters/jeremy_stephens.html,,https://gidstats.com/fighters/jeremy_stephens.html,Jeremy Stephens,1986-05-25,,40,name+opponents(26)+age,52,2005-01-12,2025-05-03,7,2026-10-07
http://ufcstats.com/fighter-details/1897b7b913736a7c,Alatengheili,ufcstats,gidstats,https://gidstats.com/fighters/heili_alateng.html,,https://gidstats.com/fighters/heili_alateng.html,Heili Alateng,1991-12-14,,34,name+opponents(9)+age,29,2013-10-20,2025-04-26,0,2026-10-07
http://ufcstats.com/fighter-details/18b602842a24f7c5,Mike Rodriguez,ufcstats+dwcs,gidstats,https://gidstats.com/fighters/mike_rodriguez.html,,https://gidstats.com/fighters/mike_rodriguez.html,Mike Rodriguez,1988-11-28,,37,name+opponents(9)+age,20,2014-04-05,2022-06-17,0,2026-10-07
http://ufcstats.com/fighter-details/18d01f7f8338ae72,Vinicius Oliveira,ufcstats+dwcs,gidstats,https://gidstats.com/fighters/vinicius_de_oliveira.html,,https://gidstats.com/fighters/vinicius_de_oliveira.html,Vinicius de Oliveira,1995-11-30,,30,alias+opponents(7)+age,28,2015-12-19,2026-06-20,0,2026-10-07
http://ufcstats.com/fighter-details/18e8b7070228e728,Darrell Horcher,ufcstats,gidstats,https://gidstats.com/fighters/darrell_horcher.html,,https://gidstats.com/fighters/darrell_horcher.html,Darrell Horcher,1987-07-28,,39,name+opponents(4)+age,20,2010-09-10,2022-05-20,0,2026-10-07
http://ufcstats.com/fighter-details/192520689012c7e4,Suman Mokhtarian,ufcstats,gidstats,https://gidstats.com/fighters/suman_mokhtarian.html,,https://gidstats.com/fighters/suman_mokhtarian.html,Suman Mokhtarian,1992-06-13,,34,name+opponents(2)+age,11,2012-06-22,2019-12-21,0,2026-10-07
http://ufcstats.com/fighter-details/193b9d1858bc4df3,Dan Hooker,ufcstats+card,gidstats,https://gidstats.com/fighters/dan_hooker.html,,https://gidstats.com/fighters/dan_hooker.html,Dan Hooker,1990-02-13,,36,name+opponents(26)+age,39,2009-03-07,2026-09-05,0,2026-10-07
http://ufcstats.com/fighter-details/196ed28337adc630,Pat Audinwood,ufcstats,gidstats,https://gidstats.com/fighters/pat_audinwood.html,,https://gidstats.com/fighters/pat_audinwood.html,Pat Audinwood,1986-04-16,,40,name+opponents(2)+age,14,2007-10-26,2012-02-24,0,2026-10-07
http://ufcstats.com/fighter-details/1971869b7e054261,Mike de la Torre,ufcstats,gidstats,https://gidstats.com/fighters/mike_de_la_torre.html,,https://gidstats.com/fighters/mike_de_la_torre.html,Mike De La Torre,1986-09-22,,40,name+opponents(5)+age,24,2006-08-19,2018-05-18,0,2026-10-07
http://ufcstats.com/fighter-details/198994b47f395af0,Carlo Pedersoli Jr.,ufcstats,gidstats,https://gidstats.com/fighters/carlo_pedersoli.html,,https://gidstats.com/fighters/carlo_pedersoli.html,Carlo Pedersoli,1993-06-08,,33,name+opponents(3)+age,19,2014-05-30,2023-05-06,0,2026-10-07
http://ufcstats.com/fighter-details/1999ffb5cebc314f,Brian Camozzi,ufcstats,gidstats,https://gidstats.com/fighters/brian_camozzi.html,,https://gidstats.com/fighters/brian_camozzi.html,Brian Camozzi,1991-06-24,,35,name+opponents(3)+age,12,2013-01-26,2018-02-18,0,2026-10-07
http://ufcstats.com/fighter-details/199eb7cf6ae90294,Naoki Inoue,ufcstats,gidstats,https://gidstats.com/fighters/naoki_inoue.html,,https://gidstats.com/fighters/naoki_inoue.html,Naoki Inoue,1997-06-14,,21,"name+opponents(2) AGE_CONFLICT(gid 21, dob 1997-06-14)",24,2015-03-07,2025-07-27,0,2026-10-07
http://ufcstats.com/fighter-details/19a8cce18a1cef9e,James Head,ufcstats,gidstats,https://gidstats.com/fighters/james_head.html,,https://gidstats.com/fighters/james_head.html,James Head,1984-02-09,,42,name+opponents(5)+age,13,2006-12-02,2013-08-28,0,2026-10-07
http://ufcstats.com/fighter-details/19b7738321cfae42,Mallory Martin,ufcstats+dwcs,gidstats,https://gidstats.com/fighters/mallory_martin.html,,https://gidstats.com/fighters/mallory_martin.html,Mallory Martin,1994-01-29,,32,name+opponents(5)+age,17,2016-12-15,2025-04-26,0,2026-10-07
http://ufcstats.com/fighter-details/19c591115a58982c,Viacheslav Borshchev,ufcstats+dwcs,gidstats,https://gidstats.com/fighters/slava_borshchev.html,,https://gidstats.com/fighters/slava_borshchev.html,Slava Borshchev,1992-01-08,,34,alias+opponents(11)+age,16,2019-06-01,2025-11-15,1,2026-10-07
http://ufcstats.com/fighter-details/19db7ac26308178f,Ivan Jorge,ufcstats,gidstats,https://gidstats.com/fighters/ivan_jorge.html,,https://gidstats.com/fighters/ivan_jorge.html,Ivan Jorge,1980-11-07,,45,name+opponents(4)+age,36,2001-06-30,2017-08-12,0,2026-10-07
http://ufcstats.com/fighter-details/19f8a2f6eecd92ac,Puja Tomar,ufcstats,gidstats,https://gidstats.com/fighters/puja_tomar.html,,https://gidstats.com/fighters/puja_tomar.html,Puja Tomar,1993-12-05,,32,name+opponents(1)+age,15,2013-10-15,2026-05-29,1,2026-10-07
http://ufcstats.com/fighter-details/1a08b01fdabb6ae2,Tony Kelley,ufcstats,gidstats,https://gidstats.com/fighters/tony_kelley.html,,https://gidstats.com/fighters/tony_kelley.html,Tony Kelley,1987-01-21,,39,name+opponents(4)+age,11,2012-09-15,2022-06-18,0,2026-10-07
http://ufcstats.com/fighter-details/1a2bf44edb8055b6,Serhiy Sidey,ufcstats+dwcs,gidstats,https://gidstats.com/fighters/serhiy_sidey.html,,https://gidstats.com/fighters/serhiy_sidey.html,Serhiy Sidey,1996-07-04,,30,name+opponents(3)+age,14,2018-06-23,2025-05-03,0,2026-10-07
http://ufcstats.com/fighter-details/1a31ef98efce7a79,Matheus Nicolau,ufcstats,gidstats,https://gidstats.com/fighters/matheus_nicolau.html,,https://gidstats.com/fighters/matheus_nicolau.html,Matheus Nicolau,1993-01-06,,33,name+opponents(10)+age,28,2010-08-07,2024-10-19,0,2026-10-07
http://ufcstats.com/fighter-details/1a54231796e24a3f,Liudvik Sholinian,ufcstats,gidstats,https://gidstats.com/fighters/sholinian_liudvik.html,,https://gidstats.com/fighters/sholinian_liudvik.html,Liudvik Sholinian,1990-01-20,,36,name+opponents(2)+age,15,2015-10-24,2022-11-05,0,2026-10-07
http://ufcstats.com/fighter-details/1a7745388839e52b,John Maguire,ufcstats,gidstats,https://gidstats.com/fighters/john_maguire.html,,https://gidstats.com/fighters/john_maguire.html,John Maguire,1983-05-19,,43,name+opponents(5)+age,39,2006-04-01,2019-07-13,1,2026-10-07
http://ufcstats.com/fighter-details/1a9480fc288e55d7,Don'Tale Mayes,ufcstats+dwcs,gidstats,https://gidstats.com/fighters/dontale_mayes.html,,https://gidstats.com/fighters/dontale_mayes.html,Don'Tale Mayes,1992-01-16,,34,name+opponents(14)+age,21,2016-02-06,2025-05-03,0,2026-10-07
http://ufcstats.com/fighter-details/1a97a3ef4c758fae,Gokhan Saricam,ufcstats,gidstats,https://gidstats.com/fighters/sarikam_gokhan.html,,https://gidstats.com/fighters/sarikam_gokhan.html,Gokhan Saricam,1991-02-28,,35,name+age,13,2014-05-10,2025-11-15,0,2026-10-07
http://ufcstats.com/fighter-details/1a98c9dbb7fc3959,Jocelyn Jones-Lybarger,ufcstats,gidstats,https://gidstats.com/fighters/jocelyn_jones-lybarger.html,,https://gidstats.com/fighters/jocelyn_jones-lybarger.html,Jocelyn Jones-Lybarger,1985-10-04,,41,name+opponents(3)+age,10,2012-07-28,2017-01-15,2,2026-10-07
http://ufcstats.com/fighter-details/1abfb658cd4f8533,Nandor Guelmino,ufcstats,gidstats,https://gidstats.com/fighters/nandor_guelmino.html,,https://gidstats.com/fighters/nandor_guelmino.html,Nandor Guelmino,1975-12-20,,50,name+opponents(1)+age,18,2007-04-28,2018-01-20,0,2026-10-07
http://ufcstats.com/fighter-details/1ad381c8994c4e5b,Ben Wall,ufcstats,gidstats,https://gidstats.com/fighters/ben_wall.html,,https://gidstats.com/fighters/ben_wall.html,Ben Wall,1989-03-25,,37,name+opponents(2)+age,20,2010-10-01,2020-03-07,0,2026-10-07
http://ufcstats.com/fighter-details/1ae8f3c723aacff4,Ricardo Ramos,ufcstats,gidstats,https://gidstats.com/fighters/ricardo_ramos.html,,https://gidstats.com/fighters/ricardo_ramos.html,Ricardo Ramos,1995-08-01,,31,name+opponents(15)+age,25,2012-05-19,2025-10-11,2,2026-10-07
http://ufcstats.com/fighter-details/1af1170ed937cba7,Kayla Harrison,ufcstats+card,gidstats,https://gidstats.com/fighters/kayla_harrison.html,,https://gidstats.com/fighters/kayla_harrison.html,Kayla Harrison,1990-07-02,,36,name+opponents(4)+age,20,2018-06-21,2025-06-07,10,2026-10-07
http://ufcstats.com/fighter-details/1b35af4d1529adf6,Stephanie Luciano,ufcstats+dwcs,gidstats,https://gidstats.com/fighters/stephanie_luciano.html,,https://gidstats.com/fighters/stephanie_luciano.html,Stephanie Luciano,1999-12-16,,26,name+opponents(3)+age,10,2019-06-15,2025-10-18,0,2026-10-07
http://ufcstats.com/fighter-details/1b38a2b897f6209c,Felipe Silva,ufcstats,gidstats,https://gidstats.com/fighters/felipe_silva.html,,https://gidstats.com/fighters/felipe_silva.html,Felipe Silva,1984-05-08,,42,name+opponents(3)+age,14,2013-03-09,2021-04-01,0,2026-10-07
http://ufcstats.com/fighter-details/1bcaac2d99b90fce,Sergio Moraes,ufcstats,gidstats,https://gidstats.com/fighters/sergio_moraes.html,,https://gidstats.com/fighters/sergio_moraes.html,Sergio Moraes,1982-07-23,,44,name+opponents(14)+age,25,2006-10-21,2020-10-23,10,2026-10-07
http://ufcstats.com/fighter-details/1c23ec2f1b71be40,Iwo Baraniewski,ufcstats+dwcs,gidstats,https://gidstats.com/fighters/iwo_baraniewski.html,,https://gidstats.com/fighters/iwo_baraniewski.html,Iwo Baraniewski,1998-11-20,,27,name+opponents(4)+age,9,2023-09-30,2026-06-06,0,2026-10-07
http://ufcstats.com/fighter-details/1c86754617d9813a,Roan Carneiro,ufcstats,gidstats,https://gidstats.com/fighters/roan_carneiro.html,,https://gidstats.com/fighters/roan_carneiro.html,Roan Carneiro,1978-06-02,,48,name+opponents(4)+age,35,2000-07-24,2019-11-30,2,2026-10-07
http://ufcstats.com/fighter-details/1ccf4e7caff270df,Dan Henderson,ufcstats,gidstats,https://gidstats.com/fighters/dan_henderson.html,,https://gidstats.com/fighters/dan_henderson.html,Dan Henderson,1970-08-24,,56,name+opponents(9)+age,47,1997-06-15,2016-10-08,11,2026-10-07
http://ufcstats.com/fighter-details/1cecc8fe6748a532,Stephen Bass,ufcstats,gidstats,https://gidstats.com/fighters/stephen_bass.html,,https://gidstats.com/fighters/stephen_bass.html,Stephen Bass,1982-11-14,,43,name+opponents(1)+age,16,2007-01-27,2016-04-30,1,2026-10-07
http://ufcstats.com/fighter-details/1cf1310684a841f5,Mostapha Al-Turk,ufcstats,gidstats,https://gidstats.com/fighters/mostapha_al_turk.html,,https://gidstats.com/fighters/mostapha_al_turk.html,Mostapha Al Turk,1973-07-14,,53,name+opponents(1)+age,12,2002-03-03,2010-04-10,1,2026-10-07
http://ufcstats.com/fighter-details/1cf7ccf64a5bf24e,Oskar Piechota,ufcstats,gidstats,https://gidstats.com/fighters/oskar_piechota.html,,https://gidstats.com/fighters/oskar_piechota.html,Oskar Piechota,1990-01-24,,36,name+opponents(6)+age,16,2011-03-05,2020-06-20,2,2026-10-07
http://ufcstats.com/fighter-details/1d00756835ca67c9,Donald Cerrone,ufcstats,gidstats,https://gidstats.com/fighters/donald_cerrone.html,,https://gidstats.com/fighters/donald_cerrone.html,Donald Cerrone,1983-03-29,,43,name+opponents(35)+age,55,2006-02-11,2022-07-02,5,2026-10-07
http://ufcstats.com/fighter-details/1d1b85389a05df69,Chris Tickle,ufcstats,gidstats,https://gidstats.com/fighters/chris_tickle.html,,https://gidstats.com/fighters/chris_tickle.html,Chris Tickle,1982-02-01,,44,name+opponents(1)+age,20,2008-05-02,2016-06-04,0,2026-10-07
http://ufcstats.com/fighter-details/1d239d571e342453,Germaine de Randamie,ufcstats,gidstats,https://gidstats.com/fighters/germaine_de_randamie.html,,https://gidstats.com/fighters/germaine_de_randamie.html,Germaine de Randamie,1984-04-24,,42,name+opponents(9)+age,15,2008-12-19,2024-04-06,19,2026-10-07
http://ufcstats.com/fighter-details/1d2d98ddd05b38fb,Axel Sola,ufcstats,gidstats,https://gidstats.com/fighters/sola_axel.html,,https://gidstats.com/fighters/sola_axel.html,Axel Sola,1997-09-17,,29,name+opponents(4)+age,14,2021-03-25,2026-07-25,0,2026-10-07
http://ufcstats.com/fighter-details/1d36f1ac66cf689d,Josh Shockley,ufcstats,gidstats,https://gidstats.com/fighters/josh_shockley.html,,https://gidstats.com/fighters/josh_shockley.html,Josh Shockley,1989-11-15,,36,name+opponents(2)+age,16,2007-01-27,2015-02-22,0,2026-10-07
http://ufcstats.com/fighter-details/1d4bbaabd8b60173,Stanislav Nedkov,ufcstats,gidstats,https://gidstats.com/fighters/stanislav_nedkov.html,,https://gidstats.com/fighters/stanislav_nedkov.html,Stanislav Nedkov,1981-12-09,,44,name+opponents(4)+age,15,2006-04-08,2015-01-24,0,2026-10-07
http://ufcstats.com/fighter-details/1dafccb62a0f98ec,Robert Whiteford,ufcstats,gidstats,https://gidstats.com/fighters/rob_whiteford.html,,https://gidstats.com/fighters/rob_whiteford.html,Rob Whiteford,1983-04-12,,43,alias+opponents(5)+age,23,2009-05-23,2024-09-28,0,2026-10-07
http://ufcstats.com/fighter-details/1dd1a3aacde66f72,Sulangrangbo,ufcstats,gidstats,https://gidstats.com/fighters/sulangrangbo.html,,https://gidstats.com/fighters/sulangrangbo.html,Sulangrangbo,2005-07-17,,21,name+opponents(1)+age,13,2021-05-26,2025-08-22,0,2026-10-07
http://ufcstats.com/fighter-details/1ddb480b601cefb1,Chance Rencountre,ufcstats,gidstats,https://gidstats.com/fighters/chance_rencountre.html,,https://gidstats.com/fighters/chance_rencountre.html,Chance Rencountre,1986-12-31,,39,name+opponents(4)+age,21,2013-03-08,2022-02-19,0,2026-10-07
http://ufcstats.com/fighter-details/1de9ad94de18eeaf,Nicco Montano,ufcstats,gidstats,https://gidstats.com/fighters/nicco_montano.html,,https://gidstats.com/fighters/nicco_montano.html,Nicco Montano,1988-12-16,,37,name+opponents(2)+age,10,2015-11-20,2019-07-13,0,2026-10-07
http://ufcstats.com/fighter-details/1e1dbd1cc5a7469e,Jimi Manuwa,ufcstats,gidstats,https://gidstats.com/fighters/jimi_manuwa.html,,https://gidstats.com/fighters/jimi_manuwa.html,Jimi Manuwa,1980-02-18,,46,name+opponents(11)+age,23,2008-07-26,2019-06-01,0,2026-10-07
http://ufcstats.com/fighter-details/1e327b281ef6a745,Adlan Amagov,ufcstats,gidstats,https://gidstats.com/fighters/adlan_amagov.html,,https://gidstats.com/fighters/adlan_amagov.html,Adlan Amagov,1986-10-30,,40,name+opponents(2)+age,17,2007-11-23,2016-08-21,0,2026-10-07
http://ufcstats.com/fighter-details/1e35aa8955794580,Ulysses Gomez,ufcstats,gidstats,https://gidstats.com/fighters/ulysses_gomez.html,,https://gidstats.com/fighters/ulysses_gomez.html,Ulysses Gomez,1983-05-25,,43,name+opponents(2)+age,14,2008-03-20,2014-09-12,0,2026-10-07
http://ufcstats.com/fighter-details/1e4f273069fb9e85,Fares Ziam,ufcstats,gidstats,https://gidstats.com/fighters/fares_ziam.html,,https://gidstats.com/fighters/fares_ziam.html,Fares Ziam,1997-03-21,,29,name+opponents(12)+age,23,2014-11-22,2026-06-06,0,2026-10-07
http://ufcstats.com/fighter-details/1e719d4b676dc19a,Brunno Ferreira,ufcstats+dwcs,gidstats,https://gidstats.com/fighters/brunno_ferreira.html,,https://gidstats.com/fighters/brunno_ferreira.html,Brunno Ferreira,1992-11-04,,33,name+opponents(10)+age,18,2019-04-06,2026-03-07,0,2026-10-07
http://ufcstats.com/fighter-details/1e7483dbff40b84b,Vik Grujic,ufcstats,gidstats,https://gidstats.com/fighters/vik_grujic.html,,https://gidstats.com/fighters/vik_grujic.html,Vik Grujic,1977-02-06,,49,name+opponents(4)+age,14,2009-11-22,2017-01-28,0,2026-10-07
http://ufcstats.com/fighter-details/1eacf73d6a0055dc,Cheick Kongo,ufcstats,gidstats,https://gidstats.com/fighters/cheick_kongo.html,,https://gidstats.com/fighters/cheick_kongo.html,Cheick Kongo,1975-05-17,,51,name+opponents(7)+age,44,2001-06-10,2020-10-10,2,2026-10-07
http://ufcstats.com/fighter-details/1ebdcb7488d0ebee,Pearl Gonzalez,ufcstats,gidstats,https://gidstats.com/fighters/pearl_gonzalez.html,,https://gidstats.com/fighters/pearl_gonzalez.html,Pearl Gonzalez,1986-08-12,,40,name+opponents(2)+age,15,2012-02-10,2020-02-07,9,2026-10-07
http://ufcstats.com/fighter-details/1ebe20ebbfa15e29,Zhang Weili,ufcstats,gidstats,https://gidstats.com/fighters/weili_zhang.html,,https://gidstats.com/fighters/weili_zhang.html,Zhang Weili,1989-08-13,,37,name+opponents(10)+age,30,2013-11-09,2025-11-15,4,2026-10-07
http://ufcstats.com/fighter-details/1ed32eaaba9ffe10,Jumabieke Tuerxun,ufcstats,gidstats,https://gidstats.com/fighters/jumabieke_tuerxun.html,,https://gidstats.com/fighters/jumabieke_tuerxun.html,Jumabieke Tuerxun,1986-04-17,,40,name+opponents(3)+age,35,2009-02-08,2023-05-27,0,2026-10-07
http://ufcstats.com/fighter-details/1eff7bc0f815b270,Yorgan De Castro,ufcstats+dwcs,gidstats,https://gidstats.com/fighters/yorgan_de_castro.html,,https://gidstats.com/fighters/yorgan_de_castro.html,Yorgan De Castro,1986-12-19,,38,name+opponents(5)+age,18,2017-11-17,2024-11-09,2,2026-10-07
http://ufcstats.com/fighter-details/1effd880e1f1bb30,Garrett Armfield,ufcstats,gidstats,https://gidstats.com/fighters/garrett_armfield.html,,https://gidstats.com/fighters/garrett_armfield.html,Garrett Armfield,1996-10-09,,29,name+opponents(5)+age,15,2018-08-18,2024-11-02,0,2026-10-07
http://ufcstats.com/fighter-details/1f454354805b6f75,Anderson Silva,ufcstats,gidstats,https://gidstats.com/fighters/anderson_silva.html,,https://gidstats.com/fighters/anderson_silva.html,Anderson Silva,1975-04-14,,51,name+opponents(13)+age,46,1998-04-25,2020-10-31,7,2026-10-07
http://ufcstats.com/fighter-details/1f4b04a926ef1287,Johnny Case,ufcstats,gidstats,https://gidstats.com/fighters/johnny_case.html,,https://gidstats.com/fighters/johnny_case.html,Johnny Case,1989-06-28,,37,name+opponents(6)+age,40,2007-12-05,2025-05-31,5,2026-10-07
http://ufcstats.com/fighter-details/1f77fce698e80488,James Hammortree,ufcstats,gidstats,https://gidstats.com/fighters/james_hammortree.html,,https://gidstats.com/fighters/james_hammortree.html,James Hammortree,1983-11-29,,42,name+opponents(1)+age,12,2009-01-19,2012-04-28,0,2026-10-07
http://ufcstats.com/fighter-details/1f8cd7634e8286ff,Jose Montanha,ufcstats,gidstats,https://gidstats.com/fighters/jos_luiz.html,,https://gidstats.com/fighters/jos_luiz.html,José Montanha,1996-08-25,,30,name+opponents(1)+age,7,2016-07-10,2025-08-30,0,2026-10-07
http://ufcstats.com/fighter-details/1f9c371c93dfd3a9,Ryan McGillivray,ufcstats,gidstats,https://gidstats.com/fighters/ryan_mcgilivray.html,,https://gidstats.com/fighters/ryan_mcgilivray.html,Ryan McGilivray,1986-09-27,,40,alias+opponents(1)+age,21,2006-09-08,2012-05-04,0,2026-10-07
http://ufcstats.com/fighter-details/1fb80f46d3c105d9,Fabio Maldonado,ufcstats,gidstats,https://gidstats.com/fighters/fabio_maldonado.html,,https://gidstats.com/fighters/fabio_maldonado.html,Fabio Maldonado,1980-03-17,,46,name+opponents(11)+age,45,2000-09-22,2022-07-01,10,2026-10-07
http://ufcstats.com/fighter-details/1fc64507a0cb38cf,Rostem Akman,ufcstats,gidstats,https://gidstats.com/fighters/rostem_akman.html,,https://gidstats.com/fighters/rostem_akman.html,Rostem Akman,1991-12-19,,34,name+opponents(2)+age,11,2017-04-01,2023-02-05,0,2026-10-07
http://ufcstats.com/fighter-details/1fcfc3709fe58151,Peter Sobotta,ufcstats,gidstats,https://gidstats.com/fighters/peter_sobotta.html,,https://gidstats.com/fighters/peter_sobotta.html,Peter Sobotta,1987-01-11,,39,name+opponents(9)+age,25,2004-10-24,2020-07-25,0,2026-10-07
http://ufcstats.com/fighter-details/1ff9589f9065a9ed,Frank Mir,ufcstats,gidstats,https://gidstats.com/fighters/mir_frank.html,,https://gidstats.com/fighters/mir_frank.html,Frank Mir,1979-05-24,,47,name+opponents(10)+age,32,2001-07-14,2019-10-25,3,2026-10-07
http://ufcstats.com/fighter-details/20205040232ed0f3,Tyson Griffin,ufcstats,gidstats,https://gidstats.com/fighters/tyson_griffin.html,,https://gidstats.com/fighters/tyson_griffin.html,Tyson Griffin,1984-04-20,,42,name+opponents(5)+age,25,2004-11-18,2018-08-04,0,2026-10-07
http://ufcstats.com/fighter-details/202b0467521c9d6f,Viktor Pesta,ufcstats,gidstats,https://gidstats.com/fighters/viktor_pesta.html,,https://gidstats.com/fighters/viktor_pesta.html,Viktor Pesta,1990-07-15,,36,name+opponents(5)+age,28,2010-12-04,2023-12-16,0,2026-10-07
http://ufcstats.com/fighter-details/203c957eac95dd87,Hyun Gyu Lim,ufcstats,gidstats,https://gidstats.com/fighters/hyun_gyu_lim.html,,https://gidstats.com/fighters/hyun_gyu_lim.html,Hyun Gyu Lim,1985-01-16,,41,name+opponents(7)+age,22,2006-02-11,2018-11-18,0,2026-10-07
http://ufcstats.com/fighter-details/207773daeb4afa7b,Devonte Smith,ufcstats+dwcs,gidstats,https://gidstats.com/fighters/devonte_smith.html,,https://gidstats.com/fighters/devonte_smith.html,Devonte Smith,1993-07-30,,33,name+opponents(7)+age,15,2015-09-26,2022-03-05,0,2026-10-07
http://ufcstats.com/fighter-details/20999e27ddd94bda,Ryan Benoit,ufcstats,gidstats,https://gidstats.com/fighters/ryan_benoit.html,,https://gidstats.com/fighters/ryan_benoit.html,Ryan Benoit,1989-08-25,,37,name+opponents(8)+age,18,2009-05-09,2021-07-31,2,2026-10-07
http://ufcstats.com/fighter-details/20bccc9bb4ceb23e,Melquizael Costa,ufcstats,gidstats,https://gidstats.com/fighters/melquizael_costa.html,,https://gidstats.com/fighters/melquizael_costa.html,Melquizael Costa,1996-09-14,,30,name+opponents(10)+age,34,2014-03-08,2026-05-16,0,2026-10-07
http://ufcstats.com/fighter-details/20d37922ba85e6fc,Artur Minev,ufcstats,gidstats,https://gidstats.com/fighters/artur_minev.html,,https://gidstats.com/fighters/artur_minev.html,Artur Minev,2003-09-27,,22,name+age,4,2023-07-08,2024-11-03,0,2026-10-07
http://ufcstats.com/fighter-details/20e04625a5395a06,Lucas Armand,ufcstats,gidstats,https://gidstats.com/fighters/lucas_armand.html,,https://gidstats.com/fighters/lucas_armand.html,Lucas Armand,1995-10-26,,30,name+opponents(1)+age,6,2024-11-16,2026-03-07,0,2026-10-07
http://ufcstats.com/fighter-details/210935fd21670f6d,Rich Attonito,ufcstats,gidstats,https://gidstats.com/fighters/rich_attonito.html,,https://gidstats.com/fighters/rich_attonito.html,Rich Attonito,1977-06-16,,49,name+opponents(5)+age,17,2004-02-21,2011-12-10,0,2026-10-07
http://ufcstats.com/fighter-details/2153a7f8396a46cc,Luiz Dutra,ufcstats,gidstats,https://gidstats.com/fighters/luiz_dutra.html,,https://gidstats.com/fighters/luiz_dutra.html,Luiz Dutra,1982-05-06,,44,name+opponents(2)+age,22,2003-07-12,2017-10-21,0,2026-10-07
http://ufcstats.com/fighter-details/215a70f073a7b726,Jordan Espinosa,ufcstats+dwcs,gidstats,https://gidstats.com/fighters/jordan_espinosa.html,,https://gidstats.com/fighters/jordan_espinosa.html,Jordan Espinosa,1989-11-08,,36,name+opponents(8)+age,26,2012-03-24,2022-05-20,0,2026-10-07
http://ufcstats.com/fighter-details/219a254e15d60135,Tim Hague,ufcstats,gidstats,https://gidstats.com/fighters/tim_hague.html,,https://gidstats.com/fighters/tim_hague.html,Tim Hague,1983-05-09,,,name+opponents(3),34,2006-09-29,2016-07-15,0,2026-10-07
http://ufcstats.com/fighter-details/21b5c82c1b89dab1,Yusaku Kinoshita,ufcstats+dwcs,gidstats,https://gidstats.com/fighters/yusaku_kinoshita.html,,https://gidstats.com/fighters/yusaku_kinoshita.html,Yusaku Kinoshita,2000-08-21,,26,name+opponents(3)+age,9,2020-11-29,2023-08-26,0,2026-10-07
http://ufcstats.com/fighter-details/21b813b919776d90,Erik Silva,ufcstats+dwcs,gidstats,https://gidstats.com/fighters/erik_silva.html,,https://gidstats.com/fighters/erik_silva.html,Erik Silva,1987-03-16,,39,name+opponents(4)+age,13,2016-03-17,2026-02-28,0,2026-10-07
http://ufcstats.com/fighter-details/21b8a0f5c231096f,Mark Coleman,ufcstats,gidstats,https://gidstats.com/fighters/mark_coleman.html,,https://gidstats.com/fighters/mark_coleman.html,Mark Coleman,1964-12-20,,61,name+opponents(1)+age,26,1996-07-12,2010-02-06,5,2026-10-07
http://ufcstats.com/fighter-details/22061ff217907c78,Konstantin Erokhin,ufcstats,gidstats,https://gidstats.com/fighters/konstantin_erokhin.html,,https://gidstats.com/fighters/konstantin_erokhin.html,Konstantin Erokhin,1983-01-31,,43,name+opponents(2)+age,14,2012-04-06,2021-01-16,1,2026-10-07
http://ufcstats.com/fighter-details/2244d9a2b64b8c3b,Hannah Cifers,ufcstats,gidstats,https://gidstats.com/fighters/hannah_cifers.html,,https://gidstats.com/fighters/hannah_cifers.html,Hannah Cifers,1992-06-26,,34,name+opponents(7)+age,17,2013-10-18,2020-08-29,0,2026-10-07
http://ufcstats.com/fighter-details/225def29ecfe0fc1,Carlos Huachin,ufcstats,gidstats,https://gidstats.com/fighters/carlos_huachin.html,,https://gidstats.com/fighters/carlos_huachin.html,Carlos Huachin,1996-06-04,,30,name+opponents(2)+age,21,2013-04-17,2023-05-04,0,2026-10-07
http://ufcstats.com/fighter-details/2284092f8b63273b,Luke Zachrich,ufcstats,gidstats,https://gidstats.com/fighters/luke_zachrich.html,,https://gidstats.com/fighters/luke_zachrich.html,Luke Zachrich,1981-12-19,,45,name+opponents(3)+age,20,2006-04-15,2014-11-07,0,2026-10-07
http://ufcstats.com/fighter-details/2296125b6c362355,Wulijiburen,ufcstats,gidstats,https://gidstats.com/fighters/wuliji_buren.html,,https://gidstats.com/fighters/wuliji_buren.html,Wuliji Buren,1989-03-01,,36,name+opponents(3)+age,29,2014-03-29,2022-06-10,0,2026-10-07
http://ufcstats.com/fighter-details/22a92d7f62195791,Tony Ferguson,ufcstats,gidstats,https://gidstats.com/fighters/tony_ferguson.html,,https://gidstats.com/fighters/tony_ferguson.html,Tony Ferguson,1984-02-12,,42,name+opponents(23)+age,39,2008-04-12,2024-08-03,0,2026-10-07
http://ufcstats.com/fighter-details/22aa91e402d0fe1f,Ramsey Nijem,ufcstats,gidstats,https://gidstats.com/fighters/ramsey_nijem.html,,https://gidstats.com/fighters/ramsey_nijem.html,Ramsey Nijem,1988-04-01,,38,name+opponents(10)+age,24,2008-04-18,2021-07-30,0,2026-10-07
http://ufcstats.com/fighter-details/22e07d3da1aa3475,Andrey Pulyaev,ufcstats+dwcs,gidstats,https://gidstats.com/fighters/andrey_pulyaev.html,,https://gidstats.com/fighters/andrey_pulyaev.html,Andrey Pulyaev,1997-09-10,,29,name+opponents(5)+age,14,2022-02-12,2026-01-24,0,2026-10-07
http://ufcstats.com/fighter-details/22e3458965d5d08a,Michael Aljarouj,ufcstats,sherdog,https://www.sherdog.com/fighter/Michael-Aljarouj-250049,https://www.sherdog.com/fighter/Michael-Aljarouj-250049,,Michael Aljarouj,1997-08-21,1997-08-21,,name+dob,19,2017-04-08,2026-09-05,,2026-10-07
http://ufcstats.com/fighter-details/22e47b53e4ceb27c,David Loiseau,ufcstats,gidstats,https://gidstats.com/fighters/david_loiseau.html,,https://gidstats.com/fighters/david_loiseau.html,David Loiseau,1979-12-17,,46,name+opponents(1)+age,34,2000-06-02,2014-06-07,0,2026-10-07
http://ufcstats.com/fighter-details/22edaf53ad59a967,Daniel Roberts,ufcstats,gidstats,https://gidstats.com/fighters/daniel_roberts.html,,https://gidstats.com/fighters/daniel_roberts.html,Daniel Roberts,1980-08-05,,46,name+opponents(7)+age,22,2007-09-08,2015-04-26,1,2026-10-07
http://ufcstats.com/fighter-details/23024fdfc966410a,Gilbert Burns,ufcstats,gidstats,https://gidstats.com/fighters/gilbert_burns.html,,https://gidstats.com/fighters/gilbert_burns.html,Gilbert Burns,1986-07-20,,40,name+opponents(25)+age,31,2012-01-28,2025-05-17,22,2026-10-07
http://ufcstats.com/fighter-details/231926533134ec1f,Justin Buchholz,ufcstats,gidstats,https://gidstats.com/fighters/justin_buchholz.html,,https://gidstats.com/fighters/justin_buchholz.html,Justin Buchholz,1983-08-22,,43,name+opponents(1)+age,27,2005-02-16,2018-05-16,0,2026-10-07
http://ufcstats.com/fighter-details/231cae8b77fbbcc1,Khalid Murtazaliev,ufcstats,gidstats,https://gidstats.com/fighters/khalid_murtazaliev.html,,https://gidstats.com/fighters/khalid_murtazaliev.html,Khalid Murtazaliev,1993-07-15,,33,name+opponents(1)+age,20,2013-06-27,2023-03-10,0,2026-10-07
http://ufcstats.com/fighter-details/232c582f29f8f65e,Gegard Mousasi,ufcstats,gidstats,https://gidstats.com/fighters/gegard_mousasi.html,,https://gidstats.com/fighters/gegard_mousasi.html,Gegard Mousasi,1985-08-01,,41,name+opponents(11)+age,61,2003-04-27,2023-05-12,2,2026-10-07
http://ufcstats.com/fighter-details/23459ee7e373b98f,Jared Hamman,ufcstats,gidstats,https://gidstats.com/fighters/jared_hamman.html,,https://gidstats.com/fighters/jared_hamman.html,Jared Hamman,1982-03-07,,44,name+opponents(6)+age,20,2006-04-29,2014-10-11,0,2026-10-07
http://ufcstats.com/fighter-details/234f3767ff0e5701,Kendall Grove,ufcstats,gidstats,https://gidstats.com/fighters/kendall_grove.html,,https://gidstats.com/fighters/kendall_grove.html,Kendall Grove,1982-11-12,,43,name+opponents(4)+age,46,2003-07-27,2023-01-21,4,2026-10-07
http://ufcstats.com/fighter-details/236a37d96d476164,Mike Pierce,ufcstats,gidstats,https://gidstats.com/fighters/mike_pierce.html,,https://gidstats.com/fighters/mike_pierce.html,Mike Pierce,1980-09-01,,46,name+opponents(12)+age,24,2007-06-02,2015-12-11,0,2026-10-07
http://ufcstats.com/fighter-details/23725c826c481e7f,Paul Daley,ufcstats,gidstats,https://gidstats.com/fighters/paul_daley.html,,https://gidstats.com/fighters/paul_daley.html,Paul Daley,1983-02-21,,43,name+opponents(2)+age,64,2003-06-29,2022-05-13,7,2026-10-07
http://ufcstats.com/fighter-details/239d8e5359022f3b,Kevin Vallejos,ufcstats+dwcs+card,gidstats,https://gidstats.com/fighters/kevin_vallejos.html,,https://gidstats.com/fighters/kevin_vallejos.html,Kevin Vallejos,2001-12-08,,24,name+opponents(7)+age,19,2021-09-04,2026-03-14,0,2026-10-07
http://ufcstats.com/fighter-details/23a16ebe733e3041,Rory Markham,ufcstats,gidstats,https://gidstats.com/fighters/rory_markham.html,,https://gidstats.com/fighters/rory_markham.html,Rory Markham,1982-03-25,,44,name+opponents(1)+age,23,2003-10-12,2016-05-20,0,2026-10-07
http://ufcstats.com/fighter-details/23a6e307077c6ccc,Enrique Marin,ufcstats,gidstats,https://gidstats.com/fighters/enrique_marin.html,,https://gidstats.com/fighters/enrique_marin.html,Enrique Marin,1986-09-02,,40,name+opponents(2)+age,24,2007-11-02,2025-05-30,0,2026-10-07
http://ufcstats.com/fighter-details/23a81656507b56a3,Terrance Chatman,ufcstats,gidstats,https://gidstats.com/fighters/terrance_chatman.html,,https://gidstats.com/fighters/terrance_chatman.html,Terrance Chatman,1997-05-05,,29,name+age,0,,,0,2026-10-07
http://ufcstats.com/fighter-details/23dec7c47cb418f8,Zach Reese,ufcstats,gidstats,https://gidstats.com/fighters/zachary_reese.html,,https://gidstats.com/fighters/zachary_reese.html,Zachary Reese,1994-03-24,,32,alias+opponents(9)+age,14,2021-04-10,2026-02-21,0,2026-10-07
http://ufcstats.com/fighter-details/24174a3f44ce8e03,Chan-Mi Jeon,ufcstats,gidstats,https://gidstats.com/fighters/chanmi_jeon.html,,https://gidstats.com/fighters/chanmi_jeon.html,Chanmi Jeon,1997-08-28,,29,name+opponents(2)+age,8,2015-06-05,2019-03-30,1,2026-10-07
http://ufcstats.com/fighter-details/242d36d241b43c12,Kron Gracie,ufcstats,gidstats,https://gidstats.com/fighters/kron_gracie.html,,https://gidstats.com/fighters/kron_gracie.html,Kron Gracie,1988-07-11,,38,name+opponents(4)+age,8,2014-12-23,2024-12-07,10,2026-10-07
http://ufcstats.com/fighter-details/24656ef4d605c96f,Aiemann Zahabi,ufcstats,gidstats,https://gidstats.com/fighters/aiemann_zahabi.html,,https://gidstats.com/fighters/aiemann_zahabi.html,Aiemann Zahabi,1987-11-19,,38,name+opponents(11)+age,17,2012-11-30,2026-06-14,0,2026-10-07
http://ufcstats.com/fighter-details/24b033b3daf1c9df,Luiz Cane,ufcstats,gidstats,https://gidstats.com/fighters/luiz_cane.html,,https://gidstats.com/fighters/luiz_cane.html,Luiz Cane,1981-04-24,,45,name+opponents(4)+age,25,2005-11-05,2017-04-28,0,2026-10-07
http://ufcstats.com/fighter-details/2525a853486ee670,Sirwan Kakai,ufcstats,gidstats,https://gidstats.com/fighters/sirwan_kakai.html,,https://gidstats.com/fighters/sirwan_kakai.html,Sirwan Kakai,1989-10-03,,37,name+opponents(2)+age,18,2008-04-26,2016-09-16,0,2026-10-07
http://ufcstats.com/fighter-details/2526be54e6a0e62a,Denys Bondar,ufcstats,gidstats,https://gidstats.com/fighters/denys_bondar.html,,https://gidstats.com/fighters/denys_bondar.html,Denys Bondar,1992-06-27,,34,name+opponents(3)+age,22,2015-01-31,2024-02-24,0,2026-10-07
http://ufcstats.com/fighter-details/253076a23d03dcd0,Allan Nascimento,ufcstats,gidstats,https://gidstats.com/fighters/allan_nascimento.html,,https://gidstats.com/fighters/allan_nascimento.html,Allan Nascimento,1991-09-11,,35,name+opponents(6)+age,29,2011-11-29,2026-06-20,0,2026-10-07
http://ufcstats.com/fighter-details/2558ae2e5671e318,Khaos Williams,ufcstats,gidstats,https://gidstats.com/fighters/khaos_williams.html,,https://gidstats.com/fighters/khaos_williams.html,Khaos Williams,1994-03-30,,32,name+opponents(12)+age,21,2017-04-29,2026-05-16,0,2026-10-07
http://ufcstats.com/fighter-details/257b0c8d6f199895,Impa Kasanganay,ufcstats+dwcs,gidstats,https://gidstats.com/fighters/impa_kasanganay.html,,https://gidstats.com/fighters/impa_kasanganay.html,Impa Kasanganay,1994-01-17,,32,name+opponents(6)+age,26,2019-01-25,2026-03-28,0,2026-10-07
http://ufcstats.com/fighter-details/25af5e832f17b474,Jesus Pinedo,ufcstats,gidstats,https://gidstats.com/fighters/jesus_pinedo.html,,https://gidstats.com/fighters/jesus_pinedo.html,Jesus Pinedo,1996-06-22,,30,name+opponents(2)+age,35,2013-07-17,2026-02-07,0,2026-10-07
http://ufcstats.com/fighter-details/25f9a5f3e8a52618,Jhonata Diniz,ufcstats+dwcs+card,gidstats,https://gidstats.com/fighters/jhonata_diniz.html,,https://gidstats.com/fighters/jhonata_diniz.html,Jhonata Diniz,1991-06-23,,35,name+opponents(6)+age,11,2022-05-21,2025-10-11,18,2026-10-07
http://ufcstats.com/fighter-details/260bd4cef10b033f,Ihor Potieria,ufcstats+dwcs,gidstats,https://gidstats.com/fighters/igor_poterya.html,,https://gidstats.com/fighters/igor_poterya.html,Ihor Potieria,1996-05-29,,30,name+opponents(8)+age,29,2015-01-31,2025-01-11,0,2026-10-07
http://ufcstats.com/fighter-details/260e9e0d4954aea6,Rodolfo Vieira,ufcstats,gidstats,https://gidstats.com/fighters/rodolfo_vieira.html,,https://gidstats.com/fighters/rodolfo_vieira.html,Rodolfo Vieira,1989-09-25,,37,name+opponents(12)+age,16,2017-02-11,2026-04-25,25,2026-10-07
http://ufcstats.com/fighter-details/262a7d06203657e6,Alexander Hernandez,ufcstats,gidstats,https://gidstats.com/fighters/alexander_hernandez.html,,https://gidstats.com/fighters/alexander_hernandez.html,Alexander Hernandez,1992-10-01,,34,name+opponents(19)+age,27,2012-10-20,2026-04-25,0,2026-10-07
http://ufcstats.com/fighter-details/262d32ebda89efc4,Natalia Silva,ufcstats,gidstats,https://gidstats.com/fighters/natlia_silva.html,,https://gidstats.com/fighters/natlia_silva.html,Natália Silva,1997-02-03,,29,name+opponents(8)+age,26,2015-04-25,2026-01-24,0,2026-10-07
http://ufcstats.com/fighter-details/2650e2f846a30f64,Amir Sadollah,ufcstats,gidstats,https://gidstats.com/fighters/amir_sadollah.html,,https://gidstats.com/fighters/amir_sadollah.html,Amir Sadollah,1980-08-27,,46,name+opponents(8)+age,15,2008-01-27,2014-09-20,0,2026-10-07
http://ufcstats.com/fighter-details/2676b28836a5a836,Benson Henderson,ufcstats,gidstats,https://gidstats.com/fighters/benson_henderson.html,,https://gidstats.com/fighters/benson_henderson.html,Benson Henderson,1983-11-16,,,name+opponents(13),42,2006-11-18,2023-03-10,14,2026-10-07
http://ufcstats.com/fighter-details/267f4a6568abe245,Landon Quinones,ufcstats,gidstats,https://gidstats.com/fighters/landon_quinones.html,,https://gidstats.com/fighters/landon_quinones.html,Landon Quinones,1995-11-21,,30,name+opponents(2)+age,12,2017-11-19,2024-02-03,1,2026-10-07
http://ufcstats.com/fighter-details/26b63bc5c0c1f65d,Alex Chambers,ufcstats,gidstats,https://gidstats.com/fighters/alex_chambers.html,,https://gidstats.com/fighters/alex_chambers.html,Alex Chambers,1978-10-25,,47,name+opponents(5)+age,11,2010-05-29,2018-09-22,0,2026-10-07
http://ufcstats.com/fighter-details/26e3f3928b1891d9,Hannah Goldy,ufcstats+dwcs,gidstats,https://gidstats.com/fighters/hannah_goldy.html,,https://gidstats.com/fighters/hannah_goldy.html,Hannah Goldy,1992-05-18,,34,name+opponents(5)+age,10,2016-03-11,2023-09-23,0,2026-10-07
http://ufcstats.com/fighter-details/270b89c00ef0c55c,Gabriel Gonzaga,ufcstats,gidstats,https://gidstats.com/fighters/gabriel_gonzaga.html,,https://gidstats.com/fighters/gabriel_gonzaga.html,Gabriel Gonzaga,1979-05-18,,47,name+opponents(11)+age,29,2003-04-02,2018-05-05,15,2026-10-07
http://ufcstats.com/fighter-details/2721bb808bb2523c,Curt Warburton,ufcstats,gidstats,https://gidstats.com/fighters/curt_warburton.html,,https://gidstats.com/fighters/curt_warburton.html,Curt Warburton,,,,name+opponents(3),20,2007-05-19,2017-12-15,0,2026-10-07
http://ufcstats.com/fighter-details/2747c60e42d9d75f,David Teymur,ufcstats,gidstats,https://gidstats.com/fighters/david_teymur.html,,https://gidstats.com/fighters/david_teymur.html,David Teymur,1989-05-01,,37,name+opponents(6)+age,13,2013-10-19,2019-02-02,0,2026-10-07
http://ufcstats.com/fighter-details/27541033b97c076d,Kevin Ferguson,ufcstats,sherdog,https://www.sherdog.com/fighter/Kevin-Ferguson-22388,https://www.sherdog.com/fighter/Kevin-Ferguson-22388,,Kevin Ferguson,1974-02-08,1974-02-08,,name+dob,8,2007-11-10,2016-02-19,,2026-10-07
http://ufcstats.com/fighter-details/275aca31f61ba28c,Islam Makhachev,ufcstats,gidstats,https://gidstats.com/fighters/islam_makhachev.html,,https://gidstats.com/fighters/islam_makhachev.html,Islam Makhachev,1991-10-27,,34,name+opponents(17)+age,30,2010-08-01,2026-08-15,0,2026-10-07
http://ufcstats.com/fighter-details/276c60b14b571dd4,Takenori Sato,ufcstats,gidstats,https://gidstats.com/fighters/takenori_sato.html,,https://gidstats.com/fighters/takenori_sato.html,Takenori Sato,1985-06-08,,41,name+opponents(2)+age,41,2004-12-18,2023-07-08,0,2026-10-07
http://ufcstats.com/fighter-details/279566840aa55bf2,Alexander Volkov,ufcstats+card,gidstats,https://gidstats.com/fighters/alexander_volkov.html,,https://gidstats.com/fighters/alexander_volkov.html,Alexander Volkov,1988-10-24,,37,name+opponents(19)+age,51,2009-04-19,2026-05-09,1,2026-10-07
http://ufcstats.com/fighter-details/27b164b0d1833df0,Kalindra Faria,ufcstats,gidstats,https://gidstats.com/fighters/kalindra_faria.html,,https://gidstats.com/fighters/kalindra_faria.html,Kalindra Faria,1986-07-23,,40,name+opponents(3)+age,31,2009-03-08,2025-02-22,9,2026-10-07
http://ufcstats.com/fighter-details/27b388f0aab49780,Dione Barbosa,ufcstats+dwcs,gidstats,https://gidstats.com/fighters/dione_barbosa.html,,https://gidstats.com/fighters/dione_barbosa.html,Dione Barbosa,1992-05-08,,34,name+opponents(6)+age,13,2018-07-07,2026-04-04,0,2026-10-07
http://ufcstats.com/fighter-details/27d65e9d0fba61ea,Roger Hollett,ufcstats,gidstats,https://gidstats.com/fighters/roger_hollett.html,,https://gidstats.com/fighters/roger_hollett.html,Roger Hollett,1978-10-08,,47,name+opponents(2)+age,18,2006-04-29,2013-05-18,0,2026-10-07
http://ufcstats.com/fighter-details/2804ce8dadab5770,Marcelo Rojo,ufcstats,gidstats,https://gidstats.com/fighters/rojo_marcelo.html,,https://gidstats.com/fighters/rojo_marcelo.html,Marcelo Rojo,1988-07-02,,38,name+opponents(3)+age,30,2011-03-12,2023-07-16,0,2026-10-07
http://ufcstats.com/fighter-details/2816ced060a21be3,Nick Hein,ufcstats,gidstats,https://gidstats.com/fighters/nick_hein.html,,https://gidstats.com/fighters/nick_hein.html,Nick Hein,1984-04-24,,42,name+opponents(8)+age,21,2007-02-24,2019-06-01,0,2026-10-07
http://ufcstats.com/fighter-details/282fa667ff9c51ed,Cole Miller,ufcstats,gidstats,https://gidstats.com/fighters/cole_miller.html,,https://gidstats.com/fighters/cole_miller.html,Cole Miller,1984-04-26,,42,name+opponents(14)+age,35,2005-06-03,2016-12-17,0,2026-10-07
http://ufcstats.com/fighter-details/2844b047183a1adb,Luis Pena,ufcstats,gidstats,https://gidstats.com/fighters/luis_pena.html,,https://gidstats.com/fighters/luis_pena.html,Luis Pena,1993-07-05,,33,name+opponents(8)+age,21,2016-09-17,2024-11-09,7,2026-10-07
http://ufcstats.com/fighter-details/285ae0b4a68221f4,JunYong Park,ufcstats,gidstats,https://gidstats.com/fighters/jun_yong_park.html,,https://gidstats.com/fighters/jun_yong_park.html,Jun Yong Park,1991-02-27,,30,"name+opponents(13) AGE_CONFLICT(gid 30, dob 1991-02-27)",26,2013-12-08,2025-10-25,0,2026-10-07
http://ufcstats.com/fighter-details/28ba5f27e473420c,Alexandre Ferreira,ufcstats,gidstats,https://gidstats.com/fighters/alexandre_ferreira.html,,https://gidstats.com/fighters/alexandre_ferreira.html,Alexandre Ferreira,1979-04-25,,47,name+opponents(1)+age,24,1998-02-07,2010-11-13,25,2026-10-07
http://ufcstats.com/fighter-details/28c55b4087a6f136,Elvis Mutapcic,ufcstats,gidstats,https://gidstats.com/fighters/elvis_mutapcic.html,,https://gidstats.com/fighters/elvis_mutapcic.html,Elvis Mutapcic,1986-07-19,,40,name+opponents(3)+age,23,2007-09-29,2021-06-26,0,2026-10-07
http://ufcstats.com/fighter-details/28d421729451c8ca,Carlos Leal,ufcstats+card,gidstats,https://gidstats.com/fighters/carlos_leal.html,,https://gidstats.com/fighters/carlos_leal.html,Carlos Leal,1994-05-04,,32,name+opponents(5)+age,30,2012-10-06,2026-02-21,1,2026-10-07
http://ufcstats.com/fighter-details/28f3c2258a1d8874,John Hathaway,ufcstats,gidstats,https://gidstats.com/fighters/john_hathaway.html,,https://gidstats.com/fighters/john_hathaway.html,John Hathaway,1987-07-23,,39,name+opponents(6)+age,21,2006-06-25,2023-06-17,2,2026-10-07
http://ufcstats.com/fighter-details/28f62d866c59c709,Waylon Lowe,ufcstats,gidstats,https://gidstats.com/fighters/waylon_lowe.html,,https://gidstats.com/fighters/waylon_lowe.html,Waylon Lowe,1980-10-31,,45,name+opponents(4)+age,26,2006-05-20,2016-04-30,0,2026-10-07
http://ufcstats.com/fighter-details/29162be25ebef5f0,Luis Gurule,ufcstats+dwcs+card,gidstats,https://gidstats.com/fighters/luis_gurule.html,,https://gidstats.com/fighters/luis_gurule.html,Luis Gurule,1993-11-16,,32,name+opponents(7)+age,15,2022-06-03,2026-05-30,0,2026-10-07
http://ufcstats.com/fighter-details/2924886ee9c4c527,Thiago Silva,ufcstats,gidstats,https://gidstats.com/fighters/thiago_silva.html,,https://gidstats.com/fighters/thiago_silva.html,Thiago Silva,1982-11-12,,43,name+opponents(6)+age,33,2005-09-10,2022-05-20,2,2026-10-07
http://ufcstats.com/fighter-details/2937cb502dda0808,Anistavio Medeiros,ufcstats,gidstats,https://gidstats.com/fighters/anistavio_medeiros.html,,https://gidstats.com/fighters/anistavio_medeiros.html,Anistavio Medeiros,1988-05-01,,38,name+opponents(1)+age,31,2005-05-24,2014-08-15,0,2026-10-07
http://ufcstats.com/fighter-details/294aa73dbf37d281,Bruno Silva,ufcstats,gidstats,https://gidstats.com/fighters/bruno_silva.html,,https://gidstats.com/fighters/bruno_silva.html,Bruno Silva,1990-03-16,,36,name+opponents(12)+age,29,2011-02-06,2026-06-06,1,2026-10-07
http://ufcstats.com/fighter-details/296a120cb880477b,Kiru Sahota,ufcstats,gidstats,https://gidstats.com/fighters/kiru_singh_sahota.html,,https://gidstats.com/fighters/kiru_singh_sahota.html,Kiru Sahota,1995-05-28,,,name+opponents(1),18,2018-09-29,2026-03-14,0,2026-10-07
http://ufcstats.com/fighter-details/2975297f505e9447,Jonny Parsons,ufcstats+dwcs+card,gidstats,https://gidstats.com/fighters/jonny_parsons.html,,https://gidstats.com/fighters/jonny_parsons.html,Jonny Parsons,1991-09-06,,35,name+opponents(3)+age,12,2013-10-05,2023-07-22,0,2026-10-07
http://ufcstats.com/fighter-details/297a2b35444c245b,Mandy Bohm,ufcstats,gidstats,https://gidstats.com/fighters/mandy_bohm.html,,https://gidstats.com/fighters/mandy_bohm.html,Mandy Bohm,1989-07-30,,37,name+opponents(3)+age,11,2014-09-13,2023-05-13,0,2026-10-07
http://ufcstats.com/fighter-details/2997e7fe3c9d3d4a,Wang Cong,ufcstats,gidstats,https://gidstats.com/fighters/cong_wang.html,,https://gidstats.com/fighters/cong_wang.html,Cong Wang,1992-05-15,,34,name+opponents(7)+age,11,2022-07-09,2026-07-11,9,2026-10-07
http://ufcstats.com/fighter-details/29af297d9f1de0f8,Damon Jackson,ufcstats,gidstats,https://gidstats.com/fighters/damon_jackson.html,,https://gidstats.com/fighters/damon_jackson.html,Damon Jackson,1988-08-08,,38,name+opponents(14)+age,33,2012-09-22,2024-11-16,0,2026-10-07
http://ufcstats.com/fighter-details/2a4200ead401a9ce,Carls John De Tomas,ufcstats,gidstats,https://gidstats.com/fighters/carls_john_de_tomas.html,,https://gidstats.com/fighters/carls_john_de_tomas.html,Carls John De Tomas,1996-08-28,,30,name+opponents(2)+age,15,2012-09-28,2024-01-21,0,2026-10-07
http://ufcstats.com/fighter-details/2a8502954f49e682,Vinicius Queiroz,ufcstats,gidstats,https://gidstats.com/fighters/vinicius_queiroz.html,,https://gidstats.com/fighters/vinicius_queiroz.html,Vinicius Queiroz,1983-08-29,,43,name+opponents(1)+age,12,2003-11-29,2016-02-26,0,2026-10-07
http://ufcstats.com/fighter-details/2aa49b3766a59bcd,Jordan Mein,ufcstats,gidstats,https://gidstats.com/fighters/jordan_mein.html,,https://gidstats.com/fighters/jordan_mein.html,Jordan Mein,1989-10-10,,36,name+opponents(9)+age,45,2006-06-17,2023-04-23,1,2026-10-07
http://ufcstats.com/fighter-details/2ac4628c08ec5125,Markus Perez,ufcstats,gidstats,https://gidstats.com/fighters/markus_perez.html,,https://gidstats.com/fighters/markus_perez.html,Markus Perez,1988-06-22,,36,"name+opponents(7) AGE_CONFLICT(gid 36, dob 1988-06-22)",21,2013-04-18,2023-01-20,4,2026-10-07
http://ufcstats.com/fighter-details/2adb11835acd815b,Tom Blackledge,ufcstats,gidstats,https://gidstats.com/fighters/tom_blackledge.html,,https://gidstats.com/fighters/tom_blackledge.html,Tom Blackledge,,,,name+opponents(1),17,2001-11-17,2011-02-26,0,2026-10-07
http://ufcstats.com/fighter-details/2af2f2e26c4c0402,Hunter Azure,ufcstats+dwcs,gidstats,https://gidstats.com/fighters/hunter_azure.html,,https://gidstats.com/fighters/hunter_azure.html,Hunter Azure,1992-03-02,,34,name+opponents(5)+age,13,2017-08-11,2022-10-15,0,2026-10-07
http://ufcstats.com/fighter-details/2b074403b7c6cdb4,Thomas Almeida,ufcstats,gidstats,https://gidstats.com/fighters/thomas_almeida.html,,https://gidstats.com/fighters/thomas_almeida.html,Thomas Almeida,1991-07-31,,35,name+opponents(10)+age,27,2011-05-21,2021-03-27,1,2026-10-07
http://ufcstats.com/fighter-details/2b266e623e20737a,Rodrigo Vera,ufcstats,gidstats,https://gidstats.com/fighters/rodrigo_vera.html,,https://gidstats.com/fighters/rodrigo_vera.html,Rodrigo Vera,1995-10-18,,30,name+age,25,2016-02-18,2026-05-30,0,2026-10-07
http://ufcstats.com/fighter-details/2b4faacc16d66898,Eiji Mitsuoka,ufcstats,gidstats,https://gidstats.com/fighters/eiji_mitsuoka.html,,https://gidstats.com/fighters/eiji_mitsuoka.html,Eiji Mitsuoka,1976-01-01,,50,name+opponents(2)+age,29,2001-06-23,2012-08-11,0,2026-10-07
http://ufcstats.com/fighter-details/2b68d9f125d07b42,Jared Vanderaa,ufcstats+dwcs,gidstats,https://gidstats.com/fighters/jared_vanderaa.html,,https://gidstats.com/fighters/jared_vanderaa.html,Jared Vanderaa,1992-05-12,,34,name+opponents(8)+age,22,2015-06-14,2022-10-29,0,2026-10-07
http://ufcstats.com/fighter-details/2b6d855c6e280fb1,Alex Nicholson,ufcstats,gidstats,https://gidstats.com/fighters/alex_nicholson.html,,https://gidstats.com/fighters/alex_nicholson.html,Alex Nicholson,1990-05-02,,36,name+opponents(4)+age,25,2014-02-08,2023-06-02,4,2026-10-07
http://ufcstats.com/fighter-details/2b6fc1c02736833d,Umar Nurmagomedov,ufcstats,gidstats,https://gidstats.com/fighters/umar_nurmagomedov.html,,https://gidstats.com/fighters/umar_nurmagomedov.html,Umar Nurmagomedov,1996-01-03,,30,name+opponents(10)+age,21,2016-12-16,2026-01-24,0,2026-10-07
http://ufcstats.com/fighter-details/2b93ebd9f5417ad2,Michael Bisping,ufcstats,gidstats,https://gidstats.com/fighters/michael_bisping.html,,https://gidstats.com/fighters/michael_bisping.html,Michael Bisping,1979-02-28,,47,name+opponents(18)+age,41,2004-04-10,2017-11-25,2,2026-10-07
http://ufcstats.com/fighter-details/2bbdbc925f4323ac,Mahammadali Osmanli,ufcstats,gidstats,https://gidstats.com/fighters/mehemmedeli_osmanli.html,,https://gidstats.com/fighters/mehemmedeli_osmanli.html,Mehemmedeli Osmanli,2004-08-05,,22,alias+opponents(1)+age,13,2019-10-26,2025-11-15,0,2026-10-07
http://ufcstats.com/fighter-details/2bd98ab77a8daa75,Stewart Nicoll,ufcstats,gidstats,https://gidstats.com/fighters/stewart_nicoll.html,,https://gidstats.com/fighters/stewart_nicoll.html,Stewart Nicoll,1994-11-04,,31,name+opponents(4)+age,11,2018-06-16,2026-04-04,0,2026-10-07
http://ufcstats.com/fighter-details/2be6596a9db33bf5,Jason MacDonald,ufcstats,gidstats,https://gidstats.com/fighters/jason_macdonald.html,,https://gidstats.com/fighters/jason_macdonald.html,Jason MacDonald,1975-06-03,,51,name+opponents(4)+age,41,1999-12-18,2012-05-15,0,2026-10-07
http://ufcstats.com/fighter-details/2c010b26a3306969,Orion Cosce,ufcstats+dwcs,gidstats,https://gidstats.com/fighters/orion_cosce.html,,https://gidstats.com/fighters/orion_cosce.html,Orion Cosce,1994-07-15,,32,name+opponents(4)+age,10,2018-09-01,2023-05-20,0,2026-10-07
http://ufcstats.com/fighter-details/2c1170b825f58e57,Guangyou Ning,ufcstats,gidstats,https://gidstats.com/fighters/ning_guangyou.html,,https://gidstats.com/fighters/ning_guangyou.html,Ning Guangyou,1981-12-15,,44,name+opponents(4)+age,10,2007-09-22,2016-11-26,0,2026-10-07
http://ufcstats.com/fighter-details/2c2caf2f2bab9df5,Humberto Bandenay,ufcstats,gidstats,https://gidstats.com/fighters/humberto_bandenay.html,,https://gidstats.com/fighters/humberto_bandenay.html,Humberto Bandenay,1994-09-04,,32,name+opponents(4)+age,38,2013-02-27,2026-03-06,0,2026-10-07
http://ufcstats.com/fighter-details/2c483cf443f38ece,Vanessa Demopoulos,ufcstats+dwcs,gidstats,https://gidstats.com/fighters/vanessa_demopoulos.html,,https://gidstats.com/fighters/vanessa_demopoulos.html,Vanessa Demopoulos,1988-09-22,,38,name+opponents(12)+age,19,2017-12-15,2025-06-14,3,2026-10-07
http://ufcstats.com/fighter-details/2c5a0b8317f8f27a,Roque Martinez,ufcstats,gidstats,https://gidstats.com/fighters/roque_martinez.html,,https://gidstats.com/fighters/roque_martinez.html,Roque Martinez,1986-03-04,,40,name+opponents(3)+age,27,2007-03-24,2023-04-29,0,2026-10-07
http://ufcstats.com/fighter-details/2c5f5749569eef66,Tainara Lisboa,ufcstats+card,gidstats,https://gidstats.com/fighters/tainara_lisboa.html,,https://gidstats.com/fighters/tainara_lisboa.html,Tainara Lisboa,1991-03-02,,35,name+opponents(5)+age,11,2016-09-03,2025-10-18,3,2026-10-07
http://ufcstats.com/fighter-details/2c64c035485906aa,Nah-Shon Burrell,ufcstats,gidstats,https://gidstats.com/fighters/nah-shon_burrell.html,,https://gidstats.com/fighters/nah-shon_burrell.html,Nah-Shon Burrell,1990-02-05,,36,name+opponents(2)+age,32,2010-06-19,2022-03-11,0,2026-10-07
http://ufcstats.com/fighter-details/2c6e81426dd7573c,Jack May,ufcstats,gidstats,https://gidstats.com/fighters/jack_may.html,,https://gidstats.com/fighters/jack_may.html,Jack May,1981-04-14,,45,name+opponents(2)+age,20,2011-05-21,2021-04-02,8,2026-10-07
http://ufcstats.com/fighter-details/2c99576fefe53c7c,Renan Barao,ufcstats,gidstats,https://gidstats.com/fighters/renan_barao.html,,https://gidstats.com/fighters/renan_barao.html,Renan Barao,1987-01-31,,39,name+opponents(15)+age,46,2005-04-14,2023-10-07,0,2026-10-07
http://ufcstats.com/fighter-details/2c9d00968f818270,Hakeem Dawodu,ufcstats,gidstats,https://gidstats.com/fighters/hakeem_dawodu.html,,https://gidstats.com/fighters/hakeem_dawodu.html,Hakeem Dawodu,1991-07-02,,35,name+opponents(10)+age,18,2014-02-21,2023-08-12,1,2026-10-07
http://ufcstats.com/fighter-details/2caf993f53541fa1,Andreas Gustafsson,ufcstats+dwcs,gidstats,https://gidstats.com/fighters/a_gustafsson.html,,https://gidstats.com/fighters/a_gustafsson.html,Andreas Gustafsson,1991-02-20,,35,name+opponents(3)+age,15,2019-01-27,2025-09-06,0,2026-10-07
http://ufcstats.com/fighter-details/2cd428e9606856fd,Jairzinho Rozenstruik,ufcstats,gidstats,https://gidstats.com/fighters/jairzinho_rozenstruik.html,,https://gidstats.com/fighters/jairzinho_rozenstruik.html,Jairzinho Rozenstruik,1988-03-17,,38,name+opponents(15)+age,21,2012-05-26,2025-02-01,7,2026-10-07
http://ufcstats.com/fighter-details/2cdb479a0ef0ee1d,Xiong Jingnan,ufcstats,gidstats,https://gidstats.com/fighters/jingnan_xiong.html,,https://gidstats.com/fighters/jingnan_xiong.html,Jingnan Xiong,1988-01-12,,38,name+opponents(1)+age,22,2014-08-31,2026-05-30,2,2026-10-07
http://ufcstats.com/fighter-details/2cfba6c837c03ed0,Patchy Mix,ufcstats,gidstats,https://gidstats.com/fighters/mix_patchy.html,,https://gidstats.com/fighters/mix_patchy.html,Patchy Mix,1993-08-16,,33,name+opponents(1)+age,23,2016-05-28,2025-10-04,1,2026-10-07
http://ufcstats.com/fighter-details/2d447cc91bdaa545,Joachim Christensen,ufcstats,gidstats,https://gidstats.com/fighters/joachim_christensen.html,,https://gidstats.com/fighters/joachim_christensen.html,Joachim Christensen,1978-11-07,,47,name+opponents(4)+age,24,2007-05-05,2021-11-06,0,2026-10-07
http://ufcstats.com/fighter-details/2db0c114414d4f06,Karine Gevorgyan,ufcstats,gidstats,https://gidstats.com/fighters/karine_gevorgyan.html,,https://gidstats.com/fighters/karine_gevorgyan.html,Karine Gevorgyan,1989-03-09,,37,name+opponents(1)+age,7,2014-07-13,2017-12-01,0,2026-10-07
http://ufcstats.com/fighter-details/2dbc60c52de126d8,Harry Hardwick,ufcstats,gidstats,https://gidstats.com/fighters/harry_hardwick.html,,https://gidstats.com/fighters/harry_hardwick.html,Harry Hardwick,1994-09-29,,30,"name+opponents(2) AGE_CONFLICT(gid 30, dob 1994-09-29)",19,2015-04-04,2026-03-14,1,2026-10-07
http://ufcstats.com/fighter-details/2dc1bc1a02961656,Manny Bermudez,ufcstats,gidstats,https://gidstats.com/fighters/manny_bermudez.html,,https://gidstats.com/fighters/manny_bermudez.html,Manny Bermudez,1994-07-16,,32,name+opponents(5)+age,17,2015-06-20,2020-02-08,0,2026-10-07
http://ufcstats.com/fighter-details/2de91c2244ad7e89,Dominic Waters,ufcstats,gidstats,https://gidstats.com/fighters/dominic_waters.html,,https://gidstats.com/fighters/dominic_waters.html,Dominic Waters,1989-04-11,,37,name+opponents(3)+age,18,2010-08-05,2018-05-26,0,2026-10-07
http://ufcstats.com/fighter-details/2e19380f34871c6a,Dominick Reyes,ufcstats+card,gidstats,https://gidstats.com/fighters/dominick_reyes.html,,https://gidstats.com/fighters/dominick_reyes.html,Dominick Reyes,1989-12-26,,36,name+opponents(16)+age,21,2014-12-04,2026-04-11,0,2026-10-07
http://ufcstats.com/fighter-details/2e25c1d983c26311,Colton Smith,ufcstats,gidstats,https://gidstats.com/fighters/colton_smith.html,,https://gidstats.com/fighters/colton_smith.html,Colton Smith,1987-08-14,,39,name+opponents(4)+age,16,2011-03-25,2018-03-17,0,2026-10-07
http://ufcstats.com/fighter-details/2e45d08b3f2f02c8,Malcolm Wellmaker,ufcstats+dwcs+card,gidstats,https://gidstats.com/fighters/malcolm_wellmaker.html,,https://gidstats.com/fighters/malcolm_wellmaker.html,Malcolm Wellmaker,1994-06-04,,32,name+opponents(4)+age,11,2022-06-18,2025-11-15,0,2026-10-07
http://ufcstats.com/fighter-details/2e585c701f72fe55,Ian Heinisch,ufcstats+dwcs,gidstats,https://gidstats.com/fighters/ian_heinisch.html,,https://gidstats.com/fighters/ian_heinisch.html,Ian Heinisch,1988-08-05,,38,name+opponents(8)+age,19,2015-01-24,2021-07-24,0,2026-10-07
http://ufcstats.com/fighter-details/2e5c2aa8e4ab9d82,Paulo Costa,ufcstats,gidstats,https://gidstats.com/fighters/paulo_costa.html,,https://gidstats.com/fighters/paulo_costa.html,Paulo Costa,1991-04-21,,35,name+opponents(12)+age,22,2012-02-25,2026-04-11,0,2026-10-07
http://ufcstats.com/fighter-details/2e7878927067fdca,Manuel Torres,ufcstats+dwcs,gidstats,https://gidstats.com/fighters/manuel_torres.html,,https://gidstats.com/fighters/manuel_torres.html,Manuel Torres,1995-03-25,,31,name+opponents(8)+age,20,2014-05-24,2025-12-06,0,2026-10-07
http://ufcstats.com/fighter-details/2ebfbe72ed703925,Tristan Connelly,ufcstats,gidstats,https://gidstats.com/fighters/tristan_connelly.html,,https://gidstats.com/fighters/tristan_connelly.html,Tristan Connelly,1985-12-12,,40,name+opponents(3)+age,23,2010-03-06,2022-10-12,0,2026-10-07
http://ufcstats.com/fighter-details/2eeaefbfc7f9fcff,Lina Lansberg,ufcstats,gidstats,https://gidstats.com/fighters/lina_lansberg.html,,https://gidstats.com/fighters/lina_lansberg.html,Lina Lansberg,1982-03-13,,44,name+opponents(10)+age,18,2012-12-29,2023-02-18,0,2026-10-07
http://ufcstats.com/fighter-details/2f13e4020cea5b38,Raphael Assuncao,ufcstats,gidstats,https://gidstats.com/fighters/raphael_assuncao.html,,https://gidstats.com/fighters/raphael_assuncao.html,Raphael Assuncao,1982-07-19,,44,name+opponents(17)+age,37,2004-08-07,2023-03-11,0,2026-10-07
http://ufcstats.com/fighter-details/2f181c0467965b98,Brendan Allen,ufcstats+dwcs+card,gidstats,https://gidstats.com/fighters/brendan_allen.html,,https://gidstats.com/fighters/brendan_allen.html,Brendan Allen,1995-12-28,,30,name+opponents(20)+age,34,2015-08-22,2026-06-06,4,2026-10-07
http://ufcstats.com/fighter-details/2f1a257d6777096d,Luigi Vendramini,ufcstats,gidstats,https://gidstats.com/fighters/luigi_vendramini.html,,https://gidstats.com/fighters/luigi_vendramini.html,Luigi Vendramini,1996-01-16,,30,name+opponents(4)+age,12,2016-04-16,2021-09-04,0,2026-10-07
http://ufcstats.com/fighter-details/2f43a3e82661fa99,Rei Tsuruya,ufcstats,gidstats,https://gidstats.com/fighters/rei_tsuruya.html,,https://gidstats.com/fighters/rei_tsuruya.html,Rei Tsuruya,2002-06-22,,24,name+opponents(3)+age,12,2021-02-21,2026-05-30,0,2026-10-07
http://ufcstats.com/fighter-details/2f5cbecbbe18bac4,Shamil Abdurakhimov,ufcstats,gidstats,https://gidstats.com/fighters/shamil_abdurakhimov.html,,https://gidstats.com/fighters/shamil_abdurakhimov.html,Shamil Abdurakhimov,1981-09-02,,45,name+opponents(11)+age,28,2008-04-19,2023-01-21,0,2026-10-07
http://ufcstats.com/fighter-details/2f6a993c7f547c13,Sergey Morozov,ufcstats,gidstats,https://gidstats.com/fighters/sergey_morozov.html,,https://gidstats.com/fighters/sergey_morozov.html,Sergey Morozov,1989-06-14,,37,name+opponents(5)+age,24,2008-02-22,2022-12-17,0,2026-10-07
http://ufcstats.com/fighter-details/2f732dd9210d301f,Tito Ortiz,ufcstats,gidstats,https://gidstats.com/fighters/tito_ortiz.html,,https://gidstats.com/fighters/tito_ortiz.html,Tito Ortiz,1975-01-23,,51,name+opponents(4)+age,34,1997-05-30,2019-12-07,0,2026-10-07
http://ufcstats.com/fighter-details/2f815ed5f8278ba6,Ateba Gautier,ufcstats+dwcs,gidstats,https://gidstats.com/fighters/ateba_abega_gautier.html,,https://gidstats.com/fighters/ateba_abega_gautier.html,Ateba Gautier,2002-04-10,,24,name+opponents(5)+age,12,2021-05-15,2026-01-24,0,2026-10-07
http://ufcstats.com/fighter-details/2f95a3c6d58b2aad,Iuri Alcantara,ufcstats,gidstats,https://gidstats.com/fighters/iuri_alcantara.html,,https://gidstats.com/fighters/iuri_alcantara.html,Iuri Alcantara,1980-08-04,,46,name+opponents(18)+age,48,2003-09-12,2022-09-03,1,2026-10-07
http://ufcstats.com/fighter-details/2fc7e9701642ca38,Matthew Lopez,ufcstats,gidstats,https://gidstats.com/fighters/matthew_lopez.html,,https://gidstats.com/fighters/matthew_lopez.html,Matthew Lopez,1987-01-21,,39,name+opponents(6)+age,14,2013-05-25,2018-12-08,0,2026-10-07
http://ufcstats.com/fighter-details/2fe9032955c2e013,Joseph Morales,ufcstats,gidstats,https://gidstats.com/fighters/joseph_morales.html,,https://gidstats.com/fighters/joseph_morales.html,Joseph Morales,1994-08-22,,32,name+opponents(6)+age,18,2014-12-13,2025-11-08,0,2026-10-07
http://ufcstats.com/fighter-details/2fee10d5cf86bfca,Maia Stevenson,ufcstats,gidstats,https://gidstats.com/fighters/maia_stevenson.html,,https://gidstats.com/fighters/maia_stevenson.html,Maia Stevenson,1982-03-19,,44,name+opponents(1)+age,12,2012-01-21,2018-02-03,1,2026-10-07
http://ufcstats.com/fighter-details/2ff2e6e5abea3e53,Lewis Gonzalez,ufcstats,gidstats,https://gidstats.com/fighters/lewis_gonzalez.html,,https://gidstats.com/fighters/lewis_gonzalez.html,Lewis Gonzalez,1987-09-19,,39,name+opponents(1)+age,16,2011-09-10,2022-08-22,0,2026-10-07
http://ufcstats.com/fighter-details/3033c1c080672475,Dakota Bush,ufcstats,gidstats,https://gidstats.com/fighters/bush_dakota.html,,https://gidstats.com/fighters/bush_dakota.html,Dakota Bush,1994-06-09,,32,name+opponents(1)+age,20,2016-01-15,2026-03-28,0,2026-10-07
http://ufcstats.com/fighter-details/303a05a7aa3ff761,Richard Walsh,ufcstats,gidstats,https://gidstats.com/fighters/rich_walsh.html,,https://gidstats.com/fighters/rich_walsh.html,Rich Walsh,1988-12-01,,37,alias+opponents(6)+age,16,2009-05-29,2016-11-26,2,2026-10-07
http://ufcstats.com/fighter-details/304a21d0595e1a08,Justin Jaynes,ufcstats,gidstats,https://gidstats.com/fighters/justin_jaynes.html,,https://gidstats.com/fighters/justin_jaynes.html,Justin Jaynes,1989-08-10,,37,name+opponents(5)+age,25,2013-03-15,2022-02-05,0,2026-10-07
http://ufcstats.com/fighter-details/3058888c33149a53,Yusuke Kasuya,ufcstats,gidstats,https://gidstats.com/fighters/yusuke_kasuya.html,,https://gidstats.com/fighters/yusuke_kasuya.html,Yusuke Kasuya,1989-11-16,,36,name+opponents(2)+age,22,2010-04-16,2023-04-30,0,2026-10-07
http://ufcstats.com/fighter-details/305d73ede05e31ad,Austin Lingo,ufcstats,gidstats,https://gidstats.com/fighters/austin_lingo.html,,https://gidstats.com/fighters/austin_lingo.html,Austin Lingo,1994-07-10,,32,name+opponents(5)+age,13,2017-07-14,2024-08-02,0,2026-10-07
http://ufcstats.com/fighter-details/30a09e43f15f1d75,Paulo Thiago,ufcstats,gidstats,https://gidstats.com/fighters/paulo_thiago.html,,https://gidstats.com/fighters/paulo_thiago.html,Paulo Thiago,1981-01-25,,45,name+opponents(10)+age,30,2005-07-02,2019-12-19,0,2026-10-07
http://ufcstats.com/fighter-details/30b577b112bef42d,Vernon Ramos Ho,ufcstats,gidstats,https://gidstats.com/fighters/vernon_ramos.html,,https://gidstats.com/fighters/vernon_ramos.html,Vernon Ramos,1992-06-03,,34,alias+opponents(1)+age,12,2015-01-23,2023-12-07,0,2026-10-07
http://ufcstats.com/fighter-details/30cad5a751adcb48,Alibi Idiris,ufcstats,gidstats,https://gidstats.com/fighters/alibi_idiris.html,,https://gidstats.com/fighters/alibi_idiris.html,Alibi Idiris,1994-10-22,,31,name+opponents(2)+age,13,2019-11-02,2026-02-21,0,2026-10-07
http://ufcstats.com/fighter-details/30ea504870f8597b,Josh Stansbury,ufcstats,gidstats,https://gidstats.com/fighters/joshua_stansbury.html,,https://gidstats.com/fighters/joshua_stansbury.html,Josh Stansbury,1984-11-19,,41,name+opponents(3)+age,17,2009-06-06,2018-12-01,0,2026-10-07
http://ufcstats.com/fighter-details/31123249b0bbf52e,Matt Brown,ufcstats,gidstats,https://gidstats.com/fighters/matt_brown.html,,https://gidstats.com/fighters/matt_brown.html,Matt Brown,1981-01-10,,45,name+opponents(25)+age,46,2005-10-08,2023-05-13,0,2026-10-07
http://ufcstats.com/fighter-details/312f7d7b2b2f7de4,Djorden Santos,ufcstats,gidstats,https://gidstats.com/fighters/djorden_santos.html,,https://gidstats.com/fighters/djorden_santos.html,Djorden Santos,1997-08-01,,29,name+opponents(3)+age,13,2015-03-21,2025-10-18,0,2026-10-07
http://ufcstats.com/fighter-details/3138df4d117ebc12,Delphine Benouaich,ufcstats,gidstats,https://gidstats.com/fighters/delphine_benouaich.html,,https://gidstats.com/fighters/delphine_benouaich.html,Delphine Benouaich,1995-03-21,,31,name+opponents(1)+age,9,2024-03-15,2025-12-13,0,2026-10-07
http://ufcstats.com/fighter-details/3143bf892608139a,Yana Santos,ufcstats+card,gidstats,https://gidstats.com/fighters/yana_kunitskaya.html,,https://gidstats.com/fighters/yana_kunitskaya.html,Yana Santos,1989-11-11,,36,name+opponents(12)+age,26,2009-05-23,2025-10-04,1,2026-10-07
http://ufcstats.com/fighter-details/318572f6f74b760d,Charlie Ontiveros,ufcstats,gidstats,https://gidstats.com/fighters/charlie_ontiveros.html,,https://gidstats.com/fighters/charlie_ontiveros.html,Charlie Ontiveros,1991-07-04,,35,name+opponents(3)+age,20,2012-07-13,2022-08-13,0,2026-10-07
http://ufcstats.com/fighter-details/31a13532e724ca2b,Stevie Ray,ufcstats,gidstats,https://gidstats.com/fighters/stevie_ray.html,,https://gidstats.com/fighters/stevie_ray.html,Stevie Ray,1990-03-25,,36,name+opponents(11)+age,39,2010-06-26,2024-09-28,5,2026-10-07
http://ufcstats.com/fighter-details/31bb0772f21cabd8,Daniel Lacerda,ufcstats,gidstats,https://gidstats.com/fighters/daniel_lacerda.html,,https://gidstats.com/fighters/daniel_lacerda.html,Daniel Lacerda,1996-06-05,,30,name+opponents(5)+age,18,2017-03-18,2024-02-24,0,2026-10-07
http://ufcstats.com/fighter-details/31bbd39c0a075d4e,Pingyuan Liu,ufcstats,gidstats,https://gidstats.com/fighters/pingyuan_liu.html,,https://gidstats.com/fighters/pingyuan_liu.html,Pingyuan Liu,1993-02-13,,33,name+opponents(4)+age,21,2010-10-30,2019-12-21,0,2026-10-07
http://ufcstats.com/fighter-details/31d7446b184e3305,Magomed Mustafaev,ufcstats,gidstats,https://gidstats.com/fighters/magomed_mustafaev.html,,https://gidstats.com/fighters/magomed_mustafaev.html,Magomed Mustafaev,1988-08-02,,38,name+opponents(5)+age,18,2011-04-29,2020-02-22,0,2026-10-07
http://ufcstats.com/fighter-details/31dbfbe4e7a6727c,Trey Waters,ufcstats+dwcs,gidstats,https://gidstats.com/fighters/trey_waters.html,,https://gidstats.com/fighters/trey_waters.html,Trey Waters,1995-02-21,,31,name+opponents(4)+age,12,2020-03-21,2026-08-07,0,2026-10-07
http://ufcstats.com/fighter-details/31ee470ef5dc8d7f,Thiago Alves,ufcstats,gidstats,https://gidstats.com/fighters/thiago_alves.html,,https://gidstats.com/fighters/thiago_alves.html,Thiago Alves,1983-10-03,,43,name+opponents(15)+age,38,2001-06-30,2019-12-07,2,2026-10-07
http://ufcstats.com/fighter-details/31ef8b67e13495b3,Tecia Pennington,ufcstats,gidstats,https://gidstats.com/fighters/tecia_torres.html,,https://gidstats.com/fighters/tecia_torres.html,Tecia Pennington,1989-08-16,,37,name+opponents(18)+age,26,2012-10-06,2025-11-08,0,2026-10-07
http://ufcstats.com/fighter-details/31f8081c7600da93,Kyle Nelson,ufcstats,gidstats,https://gidstats.com/fighters/kyle_nelson.html,,https://gidstats.com/fighters/kyle_nelson.html,Kyle Nelson,1991-04-20,,35,name+opponents(12)+age,25,2012-03-17,2026-03-28,1,2026-10-07
http://ufcstats.com/fighter-details/320edfb0332b7073,Fredson Paixao,ufcstats,gidstats,https://gidstats.com/fighters/fredson_paixao.html,,https://gidstats.com/fighters/fredson_paixao.html,Fredson Paixao,1979-05-13,,47,name+opponents(1)+age,16,2004-05-15,2012-11-02,10,2026-10-07
http://ufcstats.com/fighter-details/322a56923b396b4d,DaMarques Johnson,ufcstats,gidstats,https://gidstats.com/fighters/damarques_johnson.html,,https://gidstats.com/fighters/damarques_johnson.html,DaMarques Johnson,1982-06-28,,44,name+opponents(8)+age,34,2005-04-29,2015-08-07,0,2026-10-07
http://ufcstats.com/fighter-details/3236bf606fe9fa5b,Travis Browne,ufcstats,gidstats,https://gidstats.com/fighters/travis_browne.html,,https://gidstats.com/fighters/travis_browne.html,Travis Browne,1982-07-17,,44,name+opponents(16)+age,26,2009-02-07,2017-07-08,0,2026-10-07
http://ufcstats.com/fighter-details/323d4ca260dfa0ba,Esteban Ribovics,ufcstats+dwcs,gidstats,https://gidstats.com/fighters/esteban_ribovics.html,,https://gidstats.com/fighters/esteban_ribovics.html,Esteban Ribovics,1996-04-27,,30,name+opponents(8)+age,19,2015-12-12,2026-08-15,0,2026-10-07
http://ufcstats.com/fighter-details/32490e80ddab1e5a,Song Kenan,ufcstats,gidstats,https://gidstats.com/fighters/song_kenan.html,,https://gidstats.com/fighters/song_kenan.html,Song Kenan,1990-03-10,,36,name+opponents(11)+age,31,2014-05-30,2024-11-23,0,2026-10-07
http://ufcstats.com/fighter-details/3253b16d38ae087d,Julianna Pena,ufcstats,gidstats,https://gidstats.com/fighters/julianna_pea.html,,https://gidstats.com/fighters/julianna_pea.html,Julianna Peña,1989-08-19,,37,name+opponents(11)+age,20,2009-08-15,2025-06-07,0,2026-10-07
http://ufcstats.com/fighter-details/325ad0dd9126d3df,Randy Costa,ufcstats,gidstats,https://gidstats.com/fighters/randy_costa.html,,https://gidstats.com/fighters/randy_costa.html,Randy Costa,1994-07-06,,32,name+opponents(6)+age,11,2018-06-30,2023-06-16,3,2026-10-07
http://ufcstats.com/fighter-details/3261aa79bf6caa64,Ben Johnston,ufcstats,gidstats,https://gidstats.com/fighters/ben_johnston.html,,https://gidstats.com/fighters/ben_johnston.html,Ben Johnston,1990-10-11,,35,name+age,6,2010-07-03,2024-03-16,0,2026-10-07
http://ufcstats.com/fighter-details/326a001926ffb7ec,Darian Weeks,ufcstats,gidstats,https://gidstats.com/fighters/darian_weeks.html,,https://gidstats.com/fighters/darian_weeks.html,Darian Weeks,1993-11-23,,32,name+opponents(3)+age,9,2019-02-16,2023-05-05,3,2026-10-07
http://ufcstats.com/fighter-details/326f94d6cfb1bf25,Ben Sosoli,ufcstats+dwcs,gidstats,https://gidstats.com/fighters/ben_sosoli.html,,https://gidstats.com/fighters/ben_sosoli.html,Ben Sosoli,1989-12-10,,36,name+opponents(3)+age,13,2013-02-02,2020-02-22,1,2026-10-07
http://ufcstats.com/fighter-details/327d5f279895110d,Roman Dolidze,ufcstats,gidstats,https://gidstats.com/fighters/roman_dolidze.html,,https://gidstats.com/fighters/roman_dolidze.html,Roman Dolidze,1988-07-15,,38,name+opponents(14)+age,20,2016-12-09,2026-03-21,0,2026-10-07
http://ufcstats.com/fighter-details/329e403448756217,Nathaniel Wood,ufcstats,gidstats,https://gidstats.com/fighters/nathaniel_wood.html,,https://gidstats.com/fighters/nathaniel_wood.html,Nathaniel Wood,1993-05-08,,33,name+opponents(15)+age,29,2013-02-09,2026-03-21,2,2026-10-07
http://ufcstats.com/fighter-details/32ab52e5de93092d,Steve Erceg,ufcstats,gidstats,https://gidstats.com/fighters/steve_erceg.html,,https://gidstats.com/fighters/steve_erceg.html,Steve Erceg,1995-07-27,,31,name+opponents(9)+age,18,2016-02-26,2026-05-02,0,2026-10-07
http://ufcstats.com/fighter-details/32ba186f4b0e3267,Brian Ebersole,ufcstats,gidstats,https://gidstats.com/fighters/brian_ebersole.html,,https://gidstats.com/fighters/brian_ebersole.html,Brian Ebersole,1980-11-27,,45,name+opponents(8)+age,70,2000-02-24,2016-06-24,1,2026-10-07
http://ufcstats.com/fighter-details/32be4b7f7de1c905,Chico Camus,ufcstats,gidstats,https://gidstats.com/fighters/chico_camus.html,,https://gidstats.com/fighters/chico_camus.html,Chico Camus,1985-01-26,,41,name+opponents(8)+age,28,2009-02-14,2018-10-27,0,2026-10-07
http://ufcstats.com/fighter-details/32c03df3c9760069,Wendell Oliveira Marques,ufcstats,gidstats,https://gidstats.com/fighters/wendell_oliveira.html,,https://gidstats.com/fighters/wendell_oliveira.html,Wendell Oliveira,1983-06-01,,43,alias+opponents(2)+age,48,2006-03-11,2022-12-04,0,2026-10-07
http://ufcstats.com/fighter-details/32c355b04fc57f3a,Marc Diakiese,ufcstats,gidstats,https://gidstats.com/fighters/marc_diakiese.html,,https://gidstats.com/fighters/marc_diakiese.html,Marc Diakiese,1993-03-16,,33,name+opponents(14)+age,26,2013-09-21,2025-04-18,1,2026-10-07
http://ufcstats.com/fighter-details/32c3ee378671a5d9,Austin Vanderford,ufcstats+dwcs,gidstats,https://gidstats.com/fighters/austin_vanderford.html,,https://gidstats.com/fighters/austin_vanderford.html,Austin Vanderford,1990-03-21,,36,name+opponents(3)+age,16,2017-03-11,2025-10-04,4,2026-10-07
http://ufcstats.com/fighter-details/32feae6d9a1e5047,Quang Le,ufcstats,gidstats,https://gidstats.com/fighters/quang_le.html,,https://gidstats.com/fighters/quang_le.html,Quang Le,1991-10-18,,34,name+opponents(3)+age,12,2021-09-24,2025-09-13,0,2026-10-07
http://ufcstats.com/fighter-details/33011768c3c4dc9a,Terry Etim,ufcstats,gidstats,https://gidstats.com/fighters/terry_etim.html,,https://gidstats.com/fighters/terry_etim.html,Terry Etim,1986-01-11,,40,name+opponents(4)+age,21,2005-05-12,2013-11-22,0,2026-10-07
http://ufcstats.com/fighter-details/330bafba312face4,Oliver Enkamp,ufcstats,gidstats,https://gidstats.com/fighters/oliver_enkamp.html,,https://gidstats.com/fighters/oliver_enkamp.html,Oliver Enkamp,1991-08-10,,35,name+opponents(2)+age,15,2013-03-09,2023-05-12,0,2026-10-07
http://ufcstats.com/fighter-details/3329d692aea4dc28,Hamdy Abdelwahab,ufcstats,gidstats,https://gidstats.com/fighters/hamdy_abdelwahab.html,,https://gidstats.com/fighters/hamdy_abdelwahab.html,Hamdy Abdelwahab,1993-01-22,,33,name+opponents(4)+age,8,2022-01-21,2026-04-12,3,2026-10-07
http://ufcstats.com/fighter-details/333b9e5c723ac873,Aleksandar Rakic,ufcstats,gidstats,https://gidstats.com/fighters/aleksandar_rakic.html,,https://gidstats.com/fighters/aleksandar_rakic.html,Aleksandar Rakic,1992-02-06,,34,name+opponents(12)+age,20,2011-10-15,2025-10-25,0,2026-10-07
http://ufcstats.com/fighter-details/3351aa64aa83c4d9,Cory McKenna,ufcstats+dwcs,gidstats,https://gidstats.com/fighters/cory_mckenna.html,,https://gidstats.com/fighters/cory_mckenna.html,Cory McKenna,1999-07-11,,27,name+opponents(7)+age,12,2018-03-03,2024-10-12,0,2026-10-07
http://ufcstats.com/fighter-details/338a11d3674eb2d4,Aaron Wilkinson,ufcstats,gidstats,https://gidstats.com/fighters/aaron_wilkinson.html,,https://gidstats.com/fighters/aaron_wilkinson.html,Aaron Wilkinson,1987-01-31,,39,name+opponents(1)+age,22,2008-10-04,2014-09-19,0,2026-10-07
http://ufcstats.com/fighter-details/33a331684283900f,Eddie Alvarez,ufcstats,gidstats,https://gidstats.com/fighters/eddie_alvarez.html,,https://gidstats.com/fighters/eddie_alvarez.html,Eddie Alvarez,1984-01-11,,42,name+opponents(7)+age,40,2003-12-14,2021-04-28,1,2026-10-07
http://ufcstats.com/fighter-details/33a86e839ad202d8,Luis Felipe Dias,ufcstats+dwcs,gidstats,https://gidstats.com/fighters/luis_felipe_dias.html,,https://gidstats.com/fighters/luis_felipe_dias.html,Luis Felipe Dias,1995-01-17,,31,name+opponents(3)+age,23,2017-08-26,2026-05-30,1,2026-10-07
http://ufcstats.com/fighter-details/33a8708747b7f943,Lucas Brennan,ufcstats+card,gidstats,https://gidstats.com/fighters/lucas_brennan.html,,https://gidstats.com/fighters/lucas_brennan.html,Lucas Brennan,2000-06-03,,26,name+opponents(2)+age,14,2019-07-12,2026-04-25,0,2026-10-07
http://ufcstats.com/fighter-details/33b2f68ef95252e0,Miguel Torres,ufcstats,gidstats,https://gidstats.com/fighters/torres_miguel.html,,https://gidstats.com/fighters/torres_miguel.html,Miguel Torres,1981-01-18,,45,name+opponents(4)+age,53,2000-03-27,2016-09-24,0,2026-10-07
http://ufcstats.com/fighter-details/33e00249ef08d3a4,Jake Lindsey,ufcstats,gidstats,https://gidstats.com/fighters/jake_lindsey.html,,https://gidstats.com/fighters/jake_lindsey.html,Jake Lindsey,1986-06-21,,40,name+opponents(3)+age,26,2010-06-19,2021-12-10,5,2026-10-07
http://ufcstats.com/fighter-details/33efaf2d0941cfcf,Andre Fialho,ufcstats,gidstats,https://gidstats.com/fighters/andre_fialho.html,,https://gidstats.com/fighters/andre_fialho.html,Andre Fialho,1994-04-07,,32,name+opponents(7)+age,27,2014-07-27,2026-05-16,0,2026-10-07
http://ufcstats.com/fighter-details/3414b50b08a10600,Antonio McKee,ufcstats,gidstats,https://gidstats.com/fighters/antonio_mckee.html,,https://gidstats.com/fighters/antonio_mckee.html,Antonio McKee,1970-03-12,,56,name+opponents(1)+age,38,1999-10-13,2019-09-28,0,2026-10-07
http://ufcstats.com/fighter-details/34218661c44ed55d,Michel Batista,ufcstats,gidstats,https://gidstats.com/fighters/michel_batista.html,,https://gidstats.com/fighters/michel_batista.html,Michel Batista,1984-04-20,,42,name+opponents(1)+age,9,2016-01-09,2019-10-19,0,2026-10-07
http://ufcstats.com/fighter-details/348dff4e03bd18c6,Stefan Sekulic,ufcstats,gidstats,https://gidstats.com/fighters/stefan_sekulic.html,,https://gidstats.com/fighters/stefan_sekulic.html,Stefan Sekulic,1992-02-12,,34,name+opponents(2)+age,23,2013-11-16,2023-06-02,0,2026-10-07
http://ufcstats.com/fighter-details/349aaa3da11eb587,Karo Parisyan,ufcstats,gidstats,https://gidstats.com/fighters/karo_parisyan.html,,https://gidstats.com/fighters/karo_parisyan.html,Karo Parisyan,1982-08-28,,44,name+opponents(1)+age,37,1999-02-01,2017-10-07,0,2026-10-07
http://ufcstats.com/fighter-details/34b96d52db1d26e6,Kevin Borjas,ufcstats+dwcs,gidstats,https://gidstats.com/fighters/kevin_borjas.html,,https://gidstats.com/fighters/kevin_borjas.html,Kevin Borjas,1997-12-06,,28,name+opponents(7)+age,16,2018-07-27,2026-06-20,0,2026-10-07
http://ufcstats.com/fighter-details/34c2b3656f88f7ef,Aaron Phillips,ufcstats,gidstats,https://gidstats.com/fighters/aaron_phillips.html,,https://gidstats.com/fighters/aaron_phillips.html,Aaron Phillips,1989-08-05,,37,name+opponents(4)+age,17,2011-04-02,2023-04-15,0,2026-10-07
http://ufcstats.com/fighter-details/34d4cae19105eb68,Cam Nelson,ufcstats,sherdog,https://www.sherdog.com/fighter/Cameron-Nelson-404085,https://www.sherdog.com/fighter/Cameron-Nelson-404085,,Cameron Nelson,1998-07-28,1998-07-28,,alias+dob,9,2023-01-28,2026-08-29,,2026-10-07
http://ufcstats.com/fighter-details/34e516ab361afb1c,Darrick Minner,ufcstats+dwcs,gidstats,https://gidstats.com/fighters/darrick_minner.html,,https://gidstats.com/fighters/darrick_minner.html,Darrick Minner,1990-04-28,,36,name+opponents(7)+age,40,2012-10-13,2022-11-05,0,2026-10-07
http://ufcstats.com/fighter-details/34e552520a934063,Brad Scott,ufcstats,gidstats,https://gidstats.com/fighters/bradley_scott.html,,https://gidstats.com/fighters/bradley_scott.html,Bradley Scott,1989-06-24,,37,alias+opponents(8)+age,19,2009-02-20,2018-05-27,3,2026-10-07
http://ufcstats.com/fighter-details/34f88592c0ab7a54,Elias Theodorou,ufcstats,gidstats,https://gidstats.com/fighters/elias_theodorou.html,,https://gidstats.com/fighters/elias_theodorou.html,Elias Theodorou,1988-05-31,,31,"name+opponents(11) AGE_CONFLICT(gid 31, dob 1988-05-31)",24,2011-06-17,2021-12-18,0,2026-10-07
http://ufcstats.com/fighter-details/34ff304266360297,Manon Fiorot,ufcstats,gidstats,https://gidstats.com/fighters/fiorot_manon.html,,https://gidstats.com/fighters/fiorot_manon.html,Manon Fiorot,1990-02-17,,36,name+opponents(9)+age,17,2018-06-16,2025-10-18,0,2026-10-07
http://ufcstats.com/fighter-details/351c4ec637380ad5,Karol Rosa,ufcstats,gidstats,https://gidstats.com/fighters/karol_rosa.html,,https://gidstats.com/fighters/karol_rosa.html,Karol Rosa,1994-12-30,,31,name+opponents(13)+age,27,2012-03-16,2026-06-20,2,2026-10-07
http://ufcstats.com/fighter-details/353de740bb6c7e75,Mike Russow,ufcstats,gidstats,https://gidstats.com/fighters/mike_russow.html,,https://gidstats.com/fighters/mike_russow.html,Mike Russow,1976-09-11,,49,name+opponents(5)+age,19,1998-04-25,2013-01-26,0,2026-10-07
http://ufcstats.com/fighter-details/35673bf5204524ee,Bo Nickal,ufcstats+dwcs+card,gidstats,https://gidstats.com/fighters/bo_nickal.html,,https://gidstats.com/fighters/bo_nickal.html,Bo Nickal,1996-01-14,,30,name+opponents(10)+age,10,2022-06-03,2026-06-14,6,2026-10-07
http://ufcstats.com/fighter-details/3591d0d5d382a381,Francis Carmont,ufcstats,gidstats,https://gidstats.com/fighters/francis_carmont.html,,https://gidstats.com/fighters/francis_carmont.html,Francis Carmont,1981-10-11,,44,name+opponents(9)+age,37,2004-02-29,2016-11-19,0,2026-10-07
http://ufcstats.com/fighter-details/35b3772629e27a49,Kevin Croom,ufcstats,gidstats,https://gidstats.com/fighters/kevin_croom.html,,https://gidstats.com/fighters/kevin_croom.html,Kevin Croom,1987-07-15,,39,name+opponents(3)+age,38,2009-02-07,2022-09-10,3,2026-10-07
http://ufcstats.com/fighter-details/35e1f9984ed64206,Ryan MacDonald,ufcstats,gidstats,https://gidstats.com/fighters/ryan_macdonald.html,,https://gidstats.com/fighters/ryan_macdonald.html,Ryan MacDonald,1993-03-18,,33,name+opponents(2)+age,14,2015-03-21,2023-04-29,0,2026-10-07
http://ufcstats.com/fighter-details/35faad160d346839,Mizuto Hirota,ufcstats,gidstats,https://gidstats.com/fighters/mizuto_hirota.html,,https://gidstats.com/fighters/mizuto_hirota.html,Mizuto Hirota,1981-05-05,,45,name+opponents(7)+age,33,2005-02-06,2019-07-28,0,2026-10-07
http://ufcstats.com/fighter-details/3618e0632ecdba9c,Keiichiro Nakamura,ufcstats+card,gidstats,https://gidstats.com/fighters/keiichiro_nakamura.html,,https://gidstats.com/fighters/keiichiro_nakamura.html,Keiichiro Nakamura,1998-12-02,,27,name+opponents(2)+age,9,2022-04-24,2026-01-31,0,2026-10-07
http://ufcstats.com/fighter-details/361d49960a196976,Daniel Pineda,ufcstats,gidstats,https://gidstats.com/fighters/daniel_pineda.html,,https://gidstats.com/fighters/daniel_pineda.html,Daniel Pineda,1985-08-06,,41,name+opponents(14)+age,48,2007-04-13,2024-10-19,2,2026-10-07
http://ufcstats.com/fighter-details/36207c58e854cae5,Dashon Johnson,ufcstats,gidstats,https://gidstats.com/fighters/dashon_johnson.html,,https://gidstats.com/fighters/dashon_johnson.html,Dashon Johnson,1988-01-25,,38,name+opponents(1)+age,11,2012-11-17,2014-09-13,6,2026-10-07
http://ufcstats.com/fighter-details/3623bd267a2eef2e,Yaotzin Meza,ufcstats,gidstats,https://gidstats.com/fighters/yaotzin_meza.html,,https://gidstats.com/fighters/yaotzin_meza.html,Yaotzin Meza,1981-02-04,,45,name+opponents(7)+age,35,2006-04-29,2018-09-14,0,2026-10-07
http://ufcstats.com/fighter-details/36541f1e6c5d4955,Viviane Araujo,ufcstats,gidstats,https://gidstats.com/fighters/viviane_araujo.html,,https://gidstats.com/fighters/viviane_araujo.html,Viviane Araujo,1986-11-21,,39,name+opponents(12)+age,21,2015-10-11,2026-04-11,0,2026-10-07
http://ufcstats.com/fighter-details/36549928f90f1d36,Jose Quinonez,ufcstats,gidstats,https://gidstats.com/fighters/jose_quinonez.html,,https://gidstats.com/fighters/jose_quinonez.html,Jose Quinonez,1990-07-28,,36,name+opponents(9)+age,19,2013-03-16,2023-11-24,1,2026-10-07
http://ufcstats.com/fighter-details/365fee2da473b177,Anthony Johnson,ufcstats,gidstats,https://gidstats.com/fighters/anthony_johnson.html,,https://gidstats.com/fighters/anthony_johnson.html,Anthony Johnson,1984-03-06,,34,"name+opponents(9) AGE_CONFLICT(gid 34, dob 1984-03-06)",29,2006-08-18,2021-05-07,4,2026-10-07
http://ufcstats.com/fighter-details/369e1ce458ef50a6,Ruslan Magomedov,ufcstats,gidstats,https://gidstats.com/fighters/ruslan_magomedov.html,,https://gidstats.com/fighters/ruslan_magomedov.html,Ruslan Magomedov,1986-11-26,,39,name+opponents(3)+age,18,2010-11-13,2021-07-16,0,2026-10-07
http://ufcstats.com/fighter-details/369ea36e450ae62a,Armen Petrosyan,ufcstats+dwcs,gidstats,https://gidstats.com/fighters/armen_petrosyan.html,,https://gidstats.com/fighters/armen_petrosyan.html,Armen Petrosyan,1990-11-03,,35,name+opponents(8)+age,13,2018-10-12,2025-03-08,0,2026-10-07
http://ufcstats.com/fighter-details/36b8f265bcd1b7a4,Abus Magomedov,ufcstats+card,gidstats,https://gidstats.com/fighters/abusupiyan_magomedov.html,,https://gidstats.com/fighters/abusupiyan_magomedov.html,Abus Magomedov,1990-09-02,,36,name+opponents(9)+age,37,2010-02-26,2026-06-27,0,2026-10-07
http://ufcstats.com/fighter-details/36df8e119aec6175,Sarah Kaufman,ufcstats,gidstats,https://gidstats.com/fighters/sarah_kaufman.html,,https://gidstats.com/fighters/sarah_kaufman.html,Sarah Kaufman,1985-09-20,,41,name+opponents(4)+age,28,2006-06-03,2021-11-20,1,2026-10-07
http://ufcstats.com/fighter-details/36e78278a77006d4,Connor Matthews,ufcstats+dwcs,gidstats,https://gidstats.com/fighters/connor_matthews.html,,https://gidstats.com/fighters/connor_matthews.html,Connor Matthews,1992-05-31,,34,name+opponents(5)+age,11,2019-08-24,2025-05-17,0,2026-10-07
http://ufcstats.com/fighter-details/36fbaa49a09ff997,Brian Houston,ufcstats,gidstats,https://gidstats.com/fighters/brian_houston.html,,https://gidstats.com/fighters/brian_houston.html,Brian Houston,1981-04-26,,39,"name+opponents(2) AGE_CONFLICT(gid 39, dob 1981-04-26)",13,2012-04-13,2023-06-24,3,2026-10-07
http://ufcstats.com/fighter-details/37098a6e6c27fb66,Vince Morales,ufcstats+dwcs,gidstats,https://gidstats.com/fighters/vince_morales.html,,https://gidstats.com/fighters/vince_morales.html,Vince Morales,1990-11-12,,35,name+opponents(12)+age,26,2015-05-15,2025-03-29,0,2026-10-07
http://ufcstats.com/fighter-details/3738e68d2261e60f,Andrei Arlovski,ufcstats,gidstats,https://gidstats.com/fighters/andrei_arlovski.html,,https://gidstats.com/fighters/andrei_arlovski.html,Andrei Arlovski,1979-02-04,,47,name+opponents(28)+age,60,1999-04-09,2024-06-29,0,2026-10-07
http://ufcstats.com/fighter-details/3753714927f18437,Mohammad Yahya,ufcstats,gidstats,https://gidstats.com/fighters/mohammad_yahya.html,,https://gidstats.com/fighters/mohammad_yahya.html,Mohammad Yahya,1994-05-23,,32,name+opponents(3)+age,18,2014-03-07,2025-07-26,0,2026-10-07
http://ufcstats.com/fighter-details/37c5366d18ed6c05,Roosevelt Roberts,ufcstats+dwcs,gidstats,https://gidstats.com/fighters/roosevelt_roberts.html,,https://gidstats.com/fighters/roosevelt_roberts.html,Roosevelt Roberts,1994-02-11,,32,name+opponents(11)+age,20,2016-10-22,2024-09-28,0,2026-10-07
http://ufcstats.com/fighter-details/37cc294027f55e4d,Austin Springer,ufcstats+dwcs,gidstats,https://gidstats.com/fighters/austin_springer.html,,https://gidstats.com/fighters/austin_springer.html,Austin Springer,1987-05-12,,39,name+opponents(2)+age,16,2011-12-03,2020-08-29,0,2026-10-07
http://ufcstats.com/fighter-details/37d5b176d438d2a5,Karl Roberson,ufcstats+dwcs,gidstats,https://gidstats.com/fighters/karl_roberson.html,,https://gidstats.com/fighters/karl_roberson.html,Karl Roberson,1990-10-04,,36,name+opponents(11)+age,15,2015-06-05,2022-07-09,3,2026-10-07
http://ufcstats.com/fighter-details/37d752ec41ed84bb,Maria Oliveira,ufcstats,gidstats,https://gidstats.com/fighters/maria_oliveira.html,,https://gidstats.com/fighters/maria_oliveira.html,Maria Oliveira,1996-12-12,,29,name+opponents(4)+age,20,2015-09-27,2023-06-10,1,2026-10-07
http://ufcstats.com/fighter-details/37e03538c960bac6,Abdul-Kerim Edilov,ufcstats,gidstats,https://gidstats.com/fighters/abdul-kerim_edilov.html,,https://gidstats.com/fighters/abdul-kerim_edilov.html,Abdul-Kerim Edilov,1991-11-25,,29,"name+opponents(1) AGE_CONFLICT(gid 29, dob 1991-11-25)",21,2010-03-10,2017-09-02,4,2026-10-07
http://ufcstats.com/fighter-details/37ed1ab2f8b819f4,Brad Riddell,ufcstats,gidstats,https://gidstats.com/fighters/brad_riddell.html,,https://gidstats.com/fighters/brad_riddell.html,Brad Riddell,1991-09-30,,35,name+opponents(7)+age,14,2013-08-31,2022-11-12,2,2026-10-07
http://ufcstats.com/fighter-details/37f560436d745c18,Nikolas Motta,ufcstats+dwcs,gidstats,https://gidstats.com/fighters/nikolas_motta.html,,https://gidstats.com/fighters/nikolas_motta.html,Nikolas Motta,1993-02-08,,33,name+opponents(8)+age,24,2012-05-18,2025-06-21,0,2026-10-07
http://ufcstats.com/fighter-details/38c5817ade8a8014,Ivana Petrovic,ufcstats,gidstats,https://gidstats.com/fighters/ivana_petrovi.html,,https://gidstats.com/fighters/ivana_petrovi.html,Ivana Petrović,1994-06-11,,32,name+opponents(3)+age,12,2021-07-24,2026-05-16,0,2026-10-07
http://ufcstats.com/fighter-details/38c626ca912c7bac,Damir Hadzovic,ufcstats,gidstats,https://gidstats.com/fighters/damir_hadzovic.html,,https://gidstats.com/fighters/damir_hadzovic.html,Damir Hadzovic,1986-08-08,,40,name+opponents(10)+age,22,2009-11-14,2025-02-01,0,2026-10-07
http://ufcstats.com/fighter-details/38c7f72747f4f712,Gillian Robertson,ufcstats,gidstats,https://gidstats.com/fighters/gillian_robertson.html,,https://gidstats.com/fighters/gillian_robertson.html,Gillian Robertson,1995-05-17,,31,name+opponents(21)+age,27,2016-03-11,2026-08-15,9,2026-10-07
http://ufcstats.com/fighter-details/38ed5a2299230227,Filip Pejic,ufcstats,gidstats,https://gidstats.com/fighters/filip_pejic.html,,https://gidstats.com/fighters/filip_pejic.html,Filip Pejic,1992-07-21,,34,name+opponents(1)+age,26,2011-10-01,2023-05-28,0,2026-10-07
http://ufcstats.com/fighter-details/3920d0cc288f9b0d,Francisco Prado,ufcstats+card,gidstats,https://gidstats.com/fighters/francisco_prado.html,,https://gidstats.com/fighters/francisco_prado.html,Francisco Prado,2002-06-16,,24,name+opponents(7)+age,17,2019-07-06,2026-04-11,0,2026-10-07
http://ufcstats.com/fighter-details/39330403ad27c2bb,Patrick Williams,ufcstats,gidstats,https://gidstats.com/fighters/patrick_williams.html,,https://gidstats.com/fighters/patrick_williams.html,Patrick Williams,1981-09-07,,45,name+opponents(4)+age,14,2010-08-21,2018-04-14,0,2026-10-07
http://ufcstats.com/fighter-details/3956bdc8ab2e54b3,John Gunther,ufcstats,gidstats,https://gidstats.com/fighters/john_gunther.html,,https://gidstats.com/fighters/john_gunther.html,John Gunther,1985-11-24,,40,name+opponents(2)+age,10,2015-03-07,2018-11-10,0,2026-10-07
http://ufcstats.com/fighter-details/396fe87b84ac2e1c,Lerone Murphy,ufcstats,gidstats,https://gidstats.com/fighters/lerone_murphy.html,,https://gidstats.com/fighters/lerone_murphy.html,Lerone Murphy,1991-07-22,,29,"name+opponents(11) AGE_CONFLICT(gid 29, dob 1991-07-22)",18,2016-03-05,2025-08-16,0,2026-10-07
http://ufcstats.com/fighter-details/3974fa35c917af1d,Ricardo Lamas,ufcstats,gidstats,https://gidstats.com/fighters/ricardo_lamas.html,,https://gidstats.com/fighters/ricardo_lamas.html,Ricardo Lamas,1982-05-21,,44,name+opponents(17)+age,28,2008-01-25,2020-08-29,0,2026-10-07
http://ufcstats.com/fighter-details/399afbabc02376b5,Tom Aspinall,ufcstats,gidstats,https://gidstats.com/fighters/tom_aspinall.html,,https://gidstats.com/fighters/tom_aspinall.html,Tom Aspinall,1993-04-11,,33,name+opponents(9)+age,19,2014-12-13,2025-10-25,1,2026-10-07
http://ufcstats.com/fighter-details/39cc64bf0a269db9,Niklas Backstrom,ufcstats,gidstats,https://gidstats.com/fighters/niklas_backstrom.html,,https://gidstats.com/fighters/niklas_backstrom.html,Niklas Backstrom,1989-08-22,,37,name+opponents(3)+age,16,2009-10-31,2022-01-15,0,2026-10-07
http://ufcstats.com/fighter-details/39d309957c5c210d,Mario Pinto,ufcstats+dwcs,gidstats,https://gidstats.com/fighters/mario_pinto.html,,https://gidstats.com/fighters/mario_pinto.html,Mario Pinto,1998-03-14,,28,name+opponents(4)+age,11,2021-10-02,2025-10-11,0,2026-10-07
http://ufcstats.com/fighter-details/39d91e95949de3d9,Felicia Spencer,ufcstats,gidstats,https://gidstats.com/fighters/felicia_spencer.html,,https://gidstats.com/fighters/felicia_spencer.html,Felicia Spencer,1990-11-29,,35,name+opponents(5)+age,12,2015-09-12,2021-11-13,1,2026-10-07
http://ufcstats.com/fighter-details/3a12a2f096a6d975,Roger Narvaez,ufcstats,gidstats,https://gidstats.com/fighters/roger_narvaez.html,,https://gidstats.com/fighters/roger_narvaez.html,Roger Narvaez,1983-09-09,,43,name+opponents(3)+age,12,2011-10-15,2019-08-30,1,2026-10-07
http://ufcstats.com/fighter-details/3a24769a4855040a,Diego Nunes,ufcstats,gidstats,https://gidstats.com/fighters/diego_nunes.html,,https://gidstats.com/fighters/diego_nunes.html,Diego Nunes,1982-11-30,,43,name+opponents(6)+age,32,2004-05-15,2023-05-26,0,2026-10-07
http://ufcstats.com/fighter-details/3a314d9fa7c6825d,Douglas Silva de Andrade,ufcstats,gidstats,https://gidstats.com/fighters/douglas_silva_de_andrade.html,,https://gidstats.com/fighters/douglas_silva_de_andrade.html,Douglas Silva de Andrade,1985-06-22,,41,name+opponents(14)+age,37,2007-05-11,2026-02-28,0,2026-10-07
http://ufcstats.com/fighter-details/3a46b268013afede,Kevin Holland,ufcstats+dwcs+card,gidstats,https://gidstats.com/fighters/kevin_holland.html,,https://gidstats.com/fighters/kevin_holland.html,Kevin Holland,1992-11-05,,33,name+opponents(31)+age,45,2015-03-28,2026-04-11,6,2026-10-07
http://ufcstats.com/fighter-details/3a524c6700addc24,Tateki Matsuda,ufcstats,gidstats,https://gidstats.com/fighters/tateki_matsuda.html,,https://gidstats.com/fighters/tateki_matsuda.html,Tateki Matsuda,1986-02-27,,40,name+opponents(2)+age,27,2008-07-19,2022-04-02,0,2026-10-07
http://ufcstats.com/fighter-details/3a8176e15b9887c1,Chris Weidman,ufcstats,gidstats,https://gidstats.com/fighters/chris_weidman.html,,https://gidstats.com/fighters/chris_weidman.html,Chris Weidman,1984-06-17,,42,name+opponents(19)+age,24,2009-02-20,2024-12-07,4,2026-10-07
http://ufcstats.com/fighter-details/3aa794cbe1e3484b,Josh Copeland,ufcstats,gidstats,https://gidstats.com/fighters/josh_copeland.html,,https://gidstats.com/fighters/josh_copeland.html,Josh Copeland,1982-10-20,,43,name+opponents(2)+age,26,2012-06-22,2019-12-14,2,2026-10-07
http://ufcstats.com/fighter-details/3ae10ac4df3df05c,Jesse Lennox,ufcstats,gidstats,https://gidstats.com/fighters/jesse_lennox.html,,https://gidstats.com/fighters/jesse_lennox.html,Jesse Lennox,1982-03-10,,44,name+opponents(2)+age,18,2005-08-27,2010-06-12,0,2026-10-07
http://ufcstats.com/fighter-details/3b0a516d2921e0d6,Batgerel Danaa,ufcstats,gidstats,https://gidstats.com/fighters/danaa_batgerel.html,,https://gidstats.com/fighters/danaa_batgerel.html,Danaa Batgerel,1989-07-04,,37,name+opponents(6)+age,17,2011-10-30,2023-04-22,0,2026-10-07
http://ufcstats.com/fighter-details/3b9f723e2720a238,Roger Bowling,ufcstats,gidstats,https://gidstats.com/fighters/roger_bowling.html,,https://gidstats.com/fighters/roger_bowling.html,Roger Bowling,1982-12-05,,43,name+opponents(2)+age,19,2007-06-23,2016-10-28,0,2026-10-07
http://ufcstats.com/fighter-details/3bad7ef643840f67,Joe Lauzon,ufcstats,gidstats,https://gidstats.com/fighters/joe_lauzon.html,,https://gidstats.com/fighters/joe_lauzon.html,Joe Lauzon,1984-05-22,,42,name+opponents(20)+age,46,2004-02-21,2019-10-18,1,2026-10-07
http://ufcstats.com/fighter-details/3bb2dc8e87b10a46,David Zawada,ufcstats,gidstats,https://gidstats.com/fighters/david_zawada.html,,https://gidstats.com/fighters/david_zawada.html,David Zawada,1990-08-01,,36,name+opponents(5)+age,32,2010-11-07,2026-01-17,0,2026-10-07
http://ufcstats.com/fighter-details/3bc3f60b21cddc6a,Azamat Bekoev,ufcstats+card,gidstats,https://gidstats.com/fighters/bekoev_azamat.html,,https://gidstats.com/fighters/bekoev_azamat.html,Azamat Bekoev,1995-12-30,,30,name+opponents(5)+age,25,2015-09-27,2026-04-04,0,2026-10-07
http://ufcstats.com/fighter-details/3be081c29bf734d9,Takanori Gomi,ufcstats,gidstats,https://gidstats.com/fighters/takanori_gomi.html,,https://gidstats.com/fighters/takanori_gomi.html,Takanori Gomi,1978-09-22,,48,name+opponents(13)+age,54,1998-11-27,2018-07-29,6,2026-10-07
http://ufcstats.com/fighter-details/3be16d817b36098b,DongHun Choi,ufcstats,gidstats,https://gidstats.com/fighters/dong_hoon_choi.html,,https://gidstats.com/fighters/dong_hoon_choi.html,DongHun Choi,1999-01-02,,27,name+opponents(1)+age,9,2021-07-17,2024-11-23,0,2026-10-07
http://ufcstats.com/fighter-details/3c0437fbeda06962,George Roop,ufcstats,gidstats,https://gidstats.com/fighters/george_roop.html,,https://gidstats.com/fighters/george_roop.html,George Roop,1981-11-10,,44,name+opponents(10)+age,32,2006-05-26,2016-05-14,0,2026-10-07
http://ufcstats.com/fighter-details/3c26c420584d912d,Hailey Cowan,ufcstats+dwcs,gidstats,https://gidstats.com/fighters/hailey_cowan.html,,https://gidstats.com/fighters/hailey_cowan.html,Hailey Cowan,1992-02-12,,34,name+opponents(5)+age,12,2018-05-25,2026-04-04,0,2026-10-07
http://ufcstats.com/fighter-details/3c5005b66696d790,Anthony Ivy,ufcstats,gidstats,https://gidstats.com/fighters/anthony_ivy.html,,https://gidstats.com/fighters/anthony_ivy.html,Anthony Ivy,1990-01-23,,36,name+opponents(2)+age,23,2015-08-28,2025-06-12,0,2026-10-07
http://ufcstats.com/fighter-details/3c660c90d48fc80d,Tim Kennedy,ufcstats,gidstats,https://gidstats.com/fighters/tim_kennedy.html,,https://gidstats.com/fighters/tim_kennedy.html,Tim Kennedy,1979-09-01,,47,name+opponents(5)+age,24,2001-08-31,2016-12-10,0,2026-10-07
http://ufcstats.com/fighter-details/3c6976f8182d9527,Alexander Gustafsson,ufcstats,gidstats,https://gidstats.com/fighters/alexander_gustafsson.html,,https://gidstats.com/fighters/alexander_gustafsson.html,Alexander Gustafsson,1987-01-15,,39,name+opponents(16)+age,26,2007-11-17,2022-07-23,1,2026-10-07
http://ufcstats.com/fighter-details/3c8a5200436e19f3,Cameron Saaiman,ufcstats+dwcs,gidstats,https://gidstats.com/fighters/cameron_saaiman.html,,https://gidstats.com/fighters/cameron_saaiman.html,Cameron Saaiman,2000-12-20,,25,name+opponents(7)+age,12,2019-12-14,2025-04-26,0,2026-10-07
http://ufcstats.com/fighter-details/3c921b1a30fdcbdd,Mike Ricci,ufcstats,gidstats,https://gidstats.com/fighters/mike_ricci.html,,https://gidstats.com/fighters/mike_ricci.html,Mike Ricci,1986-03-18,,40,name+opponents(3)+age,20,2008-06-07,2016-06-17,0,2026-10-07
http://ufcstats.com/fighter-details/3cc506f115cbb9d5,Mantas Kondratavicius,ufcstats+dwcs+card,gidstats,https://gidstats.com/fighters/mantas_kondrataviius.html,,https://gidstats.com/fighters/mantas_kondrataviius.html,Mantas Kondratavičius,1999-07-17,,27,name+opponents(3)+age,10,2021-02-08,2026-03-21,6,2026-10-07
http://ufcstats.com/fighter-details/3cf18e01cb6cbde3,Sumudaerji,ufcstats,gidstats,https://gidstats.com/fighters/su_mudaerji.html,,https://gidstats.com/fighters/su_mudaerji.html,Su Mudaerji,1996-01-20,,30,name+opponents(11)+age,27,2016-01-13,2026-05-30,0,2026-10-07
http://ufcstats.com/fighter-details/3cf66c62d9069f43,Lucie Pudilova,ufcstats,gidstats,https://gidstats.com/fighters/lucie_pudilova.html,,https://gidstats.com/fighters/lucie_pudilova.html,Lucie Pudilova,1994-06-13,,32,name+opponents(11)+age,29,2014-02-14,2026-01-31,4,2026-10-07
http://ufcstats.com/fighter-details/3d074044a33825e7,Ramiz Brahimaj,ufcstats,gidstats,https://gidstats.com/fighters/ramiz_brahimaj.html,,https://gidstats.com/fighters/ramiz_brahimaj.html,Ramiz Brahimaj,1992-11-17,,33,name+opponents(10)+age,20,2014-10-25,2026-08-15,0,2026-10-07
http://ufcstats.com/fighter-details/3d5b1ce6097dbb49,Augusto Mendes,ufcstats,gidstats,https://gidstats.com/fighters/augusto_mendes.html,,https://gidstats.com/fighters/augusto_mendes.html,Augusto Mendes,1983-03-03,,43,name+opponents(3)+age,9,2014-04-05,2019-06-08,22,2026-10-07
http://ufcstats.com/fighter-details/3d6749c4267da18f,Joanna Jedrzejczyk,ufcstats,gidstats,https://gidstats.com/fighters/joanna_jedrzejczyk.html,,https://gidstats.com/fighters/joanna_jedrzejczyk.html,Joanna Jedrzejczyk,1987-08-18,,39,name+opponents(12)+age,21,2012-05-19,2022-06-11,1,2026-10-07
http://ufcstats.com/fighter-details/3dc3022232b79c7a,Brian Foster,ufcstats,gidstats,https://gidstats.com/fighters/brian_foster.html,,https://gidstats.com/fighters/brian_foster.html,Brian Foster,1984-04-03,,42,name+opponents(3)+age,40,2006-07-14,2020-08-15,7,2026-10-07
http://ufcstats.com/fighter-details/3dd92ff9fb0412b3,Ali Bagautinov,ufcstats,gidstats,https://gidstats.com/fighters/ali_bagautinov.html,,https://gidstats.com/fighters/ali_bagautinov.html,Ali Bagautinov,1985-06-10,,41,name+opponents(7)+age,28,2010-06-23,2021-11-06,2,2026-10-07
http://ufcstats.com/fighter-details/3dd949593346dbc3,Craig White,ufcstats,gidstats,https://gidstats.com/fighters/craig_white.html,,https://gidstats.com/fighters/craig_white.html,Craig White,1990-07-01,,36,name+opponents(2)+age,26,2009-11-06,2020-09-25,0,2026-10-07
http://ufcstats.com/fighter-details/3df223aeaacecf3f,Lucas Fernando,ufcstats+dwcs+card,gidstats,https://gidstats.com/fighters/lucas_fernando.html,,https://gidstats.com/fighters/lucas_fernando.html,Lucas Fernando,1997-01-10,,29,name+opponents(3)+age,17,2017-07-08,2026-08-15,0,2026-10-07
http://ufcstats.com/fighter-details/3df5493bb279226f,Amanda Lemos,ufcstats,gidstats,https://gidstats.com/fighters/amanda_lemos.html,,https://gidstats.com/fighters/amanda_lemos.html,Amanda Lemos,1987-05-22,,39,name+opponents(14)+age,22,2014-07-17,2026-03-14,0,2026-10-07
http://ufcstats.com/fighter-details/3e61082025db8137,Yosdenis Cedeno,ufcstats,gidstats,https://gidstats.com/fighters/yosdenis_cedeno.html,,https://gidstats.com/fighters/yosdenis_cedeno.html,Yosdenis Cedeno,1985-02-12,,41,name+opponents(4)+age,19,2009-02-20,2019-02-16,3,2026-10-07
http://ufcstats.com/fighter-details/3e708ce33b6b18e6,Victor Martinez,ufcstats+dwcs,gidstats,https://gidstats.com/fighters/victor_martinez.html,,https://gidstats.com/fighters/victor_martinez.html,Victor Martinez,1991-07-17,,35,name+opponents(3)+age,20,2011-11-11,2026-05-28,0,2026-10-07
http://ufcstats.com/fighter-details/3e8118c1ab52f211,Tuco Tokkos,ufcstats,gidstats,https://gidstats.com/fighters/george_tokkos.html,,https://gidstats.com/fighters/george_tokkos.html,Tuco Tokkos,1990-06-30,,36,name+opponents(2)+age,14,2017-09-09,2024-05-18,0,2026-10-07
http://ufcstats.com/fighter-details/3eb4dc9a7d4ac906,Ramona Pascual,ufcstats,gidstats,https://gidstats.com/fighters/ramona_pascual.html,,https://gidstats.com/fighters/ramona_pascual.html,Ramona Pascual,1988-09-23,,38,name+opponents(3)+age,11,2016-08-20,2022-11-05,0,2026-10-07
http://ufcstats.com/fighter-details/3ec1e4ba98c9c85a,JC Cottrell,ufcstats,gidstats,https://gidstats.com/fighters/jc_cottrell.html,,https://gidstats.com/fighters/jc_cottrell.html,J.C. Cottrell,1989-11-04,,36,name+opponents(2)+age,22,2009-11-07,2017-01-28,0,2026-10-07
http://ufcstats.com/fighter-details/3ecd936bd8814108,Cat Zingano,ufcstats,gidstats,https://gidstats.com/fighters/cat_zingano.html,,https://gidstats.com/fighters/cat_zingano.html,Cat Zingano,1982-07-01,,44,name+opponents(7)+age,19,2008-06-13,2023-10-07,0,2026-10-07
http://ufcstats.com/fighter-details/3eeec2f53cebdf12,Jackson McVey,ufcstats,gidstats,https://gidstats.com/fighters/jackson_mcvey.html,,https://gidstats.com/fighters/jackson_mcvey.html,Jackson McVey,1999-03-25,,27,name+opponents(4)+age,9,2023-01-13,2026-04-25,0,2026-10-07
http://ufcstats.com/fighter-details/3f11b5d4bd76a6d9,Damian Grabowski,ufcstats,gidstats,https://gidstats.com/fighters/damian_grabowski.html,,https://gidstats.com/fighters/damian_grabowski.html,Damian Grabowski,1980-05-12,,46,name+opponents(3)+age,28,2007-06-24,2019-05-18,0,2026-10-07
http://ufcstats.com/fighter-details/3f11fd1751fa83b1,Yizha,ufcstats,gidstats,https://gidstats.com/fighters/zha_yi.html,,https://gidstats.com/fighters/zha_yi.html,Yi Zha,1997-01-08,,29,name+opponents(4)+age,31,2015-07-05,2025-08-23,0,2026-10-07
http://ufcstats.com/fighter-details/3f1d23b01c552a13,Michael Graves,ufcstats,gidstats,https://gidstats.com/fighters/michael_graves.html,,https://gidstats.com/fighters/michael_graves.html,Michael Graves,1991-01-08,,36,name+age,5,2016-04-23,2017-10-20,0,2026-10-07
http://ufcstats.com/fighter-details/3f4c3bc822bea45d,Melissa Martinez,ufcstats,gidstats,https://gidstats.com/fighters/melissa_martinez.html,,https://gidstats.com/fighters/melissa_martinez.html,Melissa Martinez,1997-08-18,,29,name+opponents(3)+age,10,2016-05-14,2025-07-12,0,2026-10-07
http://ufcstats.com/fighter-details/3f52ce18fb98008f,Akira Corassani,ufcstats,gidstats,https://gidstats.com/fighters/akira_corassani.html,,https://gidstats.com/fighters/akira_corassani.html,Akira Corassani,1982-08-27,,44,name+opponents(6)+age,22,2007-05-20,2015-01-24,0,2026-10-07
http://ufcstats.com/fighter-details/3f56b99447f00607,Paul Redmond,ufcstats,gidstats,https://gidstats.com/fighters/paul_redmond.html,,https://gidstats.com/fighters/paul_redmond.html,Paul Redmond,1986-10-20,,39,name+opponents(2)+age,23,2011-05-28,2020-02-22,1,2026-10-07
http://ufcstats.com/fighter-details/3f7c14c7eca7195d,Roy Nelson,ufcstats,gidstats,https://gidstats.com/fighters/roy_nelson.html,,https://gidstats.com/fighters/roy_nelson.html,Roy Nelson,1976-06-20,,50,name+opponents(16)+age,42,2004-04-17,2020-08-21,3,2026-10-07
http://ufcstats.com/fighter-details/3f7dab21b6c971bc,Dequan Townsend,ufcstats,gidstats,https://gidstats.com/fighters/dequan_townsend.html,,https://gidstats.com/fighters/dequan_townsend.html,Dequan Townsend,1986-05-11,,40,name+opponents(4)+age,37,2012-02-18,2023-05-26,0,2026-10-07
http://ufcstats.com/fighter-details/3fa7688bfe48a493,Yoshinori Horie,ufcstats,gidstats,https://gidstats.com/fighters/yoshinori_horie.html,,https://gidstats.com/fighters/yoshinori_horie.html,Yoshinori Horie,1995-05-10,,31,name+opponents(1)+age,19,2016-10-02,2025-06-14,0,2026-10-07
http://ufcstats.com/fighter-details/3fa97913cfd205d3,Alessandro Costa,ufcstats+dwcs+card,gidstats,https://gidstats.com/fighters/alessandro_costa.html,,https://gidstats.com/fighters/alessandro_costa.html,Alessandro Costa,1996-01-28,,30,name+opponents(9)+age,22,2015-12-05,2026-07-11,0,2026-10-07
http://ufcstats.com/fighter-details/40093d1d2d78394e,Charles Rosa,ufcstats,gidstats,https://gidstats.com/fighters/charles_rosa.html,,https://gidstats.com/fighters/charles_rosa.html,Charles Rosa,1986-08-24,,40,name+opponents(13)+age,26,2012-08-24,2024-08-03,2,2026-10-07
http://ufcstats.com/fighter-details/404ecb2700844072,DeAnna Bennett,ufcstats,gidstats,https://gidstats.com/fighters/deanna_bennett.html,,https://gidstats.com/fighters/deanna_bennett.html,DeAnna Bennett,1984-11-18,,41,name+opponents(1)+age,29,2012-02-24,2025-05-16,2,2026-10-07
http://ufcstats.com/fighter-details/40a456a25d52ee65,Rolando Bedoya,ufcstats,gidstats,https://gidstats.com/fighters/rolando_bedoya.html,,https://gidstats.com/fighters/rolando_bedoya.html,Rolando Bedoya,1997-01-13,,29,name+opponents(4)+age,19,2014-05-24,2025-09-27,0,2026-10-07
http://ufcstats.com/fighter-details/40a7ec5d1ad6ffa8,Anna Melisano,ufcstats,gidstats,https://gidstats.com/fighters/anna_crutchfield.html,,https://gidstats.com/fighters/anna_crutchfield.html,Anna Melisano,1997-05-20,,29,name+age,4,2023-04-01,2024-09-22,0,2026-10-07
http://ufcstats.com/fighter-details/40cb680ae1cd331f,Yazmin Jauregui,ufcstats,gidstats,https://gidstats.com/fighters/yazmin_jauregui.html,,https://gidstats.com/fighters/yazmin_jauregui.html,Yazmin Jauregui,1999-02-28,,27,name+opponents(5)+age,13,2018-11-10,2024-09-14,0,2026-10-07
http://ufcstats.com/fighter-details/40d8b74488743800,Carlton Minus,ufcstats,gidstats,https://gidstats.com/fighters/carlton_minus.html,,https://gidstats.com/fighters/carlton_minus.html,Carlton Minus,1993-04-26,,33,name+opponents(2)+age,18,2014-05-21,2023-03-24,0,2026-10-07
http://ufcstats.com/fighter-details/40f3cb27fc7305a1,Themba Gorimbo,ufcstats,gidstats,https://gidstats.com/fighters/gorimbo_temba.html,,https://gidstats.com/fighters/gorimbo_temba.html,Themba Gorimbo,1991-01-23,,35,name+opponents(7)+age,20,2013-06-15,2025-11-01,0,2026-10-07
http://ufcstats.com/fighter-details/40ff198adda94b9f,Mark Eddiva,ufcstats,gidstats,https://gidstats.com/fighters/mark_eddiva.html,,https://gidstats.com/fighters/mark_eddiva.html,Mark Eddiva,1986-02-16,,40,name+opponents(3)+age,9,2006-04-15,2016-03-19,0,2026-10-07
http://ufcstats.com/fighter-details/4100c7a09497ad41,Kay Hansen,ufcstats,gidstats,https://gidstats.com/fighters/kay_hansen.html,,https://gidstats.com/fighters/kay_hansen.html,Kay Hansen,1999-08-14,,27,name+opponents(4)+age,15,2017-12-08,2024-06-28,1,2026-10-07
http://ufcstats.com/fighter-details/411539901068522f,Jodie Esquibel,ufcstats,gidstats,https://gidstats.com/fighters/jodie_esquibel.html,,https://gidstats.com/fighters/jodie_esquibel.html,Jodie Esquibel,1986-05-07,,40,name+opponents(4)+age,14,2011-04-08,2021-08-27,0,2026-10-07
http://ufcstats.com/fighter-details/411d012af19ecb59,Chris Spang,ufcstats,gidstats,https://gidstats.com/fighters/chris_spang.html,,https://gidstats.com/fighters/chris_spang.html,Chris Spang,1987-11-26,,38,name+opponents(1)+age,9,2008-10-25,2016-06-04,0,2026-10-07
http://ufcstats.com/fighter-details/4126a78111c0855a,Caio Borralho,ufcstats+dwcs+card,gidstats,https://gidstats.com/fighters/caio_borralho.html,,https://gidstats.com/fighters/caio_borralho.html,Caio Borralho,1993-01-16,,33,name+opponents(12)+age,21,2014-12-13,2026-03-07,2,2026-10-07
http://ufcstats.com/fighter-details/4130a743d9d22163,Alan Belcher,ufcstats,gidstats,https://gidstats.com/fighters/alan_belcher.html,,https://gidstats.com/fighters/alan_belcher.html,Alan Belcher,1984-04-24,,42,name+opponents(5)+age,26,2004-07-24,2013-04-27,12,2026-10-07
http://ufcstats.com/fighter-details/4144798612ef96e5,Edmen Shahbazyan,ufcstats+dwcs,gidstats,https://gidstats.com/fighters/edmen_shahbazyan.html,,https://gidstats.com/fighters/edmen_shahbazyan.html,Edmen Shahbazyan,1997-11-20,,28,name+opponents(17)+age,22,2017-02-25,2026-06-06,0,2026-10-07
http://ufcstats.com/fighter-details/4148802ae4a50768,Daniel Zellhuber,ufcstats+dwcs,gidstats,https://gidstats.com/fighters/daniel_zellhuber.html,,https://gidstats.com/fighters/daniel_zellhuber.html,Daniel Zellhuber,1999-07-07,,27,name+opponents(7)+age,19,2016-09-24,2026-02-28,0,2026-10-07
http://ufcstats.com/fighter-details/41498c2d1a87b154,Zviad Lazishvili,ufcstats,gidstats,https://gidstats.com/fighters/zviad_lazishvili.html,,https://gidstats.com/fighters/zviad_lazishvili.html,Zviad Lazishvili,1991-10-25,,34,name+opponents(1)+age,14,2011-02-20,2021-10-23,0,2026-10-07
http://ufcstats.com/fighter-details/41523699f37d400c,Sean King III,ufcstats,gidstats,https://gidstats.com/fighters/sean_king.html,,https://gidstats.com/fighters/sean_king.html,Sean King,2003-10-17,,22,name+opponents(1)+age,6,2025-04-11,2026-07-24,0,2026-10-07
http://ufcstats.com/fighter-details/41cc71cbf210e0fe,Hyder Amil,ufcstats+dwcs,gidstats,https://gidstats.com/fighters/hyder_amil.html,,https://gidstats.com/fighters/hyder_amil.html,Hyder Amil,1990-05-28,,36,name+opponents(7)+age,14,2017-11-18,2026-06-20,0,2026-10-07
http://ufcstats.com/fighter-details/41e83a89929d1327,Jailton Almeida,ufcstats,gidstats,https://gidstats.com/fighters/jailton_junior.html,,https://gidstats.com/fighters/jailton_junior.html,Jailton Almeida,1991-06-26,,35,name+opponents(11)+age,27,2012-09-29,2026-02-07,6,2026-10-07
http://ufcstats.com/fighter-details/41f90012b86a11bf,Raphael Pessoa,ufcstats,gidstats,https://gidstats.com/fighters/raphael_pessoa.html,,https://gidstats.com/fighters/raphael_pessoa.html,Raphael Pessoa,1989-03-09,,37,name+opponents(3)+age,15,2016-12-10,2022-07-22,0,2026-10-07
http://ufcstats.com/fighter-details/4234f0097c83fa62,Sijara Eubanks,ufcstats,gidstats,https://gidstats.com/fighters/sijara_eubanks.html,,https://gidstats.com/fighters/sijara_eubanks.html,Sijara Eubanks,1985-04-27,,41,name+opponents(10)+age,17,2015-04-24,2021-12-18,1,2026-10-07
http://ufcstats.com/fighter-details/427b5953ac8e3a27,Demian Maia,ufcstats,gidstats,https://gidstats.com/fighters/demian_maia.html,,https://gidstats.com/fighters/demian_maia.html,Demian Maia,1977-11-06,,48,name+opponents(27)+age,39,2001-09-21,2021-06-12,14,2026-10-07
http://ufcstats.com/fighter-details/42a7e90605df3c8a,Damian Stasiak,ufcstats,gidstats,https://gidstats.com/fighters/damian_stasiak.html,,https://gidstats.com/fighters/damian_stasiak.html,Damian Stasiak,1990-02-20,,36,name+opponents(6)+age,25,2011-11-05,2025-06-14,0,2026-10-07
http://ufcstats.com/fighter-details/42ac4020cba261ad,Caolan Loughran,ufcstats,gidstats,https://gidstats.com/fighters/caolan_loughran.html,,https://gidstats.com/fighters/caolan_loughran.html,Caolan Loughran,1996-05-18,,30,name+opponents(4)+age,14,2019-09-07,2026-04-16,0,2026-10-07
http://ufcstats.com/fighter-details/4304992c2acc187b,Bart Palaszewski,ufcstats,gidstats,https://gidstats.com/fighters/bart_palaszewski.html,,https://gidstats.com/fighters/bart_palaszewski.html,Bart Palaszewski,1983-05-30,,43,name+opponents(4)+age,54,2001-06-09,2013-04-13,0,2026-10-07
http://ufcstats.com/fighter-details/4333a8e70a672eb7,Brogan Walker,ufcstats,gidstats,https://gidstats.com/fighters/brogan_walker-sanchez.html,,https://gidstats.com/fighters/brogan_walker-sanchez.html,Brogan Walker,1988-08-02,,37,name+opponents(3)+age,14,2014-10-24,2025-10-04,0,2026-10-07
http://ufcstats.com/fighter-details/43563a32c3f10e95,Cyrille Diabate,ufcstats,gidstats,https://gidstats.com/fighters/cyrille_diabate.html,,https://gidstats.com/fighters/cyrille_diabate.html,Cyrille Diabate,1973-10-06,,53,name+opponents(8)+age,30,1999-03-20,2014-03-08,6,2026-10-07
http://ufcstats.com/fighter-details/436f970c9ea9169c,Gabriel Benitez,ufcstats,gidstats,https://gidstats.com/fighters/gabriel_benitez.html,,https://gidstats.com/fighters/gabriel_benitez.html,Gabriel Benitez,1988-06-15,,38,name+opponents(15)+age,37,2007-07-28,2024-04-27,0,2026-10-07
http://ufcstats.com/fighter-details/43a59ce3bb40449e,Mizuki,ufcstats,gidstats,https://gidstats.com/fighters/mizuki_inoue.html,,https://gidstats.com/fighters/mizuki_inoue.html,Mizuki Inoue,1994-08-19,,32,alias+opponents(4)+age,22,2010-10-10,2025-10-25,9,2026-10-07
http://ufcstats.com/fighter-details/4417980b3e798abf,Reuben Duran,ufcstats,gidstats,https://gidstats.com/fighters/reuben_duran.html,,https://gidstats.com/fighters/reuben_duran.html,Reuben Duran,1983-07-02,,43,name+opponents(4)+age,21,2006-05-12,2018-02-24,0,2026-10-07
http://ufcstats.com/fighter-details/4419acb81e6f0ea4,Anthony Romero,ufcstats+dwcs,gidstats,https://gidstats.com/fighters/anthony_romero.html,,https://gidstats.com/fighters/anthony_romero.html,Anthony Romero,1997-02-25,,29,name+opponents(1)+age,15,2017-11-18,2024-06-21,0,2026-10-07
http://ufcstats.com/fighter-details/441eacbe20e0e80b,Augusto Sakai,ufcstats,gidstats,https://gidstats.com/fighters/augusto_sakai.html,,https://gidstats.com/fighters/augusto_sakai.html,Augusto Sakai,1991-05-09,,35,name+opponents(9)+age,25,2011-10-15,2025-12-20,0,2026-10-07
http://ufcstats.com/fighter-details/442c9011034ae1fd,Ian Machado Garry,ufcstats,gidstats,https://gidstats.com/fighters/ian_garry.html,,https://gidstats.com/fighters/ian_garry.html,Ian Machado Garry,1997-11-17,,28,name+opponents(12)+age,19,2019-02-16,2026-08-15,0,2026-10-07
http://ufcstats.com/fighter-details/443f60bec7c3c3d5,Michael McBride,ufcstats,gidstats,https://gidstats.com/fighters/michael_mcbride.html,,https://gidstats.com/fighters/michael_mcbride.html,Michael McBride,1986-03-09,,40,name+opponents(2)+age,11,2012-08-03,2017-04-22,0,2026-10-07
http://ufcstats.com/fighter-details/44470bfd9483c7ad,Katsunori Kikuno,ufcstats,gidstats,https://gidstats.com/fighters/katsunori_kikuno.html,,https://gidstats.com/fighters/katsunori_kikuno.html,Katsunori Kikuno,1981-10-31,,44,name+opponents(4)+age,32,2005-11-23,2021-12-26,12,2026-10-07
http://ufcstats.com/fighter-details/4461d7e47375a895,Tatsuro Taira,ufcstats,gidstats,https://gidstats.com/fighters/tatsuro_taira.html,,https://gidstats.com/fighters/tatsuro_taira.html,Tatsuro Taira,2000-01-27,,26,name+opponents(9)+age,19,2018-08-03,2025-12-06,0,2026-10-07
http://ufcstats.com/fighter-details/447f9858ae78f921,Muslim Salikhov,ufcstats,gidstats,https://gidstats.com/fighters/muslim_salikhov.html,,https://gidstats.com/fighters/muslim_salikhov.html,Muslim Salikhov,1984-06-09,,42,name+opponents(15)+age,28,2011-07-22,2025-11-08,11,2026-10-07
http://ufcstats.com/fighter-details/4498b382c65a7faa,Roxanne Modafferi,ufcstats,gidstats,https://gidstats.com/fighters/roxanne_modafferi.html,,https://gidstats.com/fighters/roxanne_modafferi.html,Roxanne Modafferi,1982-09-24,,44,name+opponents(12)+age,50,2003-11-10,2022-02-12,4,2026-10-07
http://ufcstats.com/fighter-details/449c890bd90f3374,Hector Sandoval,ufcstats,gidstats,https://gidstats.com/fighters/hector_sandoval.html,,https://gidstats.com/fighters/hector_sandoval.html,Hector Sandoval,1986-07-19,,40,name+opponents(4)+age,19,2008-07-18,2019-05-10,0,2026-10-07
http://ufcstats.com/fighter-details/44bc27bfa76dcd9e,Renee Forte,ufcstats,gidstats,https://gidstats.com/fighters/forte_renee.html,,https://gidstats.com/fighters/forte_renee.html,Renee Forte,1987-03-27,,39,name+opponents(4)+age,14,2006-02-09,2014-03-15,0,2026-10-07
http://ufcstats.com/fighter-details/450bcab0968562c4,John Yannis,ufcstats,gidstats,https://gidstats.com/fighters/john_yannis.html,,https://gidstats.com/fighters/john_yannis.html,John Yannis,1994-07-07,,32,name+opponents(3)+age,15,2021-01-30,2026-06-06,0,2026-10-07
http://ufcstats.com/fighter-details/45230be0641f3f53,Leonardo Morales,ufcstats,gidstats,https://gidstats.com/fighters/leonardo_morales.html,,https://gidstats.com/fighters/leonardo_morales.html,Leonardo Morales,1992-12-22,,33,name+opponents(2)+age,26,2012-09-01,2024-11-08,0,2026-10-07
http://ufcstats.com/fighter-details/459e4dc69ec669b2,Jason Novelli,ufcstats,gidstats,https://gidstats.com/fighters/jason_novelli.html,,https://gidstats.com/fighters/jason_novelli.html,Jason Novelli,1979-06-08,,47,name+opponents(2)+age,16,2005-05-11,2018-08-04,0,2026-10-07
http://ufcstats.com/fighter-details/45e738622ea2c02c,Timur Valiev,ufcstats,gidstats,https://gidstats.com/fighters/timur_valiev.html,,https://gidstats.com/fighters/timur_valiev.html,Timur Valiev,1990-01-19,,36,name+opponents(4)+age,27,2010-09-04,2025-08-15,0,2026-10-07
http://ufcstats.com/fighter-details/45f0cc9d18f35137,Chris Gutierrez,ufcstats,gidstats,https://gidstats.com/fighters/chris_gutierrez.html,,https://gidstats.com/fighters/chris_gutierrez.html,Chris Gutierrez,1991-04-22,,35,name+opponents(13)+age,31,2013-06-15,2025-10-04,2,2026-10-07
http://ufcstats.com/fighter-details/45f7cb591c3ab00b,Sean Brady,ufcstats+card,gidstats,https://gidstats.com/fighters/sean_brady.html,,https://gidstats.com/fighters/sean_brady.html,Sean Brady,1992-11-23,,33,name+opponents(12)+age,21,2014-08-09,2026-05-09,3,2026-10-07
http://ufcstats.com/fighter-details/4638cc6479cc0afe,Masio Fullen,ufcstats,gidstats,https://gidstats.com/fighters/masio_fullen.html,,https://gidstats.com/fighters/masio_fullen.html,Masio Fullen,1986-10-06,,39,name+opponents(3)+age,25,2007-07-28,2022-05-22,0,2026-10-07
http://ufcstats.com/fighter-details/4665cbf36b08193b,Chris Avila,ufcstats,gidstats,https://gidstats.com/fighters/chris_avila.html,,https://gidstats.com/fighters/chris_avila.html,Chris Avila,1993-01-16,,33,name+opponents(2)+age,17,2014-01-18,2021-07-31,4,2026-10-07
http://ufcstats.com/fighter-details/4665f9f909cd7214,Shinsho Anzai,ufcstats,gidstats,https://gidstats.com/fighters/shinsho_anzai.html,,https://gidstats.com/fighters/shinsho_anzai.html,Shinsho Anzai,1985-12-01,,40,name+opponents(4)+age,15,2010-01-30,2023-12-31,1,2026-10-07
http://ufcstats.com/fighter-details/4682bc59d5f55145,Sean Woodson,ufcstats+dwcs,gidstats,https://gidstats.com/fighters/sean_woodson.html,,https://gidstats.com/fighters/sean_woodson.html,Sean Woodson,1992-06-07,,34,name+opponents(12)+age,16,2016-09-30,2025-04-12,0,2026-10-07
http://ufcstats.com/fighter-details/4690d47bf725fd98,Gokhan Saki,ufcstats,gidstats,https://gidstats.com/fighters/gokhan_saki.html,,https://gidstats.com/fighters/gokhan_saki.html,Gokhan Saki,1983-10-19,,42,name+opponents(2)+age,3,2004-07-11,2018-07-07,58,2026-10-07
http://ufcstats.com/fighter-details/46a2f24feb258ae0,Valerie Letourneau,ufcstats,gidstats,https://gidstats.com/fighters/valerie_letourneau.html,,https://gidstats.com/fighters/valerie_letourneau.html,Valerie Letourneau,1983-04-29,,43,name+opponents(6)+age,18,2007-03-30,2018-12-15,0,2026-10-07
http://ufcstats.com/fighter-details/46baf0f57edfa4df,Joey Beltran,ufcstats,gidstats,https://gidstats.com/fighters/joey_beltran.html,,https://gidstats.com/fighters/joey_beltran.html,Joey Beltran,1981-12-08,,44,name+opponents(10)+age,34,2007-02-10,2019-08-14,10,2026-10-07
http://ufcstats.com/fighter-details/46d0a888d87d91ac,Abu Azaitar,ufcstats,gidstats,https://gidstats.com/fighters/abu_azaitar.html,,https://gidstats.com/fighters/abu_azaitar.html,Abu Azaitar,1986-03-10,,40,name+opponents(3)+age,19,2009-06-27,2023-10-21,0,2026-10-07
http://ufcstats.com/fighter-details/46e0d677f91bacc0,Miles Johns,ufcstats+dwcs,gidstats,https://gidstats.com/fighters/miles_johns.html,,https://gidstats.com/fighters/miles_johns.html,Miles Johns,1994-03-30,,32,name+opponents(13)+age,21,2014-07-12,2025-11-08,0,2026-10-07
http://ufcstats.com/fighter-details/46e2011d92463b7e,Oumar Sy,ufcstats,gidstats,https://gidstats.com/fighters/oumar_sy.html,,https://gidstats.com/fighters/oumar_sy.html,Oumar Sy,1995-11-21,,30,name+opponents(6)+age,14,2019-06-08,2026-03-14,0,2026-10-07
http://ufcstats.com/fighter-details/46fd223e3ced39b3,Ryan Couture,ufcstats,gidstats,https://gidstats.com/fighters/ryan_couture.html,,https://gidstats.com/fighters/ryan_couture.html,Ryan Couture,1982-08-27,,44,name+opponents(2)+age,18,2010-08-14,2018-11-15,0,2026-10-07
http://ufcstats.com/fighter-details/470fedbc8563ac47,Daniel Omielanczuk,ufcstats,gidstats,https://gidstats.com/fighters/omielanczuk_daniel.html,,https://gidstats.com/fighters/omielanczuk_daniel.html,Daniel Omielanczuk,1982-08-31,,44,name+opponents(9)+age,42,2009-10-17,2023-02-25,1,2026-10-07
http://ufcstats.com/fighter-details/4729c93ba705a3bf,Kiefer Crosbie,ufcstats,gidstats,https://gidstats.com/fighters/kiefer_crosbie.html,,https://gidstats.com/fighters/kiefer_crosbie.html,Kiefer Crosbie,1990-04-05,,36,name+opponents(3)+age,16,2016-04-02,2025-08-23,1,2026-10-07
http://ufcstats.com/fighter-details/472f6f6e6d962f40,Barb Honchak,ufcstats,gidstats,https://gidstats.com/fighters/barb_honchak.html,,https://gidstats.com/fighters/barb_honchak.html,Barb Honchak,1979-08-30,,47,name+opponents(2)+age,17,2009-11-28,2018-07-06,0,2026-10-07
http://ufcstats.com/fighter-details/473ce3aa581251a2,Dan Hardy,ufcstats,gidstats,https://gidstats.com/fighters/dan_hardy.html,,https://gidstats.com/fighters/dan_hardy.html,Dan Hardy,1982-05-17,,44,name+opponents(6)+age,36,2004-06-06,2012-09-29,1,2026-10-07
http://ufcstats.com/fighter-details/476fe566d2df676e,Modestas Bukauskas,ufcstats,gidstats,https://gidstats.com/fighters/modestas_bukauskas.html,,https://gidstats.com/fighters/modestas_bukauskas.html,Modestas Bukauskas,1994-02-10,,32,name+opponents(14)+age,27,2015-05-02,2026-05-16,0,2026-10-07
http://ufcstats.com/fighter-details/4798e823ada58fe9,Veronica Hardy,ufcstats,gidstats,https://gidstats.com/fighters/veronica_macedo.html,,https://gidstats.com/fighters/veronica_macedo.html,Veronica Hardy,1995-10-30,,30,name+opponents(10)+age,16,2016-03-12,2025-10-04,0,2026-10-07
http://ufcstats.com/fighter-details/47b63240018d5d86,Rose Namajunas,ufcstats,gidstats,https://gidstats.com/fighters/rose_namajunas.html,,https://gidstats.com/fighters/rose_namajunas.html,Rose Namajunas,1992-06-29,,34,name+opponents(15)+age,24,2013-01-05,2025-06-14,1,2026-10-07
http://ufcstats.com/fighter-details/47b9e0e7703a4868,Jorge Masvidal,ufcstats,gidstats,https://gidstats.com/fighters/jorge_masvidal.html,,https://gidstats.com/fighters/jorge_masvidal.html,Jorge Masvidal,1984-11-12,,41,name+opponents(21)+age,52,2003-05-24,2023-04-08,1,2026-10-07
http://ufcstats.com/fighter-details/47cd337b86b1af92,Zak Ottow,ufcstats,gidstats,https://gidstats.com/fighters/zak_ottow.html,,https://gidstats.com/fighters/zak_ottow.html,Zak Ottow,1986-12-22,,39,name+opponents(8)+age,28,2012-05-04,2022-04-02,0,2026-10-07
http://ufcstats.com/fighter-details/480779d7f9a424d3,Mairon Santos,ufcstats,gidstats,https://gidstats.com/fighters/mairon_santos.html,,https://gidstats.com/fighters/mairon_santos.html,Mairon Santos,2000-06-10,,26,name+opponents(4)+age,20,2019-03-16,2025-12-06,2,2026-10-07
http://ufcstats.com/fighter-details/4834ff149dc9542a,Norifumi Yamamoto,ufcstats,gidstats,https://gidstats.com/fighters/norifumi_yamamoto.html,,https://gidstats.com/fighters/norifumi_yamamoto.html,Norifumi Yamamoto,1977-03-15,,49,name+opponents(4)+age,26,2001-03-02,2015-02-28,6,2026-10-07
http://ufcstats.com/fighter-details/483a953b18d73bb3,Deron Winn,ufcstats,gidstats,https://gidstats.com/fighters/deron_winn.html,,https://gidstats.com/fighters/deron_winn.html,Deron Winn,1989-06-13,,37,name+opponents(5)+age,10,2017-03-18,2022-06-18,1,2026-10-07
http://ufcstats.com/fighter-details/484acc7b0f856ce9,Ben Saunders,ufcstats,gidstats,https://gidstats.com/fighters/ben_saunders.html,,https://gidstats.com/fighters/ben_saunders.html,Ben Saunders,1983-04-13,,43,name+opponents(14)+age,40,2004-05-01,2021-07-30,2,2026-10-07
http://ufcstats.com/fighter-details/48812daf291a4e23,Mateus Mendonca,ufcstats,gidstats,https://gidstats.com/fighters/mateus_mendona.html,,https://gidstats.com/fighters/mateus_mendona.html,Mateus Mendonça,1999-01-17,,27,name+opponents(3)+age,13,2019-07-13,2024-02-24,0,2026-10-07
http://ufcstats.com/fighter-details/48a9a128784d53d1,Elves Brener,ufcstats,gidstats,https://gidstats.com/fighters/elves_brenner.html,,https://gidstats.com/fighters/elves_brenner.html,Elves Brenner,1997-09-27,,29,alias+opponents(5)+age,22,2016-05-01,2025-08-02,0,2026-10-07
http://ufcstats.com/fighter-details/48d1f690b763934c,Chael Sonnen,ufcstats,gidstats,https://gidstats.com/fighters/chael_sonnen.html,,https://gidstats.com/fighters/chael_sonnen.html,Chael Sonnen,1977-04-03,,49,name+opponents(7)+age,49,1997-05-10,2019-06-14,2,2026-10-07
http://ufcstats.com/fighter-details/48e093ea1f43a053,Takeya Mizugaki,ufcstats,gidstats,https://gidstats.com/fighters/takeya_mizugaki.html,,https://gidstats.com/fighters/takeya_mizugaki.html,Takeya Mizugaki,1983-12-16,,42,name+opponents(14)+age,39,2005-02-06,2019-08-18,0,2026-10-07
http://ufcstats.com/fighter-details/48e96d9cea6d4ab0,Josh Clopton,ufcstats,gidstats,https://gidstats.com/fighters/josh_clopton.html,,https://gidstats.com/fighters/josh_clopton.html,Josh Clopton,1981-07-11,,45,name+opponents(2)+age,10,2007-03-27,2013-08-03,0,2026-10-07
http://ufcstats.com/fighter-details/492b202d2064e7a9,Fabricio Werdum,ufcstats,gidstats,https://gidstats.com/fighters/fabricio_werdum.html,,https://gidstats.com/fighters/fabricio_werdum.html,Fabricio Werdum,1977-07-30,,49,name+opponents(12)+age,35,2002-06-16,2021-05-06,26,2026-10-07
http://ufcstats.com/fighter-details/4948e412fa6ab67d,Ravena Oliveira,ufcstats,gidstats,https://gidstats.com/fighters/ravena_oliveira.html,,https://gidstats.com/fighters/ravena_oliveira.html,Ravena Oliveira,1997-02-20,,29,name+opponents(4)+age,12,2017-06-10,2026-03-21,0,2026-10-07
http://ufcstats.com/fighter-details/494b0bfdbac74502,Brendan O'Reilly,ufcstats,gidstats,https://gidstats.com/fighters/brendan_oreilly.html,,https://gidstats.com/fighters/brendan_oreilly.html,Brendan O'Reilly,1987-06-24,,39,name+opponents(4)+age,11,2009-04-18,2016-12-03,0,2026-10-07
http://ufcstats.com/fighter-details/4959f10a62f3fec3,Cheyanne Vlismas,ufcstats,gidstats,https://gidstats.com/fighters/cheyanne_buys.html,,https://gidstats.com/fighters/cheyanne_buys.html,Cheyanne Vlismas,1995-06-25,,31,name+opponents(4)+age,10,2018-03-09,2022-12-17,0,2026-10-07
http://ufcstats.com/fighter-details/497ba5b12a4bfc47,Jason Brilz,ufcstats,gidstats,https://gidstats.com/fighters/jason_brilz.html,,https://gidstats.com/fighters/jason_brilz.html,Jason Brilz,1975-07-07,,51,name+opponents(3)+age,30,2000-03-02,2015-04-24,0,2026-10-07
http://ufcstats.com/fighter-details/49858bf46dabf6fb,Nordine Taleb,ufcstats,gidstats,https://gidstats.com/fighters/nordine_taleb.html,,https://gidstats.com/fighters/nordine_taleb.html,Nordine Taleb,1981-06-10,,45,name+opponents(12)+age,24,2007-11-24,2019-09-07,0,2026-10-07
http://ufcstats.com/fighter-details/49a74b9fb2e45fdf,Neil Seery,ufcstats,gidstats,https://gidstats.com/fighters/neil_seery.html,,https://gidstats.com/fighters/neil_seery.html,Neil Seery,1979-08-30,,47,name+opponents(7)+age,29,2005-10-15,2017-07-16,0,2026-10-07
http://ufcstats.com/fighter-details/49b130de1da2e1bf,Sarah Alpar,ufcstats+dwcs,gidstats,https://gidstats.com/fighters/sarah_alpar.html,,https://gidstats.com/fighters/sarah_alpar.html,Sarah Alpar,1991-06-01,,35,name+opponents(3)+age,15,2011-07-01,2021-09-18,0,2026-10-07
http://ufcstats.com/fighter-details/49d2a08964c5eb11,Nursulton Ruziboev,ufcstats,gidstats,https://gidstats.com/fighters/nursulton_ruziboev.html,,https://gidstats.com/fighters/nursulton_ruziboev.html,Nursulton Ruziboev,1993-11-19,,32,name+opponents(7)+age,52,2014-08-16,2026-06-27,0,2026-10-07
http://ufcstats.com/fighter-details/49e49b54e5901d0d,Eddie Mendez,ufcstats,gidstats,https://gidstats.com/fighters/eddie_mendez.html,,https://gidstats.com/fighters/eddie_mendez.html,Eddie Mendez,1984-01-16,,,name+opponents(1),13,2008-09-13,2015-10-23,0,2026-10-07
http://ufcstats.com/fighter-details/49e96ff8ab781589,Tyson Pedro,ufcstats,gidstats,https://gidstats.com/fighters/tyson_pedro.html,,https://gidstats.com/fighters/tyson_pedro.html,Tyson Pedro,1991-09-17,,35,name+opponents(11)+age,16,2013-09-28,2026-04-16,1,2026-10-07
http://ufcstats.com/fighter-details/49edd0d90f60fb7d,Brendson Ribeiro,ufcstats,gidstats,https://gidstats.com/fighters/brendson_ribeiro.html,,https://gidstats.com/fighters/brendson_ribeiro.html,Brendson Ribeiro,1996-09-08,,30,name+opponents(8)+age,29,2015-07-10,2026-07-25,0,2026-10-07
http://ufcstats.com/fighter-details/49ee5024966efc0d,Mounir Lazzez,ufcstats,gidstats,https://gidstats.com/fighters/mounir_lazzez.html,,https://gidstats.com/fighters/mounir_lazzez.html,Mounir Lazzez,1987-11-16,,38,name+opponents(4)+age,14,2012-06-08,2023-01-21,0,2026-10-07
http://ufcstats.com/fighter-details/49f4b511932f71e9,David Michaud,ufcstats,gidstats,https://gidstats.com/fighters/david_michaud.html,,https://gidstats.com/fighters/david_michaud.html,David Michaud,1988-11-10,,37,name+opponents(3)+age,25,2009-04-25,2019-12-31,0,2026-10-07
http://ufcstats.com/fighter-details/49f78022126bf4a4,Cesar Arzamendia,ufcstats,gidstats,https://gidstats.com/fighters/cesar_arzamendia.html,,https://gidstats.com/fighters/cesar_arzamendia.html,Cesar Arzamendia,1991-01-31,,35,name+opponents(2)+age,17,2010-06-11,2023-06-23,2,2026-10-07
http://ufcstats.com/fighter-details/4a043165cf47cab2,Juancamilo Ronderos,ufcstats,gidstats,https://gidstats.com/fighters/juancamilo_ronderos.html,,https://gidstats.com/fighters/juancamilo_ronderos.html,Juancamilo Ronderos,1995-02-17,,31,name+opponents(2)+age,6,2019-02-27,2023-02-18,0,2026-10-07
http://ufcstats.com/fighter-details/4a07b1988477502c,Seokhyeon Ko,ufcstats+card,gidstats,https://gidstats.com/fighters/seok_hyun_ko.html,,https://gidstats.com/fighters/seok_hyun_ko.html,Seok Hyun Ko,1993-09-24,,33,alias+opponents(4)+age,16,2018-01-12,2026-07-18,0,2026-10-07
http://ufcstats.com/fighter-details/4a1329cc8eb0928a,Maximo Blanco,ufcstats,gidstats,https://gidstats.com/fighters/maximo_blanco.html,,https://gidstats.com/fighters/maximo_blanco.html,Maximo Blanco,1983-10-16,,42,name+opponents(9)+age,22,2008-08-27,2016-09-17,0,2026-10-07
http://ufcstats.com/fighter-details/4a28cb716c19157a,Stephen Thompson,ufcstats+card,gidstats,https://gidstats.com/fighters/stephen_thompson.html,,https://gidstats.com/fighters/stephen_thompson.html,Stephen Thompson,1983-02-11,,43,name+opponents(22)+age,27,2010-02-05,2025-07-12,9,2026-10-07
http://ufcstats.com/fighter-details/4a574b8512fc1b30,Javier Reyes,ufcstats,gidstats,https://gidstats.com/fighters/javier_reyes_rugeles.html,,https://gidstats.com/fighters/javier_reyes_rugeles.html,Javier Reyes,1993-10-13,,32,name+opponents(2)+age,28,2014-10-25,2026-02-28,0,2026-10-07
http://ufcstats.com/fighter-details/4a57ebb14315b251,Randa Markos,ufcstats,gidstats,https://gidstats.com/fighters/randa_markos.html,,https://gidstats.com/fighters/randa_markos.html,Randa Markos,1985-08-10,,41,name+opponents(18)+age,26,2012-11-17,2021-10-23,0,2026-10-07
http://ufcstats.com/fighter-details/4a6dff1b260bcf61,Aleksandre Topuria,ufcstats+card,gidstats,https://gidstats.com/fighters/aleksandre_topuria.html,,https://gidstats.com/fighters/aleksandre_topuria.html,Aleksandre Topuria,1996-01-28,,30,name+opponents(3)+age,8,2015-04-04,2025-11-22,0,2026-10-07
http://ufcstats.com/fighter-details/4aa58269d0664b5b,Matthew Semelsberger,ufcstats,gidstats,https://gidstats.com/fighters/matthew_semelsberger.html,,https://gidstats.com/fighters/matthew_semelsberger.html,Matt Semelsberger,1992-11-23,,33,alias+opponents(11)+age,19,2017-04-08,2024-11-09,0,2026-10-07
http://ufcstats.com/fighter-details/4ac1ecf8ce59ef23,Jason Saggo,ufcstats,gidstats,https://gidstats.com/fighters/jason_saggo.html,,https://gidstats.com/fighters/jason_saggo.html,Jason Saggo,1985-11-23,,40,name+opponents(6)+age,17,2009-08-27,2018-11-24,0,2026-10-07
http://ufcstats.com/fighter-details/4ae4049426e0161d,Alexis Dufresne,ufcstats,gidstats,https://gidstats.com/fighters/alexis_dufresne.html,,https://gidstats.com/fighters/alexis_dufresne.html,Alexis Dufresne,1990-08-31,,36,name+opponents(2)+age,9,2012-09-22,2017-03-03,0,2026-10-07
http://ufcstats.com/fighter-details/4b1d46a1b5c0fd11,Alberto Mina,ufcstats,gidstats,https://gidstats.com/fighters/alberto_mina.html,,https://gidstats.com/fighters/alberto_mina.html,Alberto Mina,1982-05-02,,44,name+opponents(4)+age,14,2005-05-31,2018-05-12,0,2026-10-07
http://ufcstats.com/fighter-details/4b4753d19489297f,Anthony Perosh,ufcstats,gidstats,https://gidstats.com/fighters/anthony_perosh.html,,https://gidstats.com/fighters/anthony_perosh.html,Anthony Perosh,1972-10-05,,54,name+opponents(9)+age,25,2003-11-29,2015-11-14,0,2026-10-07
http://ufcstats.com/fighter-details/4b47e71384a9522f,Tim Means,ufcstats,gidstats,https://gidstats.com/fighters/tim_means.html,,https://gidstats.com/fighters/tim_means.html,Tim Means,1984-02-20,,42,name+opponents(29)+age,52,2004-03-13,2024-10-05,0,2026-10-07
http://ufcstats.com/fighter-details/4b85abc5abbe657c,Jefferson Nascimento,ufcstats+card,gidstats,https://gidstats.com/fighters/nascimento_jefferson.html,,https://gidstats.com/fighters/nascimento_jefferson.html,Jefferson Nascimento,1998-11-19,,27,name+opponents(1)+age,14,2019-10-19,2026-06-27,0,2026-10-07
http://ufcstats.com/fighter-details/4b8fb0453a596b8e,Hector Urbina,ufcstats,gidstats,https://gidstats.com/fighters/hector_urbina.html,,https://gidstats.com/fighters/hector_urbina.html,Hector Urbina,1987-09-17,,39,name+opponents(3)+age,31,2006-09-02,2017-10-28,0,2026-10-07
http://ufcstats.com/fighter-details/4b93a88f3b1de35b,Michael Chandler,ufcstats,gidstats,https://gidstats.com/fighters/chandler_michael.html,,https://gidstats.com/fighters/chandler_michael.html,Michael Chandler,1986-04-24,,40,name+opponents(7)+age,34,2009-08-08,2026-06-14,1,2026-10-07
http://ufcstats.com/fighter-details/4ba8d454f762005d,Zak Cummings,ufcstats,gidstats,https://gidstats.com/fighters/zak_cummings.html,,https://gidstats.com/fighters/zak_cummings.html,Zak Cummings,1984-08-02,,42,name+opponents(14)+age,34,2007-11-28,2023-04-15,0,2026-10-07
http://ufcstats.com/fighter-details/4bcb6eb12b4ad4aa,Vitor Miranda,ufcstats,gidstats,https://gidstats.com/fighters/vitor_miranda.html,,https://gidstats.com/fighters/vitor_miranda.html,Vitor Miranda,1979-03-10,,48,name+opponents(7)+age,22,2003-11-27,2018-07-22,13,2026-10-07
http://ufcstats.com/fighter-details/4bd6b4800070b069,Chas Skelly,ufcstats,gidstats,https://gidstats.com/fighters/chas_skelly.html,,https://gidstats.com/fighters/chas_skelly.html,Chas Skelly,1985-05-11,,41,name+opponents(11)+age,23,2009-03-14,2022-02-19,0,2026-10-07
http://ufcstats.com/fighter-details/4bdedbdeedff7d1d,Bolaji Oki,ufcstats+dwcs,gidstats,https://gidstats.com/fighters/bolaji_oki.html,,https://gidstats.com/fighters/bolaji_oki.html,Bolaji Oki,1995-11-15,,30,name+opponents(6)+age,14,2018-03-17,2026-03-14,0,2026-10-07
http://ufcstats.com/fighter-details/4bf6b225ff6099c4,Domingo Pilarte,ufcstats+dwcs,gidstats,https://gidstats.com/fighters/domingo_pilarte.html,,https://gidstats.com/fighters/domingo_pilarte.html,Domingo Pilarte,1990-01-05,,36,name+opponents(4)+age,12,2009-07-12,2021-08-21,0,2026-10-07
http://ufcstats.com/fighter-details/4c288a2b250bb576,Luke Jumeau,ufcstats,gidstats,https://gidstats.com/fighters/luke_jumeau.html,,https://gidstats.com/fighters/luke_jumeau.html,Luke Jumeau,1988-02-12,,38,name+opponents(4)+age,18,2008-10-11,2019-10-05,0,2026-10-07
http://ufcstats.com/fighter-details/4c2d90e335e6df19,Alexis Davis,ufcstats,gidstats,https://gidstats.com/fighters/alexis_davis.html,,https://gidstats.com/fighters/alexis_davis.html,Alexis Davis,1984-10-04,,42,name+opponents(12)+age,32,2007-04-07,2022-02-05,0,2026-10-07
http://ufcstats.com/fighter-details/4c7781da8c6cae93,Ryan LaFlare,ufcstats,gidstats,https://gidstats.com/fighters/ryan_laflare.html,,https://gidstats.com/fighters/ryan_laflare.html,Ryan LaFlare,1983-10-01,,43,name+opponents(10)+age,17,2008-06-27,2018-10-06,0,2026-10-07
http://ufcstats.com/fighter-details/4c88a1db5a46c6a4,Jai Herbert,ufcstats+card,gidstats,https://gidstats.com/fighters/jai_herbert.html,,https://gidstats.com/fighters/jai_herbert.html,Jai Herbert,1988-05-13,,38,name+opponents(11)+age,21,2015-03-28,2026-04-18,0,2026-10-07
http://ufcstats.com/fighter-details/4c8d6fde2dde07c4,Dan Lauzon,ufcstats,gidstats,https://gidstats.com/fighters/dan_lauzon.html,,https://gidstats.com/fighters/dan_lauzon.html,Dan Lauzon,1988-03-30,,38,name+opponents(2)+age,23,2006-04-01,2015-08-14,0,2026-10-07
http://ufcstats.com/fighter-details/4cd8b03aee1d0138,Shane Young,ufcstats,gidstats,https://gidstats.com/fighters/shane_young.html,,https://gidstats.com/fighters/shane_young.html,Shane Young,1993-07-31,,33,name+opponents(7)+age,21,2012-09-22,2023-09-09,0,2026-10-07
http://ufcstats.com/fighter-details/4d44f37107f01b9b,Tom Lawlor,ufcstats,gidstats,https://gidstats.com/fighters/tom_lawlor.html,,https://gidstats.com/fighters/tom_lawlor.html,Tom Lawlor,1983-05-15,,43,name+opponents(9)+age,22,2007-03-10,2021-06-17,0,2026-10-07
http://ufcstats.com/fighter-details/4d5197f331c47290,Paige VanZant,ufcstats,gidstats,https://gidstats.com/fighters/paige_vanzant.html,,https://gidstats.com/fighters/paige_vanzant.html,Paige VanZant,1994-03-26,,32,name+opponents(9)+age,13,2012-06-30,2020-07-11,5,2026-10-07
http://ufcstats.com/fighter-details/4d8fa64202cee4c1,Jalin Turner,ufcstats+dwcs,gidstats,https://gidstats.com/fighters/jalin_turner.html,,https://gidstats.com/fighters/jalin_turner.html,Jalin Turner,1995-05-18,,31,name+opponents(15)+age,25,2016-02-20,2026-08-15,0,2026-10-07
http://ufcstats.com/fighter-details/4dcfb28c011c11b2,Wellington Turman,ufcstats+card,gidstats,https://gidstats.com/fighters/wellington_turman.html,,https://gidstats.com/fighters/wellington_turman.html,Wellington Turman,1996-07-22,,30,name+opponents(10)+age,26,2014-08-09,2023-12-02,0,2026-10-07
http://ufcstats.com/fighter-details/4e06913c91da5200,Krzysztof Jotko,ufcstats,gidstats,https://gidstats.com/fighters/krzysztof_jotko.html,,https://gidstats.com/fighters/krzysztof_jotko.html,Krzysztof Jotko,1989-08-19,,37,name+opponents(17)+age,37,2010-06-18,2026-07-11,0,2026-10-07
http://ufcstats.com/fighter-details/4e0692ad070976e4,Lyman Good,ufcstats,gidstats,https://gidstats.com/fighters/lyman_good.html,,https://gidstats.com/fighters/lyman_good.html,Lyman Good,1985-05-26,,41,name+opponents(6)+age,29,2005-10-29,2020-06-20,0,2026-10-07
http://ufcstats.com/fighter-details/4e30e4250cb08b61,Loma Lookboonmee,ufcstats,gidstats,https://gidstats.com/fighters/loma_lookboonmee.html,,https://gidstats.com/fighters/loma_lookboonmee.html,Loma Lookboonmee,1996-01-18,,30,name+opponents(11)+age,15,2018-01-13,2026-05-30,0,2026-10-07
http://ufcstats.com/fighter-details/4e6738062d469256,Sedriques Dumas,ufcstats+dwcs,gidstats,https://gidstats.com/fighters/sedriques_dumas.html,,https://gidstats.com/fighters/sedriques_dumas.html,Sedriques Dumas,1995-08-06,,31,name+opponents(11)+age,17,2020-09-24,2026-09-26,0,2026-10-07
http://ufcstats.com/fighter-details/4f11e9ce318ffbcb,Anthony Christodoulou,ufcstats,gidstats,https://gidstats.com/fighters/anthony_christodoulou.html,,https://gidstats.com/fighters/anthony_christodoulou.html,Anthony Christodoulou,1987-07-30,,39,name+opponents(2)+age,20,2010-03-20,2017-11-04,2,2026-10-07
http://ufcstats.com/fighter-details/4f140403000158b5,Herbert Burns,ufcstats+dwcs,gidstats,https://gidstats.com/fighters/herbert_burns.html,,https://gidstats.com/fighters/herbert_burns.html,Herbert Burns,1988-02-02,,38,name+opponents(7)+age,17,2012-02-25,2024-08-17,1,2026-10-07
http://ufcstats.com/fighter-details/4f3064faf17aa711,Tamires Vidal,ufcstats,gidstats,https://gidstats.com/fighters/tamires_vidal.html,,https://gidstats.com/fighters/tamires_vidal.html,Tamires Vidal,1998-07-27,,28,name+opponents(4)+age,12,2018-08-18,2026-01-17,0,2026-10-07
http://ufcstats.com/fighter-details/4f732e58ed907eff,Ross Pearson,ufcstats,gidstats,https://gidstats.com/fighters/ross_pearson.html,,https://gidstats.com/fighters/ross_pearson.html,Ross Pearson,1984-09-26,,42,name+opponents(24)+age,41,2004-12-12,2019-11-16,2,2026-10-07
http://ufcstats.com/fighter-details/4f736494fc733095,Carlos Eduardo Rocha,ufcstats,gidstats,https://gidstats.com/fighters/carlos_eduardo_rocha.html,,https://gidstats.com/fighters/carlos_eduardo_rocha.html,Carlos Eduardo Rocha,1981-07-12,,45,name+opponents(3)+age,13,2008-05-17,2015-09-19,1,2026-10-07
http://ufcstats.com/fighter-details/4f853e98886283cf,Carlo Prater,ufcstats,gidstats,https://gidstats.com/fighters/carlo_prater.html,,https://gidstats.com/fighters/carlo_prater.html,Carlo Prater,1981-06-25,,45,name+opponents(3)+age,60,2002-11-01,2022-10-29,4,2026-10-07
http://ufcstats.com/fighter-details/4fcf6e0c4e0e6664,Izabela Badurek,ufcstats,gidstats,https://gidstats.com/fighters/izabela_badurek.html,,https://gidstats.com/fighters/izabela_badurek.html,Izabela Badurek,1991-07-11,,35,name+opponents(1)+age,15,2012-12-02,2021-03-27,0,2026-10-07
http://ufcstats.com/fighter-details/501b07aec9b8fc2d,Sam Stout,ufcstats,gidstats,https://gidstats.com/fighters/sam_stout.html,,https://gidstats.com/fighters/sam_stout.html,Sam Stout,1984-04-23,,42,name+opponents(13)+age,33,2003-06-07,2015-08-23,3,2026-10-07
http://ufcstats.com/fighter-details/5078e1dacf9d25f4,Luana Santos,ufcstats+card,gidstats,https://gidstats.com/fighters/luana_santos.html,,https://gidstats.com/fighters/luana_santos.html,Luana Santos,2000-04-16,,26,name+opponents(8)+age,13,2021-07-15,2026-06-20,0,2026-10-07
http://ufcstats.com/fighter-details/5095b0920a3602aa,Blake Bilder,ufcstats+dwcs,gidstats,https://gidstats.com/fighters/blake_bilder.html,,https://gidstats.com/fighters/blake_bilder.html,Blake Bilder,1990-07-12,,36,name+opponents(4)+age,11,2018-02-24,2024-02-03,0,2026-10-07
http://ufcstats.com/fighter-details/50a28b9f8314e008,Saidyokub Kakhramonov,ufcstats,gidstats,https://gidstats.com/fighters/saidyokub_kakhramonov.html,,https://gidstats.com/fighters/saidyokub_kakhramonov.html,Saidyokub Kakhramonov,1995-11-14,,,name+opponents(3),16,2017-04-15,2025-10-23,4,2026-10-07
http://ufcstats.com/fighter-details/50d2f0018bcf9eef,Pat Healy,ufcstats,gidstats,https://gidstats.com/fighters/pat_healy.html,,https://gidstats.com/fighters/pat_healy.html,Pat Healy,1983-07-20,,43,name+opponents(4)+age,52,2002-07-20,2018-01-13,1,2026-10-07
http://ufcstats.com/fighter-details/50db8711c70196cd,Ovince Saint Preux,ufcstats,gidstats,https://gidstats.com/fighters/ovince_saint_preux.html,,https://gidstats.com/fighters/ovince_saint_preux.html,Ovince Saint Preux,1983-04-08,,43,name+opponents(26)+age,45,2008-09-27,2024-10-05,1,2026-10-07
http://ufcstats.com/fighter-details/51018a31ddf31eb2,Molly McCann,ufcstats,gidstats,https://gidstats.com/fighters/molly_mccann.html,,https://gidstats.com/fighters/molly_mccann.html,Molly McCann,1990-05-04,,36,name+opponents(13)+age,22,2015-05-30,2025-03-22,2,2026-10-07
http://ufcstats.com/fighter-details/511e82663651438d,Michael Johnson,ufcstats,gidstats,https://gidstats.com/fighters/michael_johnson.html,,https://gidstats.com/fighters/michael_johnson.html,Michael Johnson,1986-06-04,,40,name+opponents(32)+age,48,2008-02-01,2026-03-07,0,2026-10-07
http://ufcstats.com/fighter-details/513c6f1715e547a8,Brock Lesnar,ufcstats,gidstats,https://gidstats.com/fighters/brock_lesnar.html,,https://gidstats.com/fighters/brock_lesnar.html,Brock Lesnar,1977-07-12,,49,name+opponents(4)+age,9,2007-06-02,2016-07-09,0,2026-10-07
http://ufcstats.com/fighter-details/5140122c3eecd307,Daichi Abe,ufcstats,gidstats,https://gidstats.com/fighters/daichi_abe.html,,https://gidstats.com/fighters/daichi_abe.html,Daichi Abe,1991-11-27,,34,name+opponents(3)+age,20,2016-04-24,2024-02-24,0,2026-10-07
http://ufcstats.com/fighter-details/5182316da3c1d891,Bilal Hasan,ufcstats+dwcs+card,gidstats,https://gidstats.com/fighters/bilal_hasan.html,,https://gidstats.com/fighters/bilal_hasan.html,Bilal Hasan,2001-07-16,,25,name+opponents(3)+age,11,2022-12-16,2026-08-29,0,2026-10-07
http://ufcstats.com/fighter-details/519e4fe37ce9ff75,Drew Dober,ufcstats+card,gidstats,https://gidstats.com/fighters/drew_dober.html,,https://gidstats.com/fighters/drew_dober.html,Drew Dober,1988-10-19,,37,name+opponents(27)+age,46,2009-07-24,2026-03-07,0,2026-10-07
http://ufcstats.com/fighter-details/51a0c09cbe9b8472,Liz Carmouche,ufcstats,gidstats,https://gidstats.com/fighters/liz_carmouche.html,,https://gidstats.com/fighters/liz_carmouche.html,Liz Carmouche,1984-02-19,,42,name+opponents(8)+age,34,2010-03-13,2026-06-27,2,2026-10-07
http://ufcstats.com/fighter-details/51b1e2fd9872005b,Mackens Semerzier,ufcstats,gidstats,https://gidstats.com/fighters/mackens_semerzier.html,,https://gidstats.com/fighters/mackens_semerzier.html,Mackens Semerzier,1980-11-03,,45,name+opponents(3)+age,13,2008-09-27,2012-11-17,0,2026-10-07
http://ufcstats.com/fighter-details/51c655162e462ceb,Shannon Ross,ufcstats+dwcs,gidstats,https://gidstats.com/fighters/shannon_ross.html,,https://gidstats.com/fighters/shannon_ross.html,Shannon Ross,1989-05-12,,37,name+opponents(4)+age,22,2010-05-29,2023-12-09,0,2026-10-07
http://ufcstats.com/fighter-details/51e2f44a8dbf6984,Melissa Croden,ufcstats+card,gidstats,https://gidstats.com/fighters/melissa_croden.html,,https://gidstats.com/fighters/melissa_croden.html,Melissa Croden,1991-04-12,,35,name+opponents(2)+age,10,2019-09-28,2025-12-13,0,2026-10-07
http://ufcstats.com/fighter-details/51e86de150ee8be6,Thibault Gouti,ufcstats,gidstats,https://gidstats.com/fighters/thibault_gouti.html,,https://gidstats.com/fighters/thibault_gouti.html,Thibault Gouti,1987-02-27,,39,name+opponents(6)+age,25,2011-12-18,2024-05-17,0,2026-10-07
http://ufcstats.com/fighter-details/51ec9dc3b4964f19,Gianni Vazquez,ufcstats,gidstats,https://gidstats.com/fighters/gianni_vazquez.html,,https://gidstats.com/fighters/gianni_vazquez.html,Gianni Vazquez,1994-07-17,,32,name+opponents(1)+age,19,2014-03-22,2026-02-07,0,2026-10-07
http://ufcstats.com/fighter-details/523af801b3429015,Allan Zuniga,ufcstats,gidstats,https://gidstats.com/fighters/allan_zuniga.html,,https://gidstats.com/fighters/allan_zuniga.html,Allan Zuniga,1992-04-04,,34,name+opponents(1)+age,19,2010-07-26,2022-06-17,0,2026-10-07
http://ufcstats.com/fighter-details/523f6ad11dbe9b53,Hans Stringer,ufcstats,gidstats,https://gidstats.com/fighters/hans_stringer.html,,https://gidstats.com/fighters/hans_stringer.html,Hans Stringer,1987-07-06,,39,name+opponents(3)+age,33,2005-12-17,2016-09-17,3,2026-10-07
http://ufcstats.com/fighter-details/523fa774700d7d3f,Court McGee,ufcstats,gidstats,https://gidstats.com/fighters/court_mcgee.html,,https://gidstats.com/fighters/court_mcgee.html,Court McGee,1984-12-12,,41,name+opponents(25)+age,40,2007-03-30,2025-06-14,0,2026-10-07
http://ufcstats.com/fighter-details/528b071cf3da7c56,Luana Carolina,ufcstats,gidstats,https://gidstats.com/fighters/luana_carolina.html,,https://gidstats.com/fighters/luana_carolina.html,Luana Carolina,1993-06-11,,33,name+opponents(10)+age,16,2015-01-24,2025-09-27,0,2026-10-07
http://ufcstats.com/fighter-details/528c24b99fbaab79,Johnny Eduardo,ufcstats,gidstats,https://gidstats.com/fighters/eduardo_johnny.html,,https://gidstats.com/fighters/eduardo_johnny.html,Johnny Eduardo,1978-08-03,,48,name+opponents(8)+age,41,1996-11-01,2021-10-02,1,2026-10-07
http://ufcstats.com/fighter-details/52b6bf4528130e86,Shem Rock,ufcstats,gidstats,https://gidstats.com/fighters/shem_rock.html,,https://gidstats.com/fighters/shem_rock.html,Shem Rock,1993-11-05,,32,name+opponents(2)+age,16,2017-07-22,2026-03-21,0,2026-10-07
http://ufcstats.com/fighter-details/52ba464d9068d871,Elias Silverio,ufcstats,gidstats,https://gidstats.com/fighters/elias_silverio.html,,https://gidstats.com/fighters/elias_silverio.html,Elias Silverio,1986-09-22,,40,name+opponents(5)+age,35,2011-09-17,2026-04-12,2,2026-10-07
http://ufcstats.com/fighter-details/52c2ae6d2f2d2613,Youssef Zalal,ufcstats,gidstats,https://gidstats.com/fighters/youssef_zalal.html,,https://gidstats.com/fighters/youssef_zalal.html,Youssef Zalal,1996-09-04,,30,name+opponents(12)+age,24,2017-08-19,2025-10-04,2,2026-10-07
http://ufcstats.com/fighter-details/52cae54377b433b7,Nate Quarry,ufcstats,gidstats,https://gidstats.com/fighters/nate_quarry.html,,https://gidstats.com/fighters/nate_quarry.html,Nate Quarry,1972-03-18,,54,name+opponents(1)+age,16,2001-09-08,2010-03-31,0,2026-10-07
http://ufcstats.com/fighter-details/52e76bb4b3e852f3,Antonio Carlos Junior,ufcstats,gidstats,https://gidstats.com/fighters/antonio_carlos_junior.html,,https://gidstats.com/fighters/antonio_carlos_junior.html,Antonio Carlos Junior,1990-03-16,,36,name+opponents(13)+age,30,2013-07-20,2025-08-21,8,2026-10-07
http://ufcstats.com/fighter-details/52ef95b5860fb28c,Jean Silva,ufcstats+dwcs,gidstats,https://gidstats.com/fighters/jean_silva.html,,https://gidstats.com/fighters/jean_silva.html,Jean Silva,1996-12-13,,29,name+opponents(9)+age,20,2016-11-19,2026-01-24,2,2026-10-07
http://ufcstats.com/fighter-details/530af2900b5a1693,Dom Mar Fan,ufcstats,gidstats,https://gidstats.com/fighters/dom_mar_fan.html,,https://gidstats.com/fighters/dom_mar_fan.html,Dom Mar Fan,2000-03-19,,26,name+opponents(2)+age,12,2022-05-07,2026-05-02,0,2026-10-07
http://ufcstats.com/fighter-details/53278852bcd91e11,Igor Pokrajac,ufcstats,gidstats,https://gidstats.com/fighters/igor_pokrajac.html,,https://gidstats.com/fighters/igor_pokrajac.html,Igor Pokrajac,1979-01-02,,47,name+opponents(12)+age,45,2003-02-09,2020-06-13,0,2026-10-07
http://ufcstats.com/fighter-details/5331b25a60417ffb,Anthony Rocco Martin,ufcstats,gidstats,https://gidstats.com/fighters/anthony_rocco_martin.html,,https://gidstats.com/fighters/anthony_rocco_martin.html,Anthony Rocco Martin,1989-12-11,,36,name+opponents(15)+age,24,2012-01-07,2022-05-06,1,2026-10-07
http://ufcstats.com/fighter-details/539ed332b3078821,Sarah Moras,ufcstats,gidstats,https://gidstats.com/fighters/sarah_moras.html,,https://gidstats.com/fighters/sarah_moras.html,Sarah Moras,1988-04-30,,38,name+opponents(9)+age,16,2010-05-22,2021-01-16,0,2026-10-07
http://ufcstats.com/fighter-details/53bb0d40905b87c0,Jay Silva,ufcstats,gidstats,https://gidstats.com/fighters/jay_silva.html,,https://gidstats.com/fighters/jay_silva.html,Jay Silva,1981-05-25,,45,name+opponents(1)+age,26,2008-06-27,2019-11-15,2,2026-10-07
http://ufcstats.com/fighter-details/53c10176e3bc7416,Felipe Bunes,ufcstats,gidstats,https://gidstats.com/fighters/felipe_bunes.html,,https://gidstats.com/fighters/felipe_bunes.html,Felipe Bunes,1989-10-29,,36,name+opponents(4)+age,23,2011-11-11,2026-02-28,0,2026-10-07
http://ufcstats.com/fighter-details/53c943c873cffe90,Philipe Lins,ufcstats,gidstats,https://gidstats.com/fighters/philipe_lins.html,,https://gidstats.com/fighters/philipe_lins.html,Philipe Lins,1985-08-17,,41,name+opponents(6)+age,23,2005-08-26,2024-03-09,0,2026-10-07
http://ufcstats.com/fighter-details/53ec9cb470e1a4ea,Jon Tuck,ufcstats,gidstats,https://gidstats.com/fighters/jon_tuck.html,,https://gidstats.com/fighters/jon_tuck.html,Jon Tuck,1984-08-28,,42,name+opponents(8)+age,17,2007-02-09,2019-12-28,0,2026-10-07
http://ufcstats.com/fighter-details/53f84637dfffab7a,Eric Wisely,ufcstats,gidstats,https://gidstats.com/fighters/eric_wisely.html,,https://gidstats.com/fighters/eric_wisely.html,Eric Wisely,1984-07-25,,42,name+opponents(2)+age,44,2006-12-21,2020-09-11,0,2026-10-07
http://ufcstats.com/fighter-details/5431dccc09118234,Lance Benoist,ufcstats,gidstats,https://gidstats.com/fighters/lance_benoist.html,,https://gidstats.com/fighters/lance_benoist.html,Lance Benoist,1988-08-26,,38,name+opponents(4)+age,9,2010-01-30,2014-06-07,0,2026-10-07
http://ufcstats.com/fighter-details/5442f1bc4b47eaf3,Chris Curtis,ufcstats+dwcs,gidstats,https://gidstats.com/fighters/chris_curtis.html,,https://gidstats.com/fighters/chris_curtis.html,Chris Curtis,1987-07-15,,39,name+opponents(11)+age,47,2009-06-27,2026-03-14,0,2026-10-07
http://ufcstats.com/fighter-details/5444c5a201d3ee5a,Jamahal Hill,ufcstats+dwcs,gidstats,https://gidstats.com/fighters/jamahal_hill.html,,https://gidstats.com/fighters/jamahal_hill.html,Jamahal Hill,1991-05-19,,35,name+opponents(12)+age,17,2017-09-30,2025-06-21,0,2026-10-07
http://ufcstats.com/fighter-details/544d7460b3e44393,Albert Morales,ufcstats,gidstats,https://gidstats.com/fighters/albert_morales.html,,https://gidstats.com/fighters/albert_morales.html,Albert Morales,1991-05-25,,35,name+opponents(6)+age,25,2015-01-16,2024-02-16,1,2026-10-07
http://ufcstats.com/fighter-details/545092d13c67aa49,Alexia Thainara,ufcstats,gidstats,https://gidstats.com/fighters/alexia_thainara.html,,https://gidstats.com/fighters/alexia_thainara.html,Alexia Thainara,1995-11-20,,28,"name+opponents(3) AGE_CONFLICT(gid 28, dob 1995-11-20)",14,2018-06-09,2025-09-27,0,2026-10-07
http://ufcstats.com/fighter-details/54578e5927adea53,Richie Vaculik,ufcstats,gidstats,https://gidstats.com/fighters/richie_vaculik.html,,https://gidstats.com/fighters/richie_vaculik.html,Richie Vaculik,1983-06-19,,43,name+opponents(4)+age,17,2006-11-04,2017-08-20,0,2026-10-07
http://ufcstats.com/fighter-details/546f8599a63c29da,Robert Sanchez,ufcstats,gidstats,https://gidstats.com/fighters/roberto_sanchez.html,,https://gidstats.com/fighters/roberto_sanchez.html,Roberto Sanchez,1986-03-05,,40,alias+opponents(3)+age,10,2015-02-27,2018-09-08,0,2026-10-07
http://ufcstats.com/fighter-details/547afe1017e72dbe,Phil Hawes,ufcstats+dwcs,gidstats,https://gidstats.com/fighters/phillip_hawes.html,,https://gidstats.com/fighters/phillip_hawes.html,Phil Hawes,1989-01-08,,37,name+opponents(10)+age,19,2014-02-21,2024-01-13,2,2026-10-07
http://ufcstats.com/fighter-details/54ed8dc6f8c31207,Gilbert Smith,ufcstats,gidstats,https://gidstats.com/fighters/gilbert_smith.html,,https://gidstats.com/fighters/gilbert_smith.html,Gilbert Smith,1981-10-19,,44,name+age,23,2011-01-15,2017-09-08,1,2026-10-07
http://ufcstats.com/fighter-details/54f64b5e283b0ce7,Ilia Topuria,ufcstats,gidstats,https://gidstats.com/fighters/ilia_topuria.html,,https://gidstats.com/fighters/ilia_topuria.html,Ilia Topuria,1997-01-21,,29,name+opponents(10)+age,18,2015-04-04,2026-06-14,0,2026-10-07
http://ufcstats.com/fighter-details/5537efc6e496dd84,Aaron Pico,ufcstats,gidstats,https://gidstats.com/fighters/pico_aaron.html,,https://gidstats.com/fighters/pico_aaron.html,Aaron Pico,1996-09-23,,30,name+opponents(2)+age,19,2017-06-24,2026-04-11,1,2026-10-07
http://ufcstats.com/fighter-details/5580771f383e141f,Jesse Ronson,ufcstats,gidstats,https://gidstats.com/fighters/jesse_ronson.html,,https://gidstats.com/fighters/jesse_ronson.html,Jesse Ronson,1985-12-24,,40,name+opponents(6)+age,38,2009-11-28,2023-08-05,0,2026-10-07
http://ufcstats.com/fighter-details/55ed59d541f8b90c,Rolando Dy,ufcstats,gidstats,https://gidstats.com/fighters/rolando_dy.html,,https://gidstats.com/fighters/rolando_dy.html,Rolando Dy,1990-08-11,,35,name+opponents(4)+age,28,2011-10-15,2022-09-30,1,2026-10-07
http://ufcstats.com/fighter-details/55ee431411ccf07a,Olivier Aubin-Mercier,ufcstats,gidstats,https://gidstats.com/fighters/olivier_aubin-mercier.html,,https://gidstats.com/fighters/olivier_aubin-mercier.html,Olivier Aubin-Mercier,1989-02-23,,37,name+opponents(12)+age,27,2011-10-21,2023-08-23,0,2026-10-07
http://ufcstats.com/fighter-details/55f446032177b119,Chris Beal,ufcstats,gidstats,https://gidstats.com/fighters/chris_beal.html,,https://gidstats.com/fighters/chris_beal.html,Chris Beal,1985-08-06,,41,name+opponents(5)+age,20,2009-07-02,2022-07-23,1,2026-10-07
http://ufcstats.com/fighter-details/55f80a8aeffcdb33,Dustin Pague,ufcstats,gidstats,https://gidstats.com/fighters/dustin_pague.html,,https://gidstats.com/fighters/dustin_pague.html,Dustin Pague,1987-08-05,,39,name+opponents(6)+age,26,2008-10-11,2015-09-04,4,2026-10-07
http://ufcstats.com/fighter-details/55fa6ce3e522c8bb,Zhalgas Zhumagulov,ufcstats,gidstats,https://gidstats.com/fighters/zhalgas_zhumagulov.html,,https://gidstats.com/fighters/zhalgas_zhumagulov.html,Zhalgas Zhumagulov,1988-08-29,,38,name+opponents(7)+age,29,2014-09-07,2026-06-06,1,2026-10-07
http://ufcstats.com/fighter-details/56116a79e4deed06,Claude Patrick,ufcstats,gidstats,https://gidstats.com/fighters/claude_patrick.html,,https://gidstats.com/fighters/claude_patrick.html,Claude Patrick,1980-06-14,,46,name+opponents(4)+age,16,2002-03-30,2011-12-10,0,2026-10-07
http://ufcstats.com/fighter-details/563a1d42bb0e3cef,Tre'ston Vines,ufcstats,gidstats,https://gidstats.com/fighters/treston_vines.html,,https://gidstats.com/fighters/treston_vines.html,Treston Vines,1996-06-18,,30,name+opponents(1)+age,14,2019-06-22,2025-10-04,0,2026-10-07
http://ufcstats.com/fighter-details/564c2f5f9eb45d67,Mike King,ufcstats,gidstats,https://gidstats.com/fighters/mike_king.html,,https://gidstats.com/fighters/mike_king.html,Mike King,1983-08-04,,43,name+opponents(1)+age,8,2011-09-10,2014-07-19,0,2026-10-07
http://ufcstats.com/fighter-details/56709e66f1c6008f,Cole Smith,ufcstats,gidstats,https://gidstats.com/fighters/cole_smith.html,,https://gidstats.com/fighters/cole_smith.html,Cole Smith,1989-04-05,,37,name+opponents(3)+age,10,2016-02-20,2022-04-02,0,2026-10-07
http://ufcstats.com/fighter-details/568bbad0eaced57c,Shanna Young,ufcstats+dwcs,gidstats,https://gidstats.com/fighters/shanna_young.html,,https://gidstats.com/fighters/shanna_young.html,Shanna Young,1991-02-20,,30,"name+opponents(5) AGE_CONFLICT(gid 30, dob 1991-02-20)",21,2015-04-11,2025-07-24,0,2026-10-07
http://ufcstats.com/fighter-details/56bc9ccb609df534,Chuck O'Neil,ufcstats,gidstats,https://gidstats.com/fighters/chuck_oneil.html,,https://gidstats.com/fighters/chuck_oneil.html,Chuck O'Neil,1985-09-22,,41,name+opponents(1)+age,30,2006-04-08,2016-11-04,0,2026-10-07
http://ufcstats.com/fighter-details/56bf3ed155bd0fcd,Alexander Poppeck,ufcstats+dwcs,gidstats,https://gidstats.com/fighters/poppeck_alexander.html,,https://gidstats.com/fighters/poppeck_alexander.html,Alexander Poppeck,1992-04-06,,34,name+opponents(1)+age,26,2013-11-02,2026-01-31,0,2026-10-07
http://ufcstats.com/fighter-details/56c9acc4e86046a2,Chris Kelades,ufcstats,gidstats,https://gidstats.com/fighters/chris_kelades.html,,https://gidstats.com/fighters/chris_kelades.html,Chris Kelades,1981-02-21,,45,name+opponents(4)+age,19,2009-05-09,2019-10-19,0,2026-10-07
http://ufcstats.com/fighter-details/56f7d7ee06be4aab,Zac Pauga,ufcstats,gidstats,https://gidstats.com/fighters/zac_pauga.html,,https://gidstats.com/fighters/zac_pauga.html,Zac Pauga,1988-02-25,,38,name+opponents(4)+age,11,2020-07-31,2024-02-10,0,2026-10-07
http://ufcstats.com/fighter-details/56fcb2c4d99f9d1b,Mike Grundy,ufcstats,gidstats,https://gidstats.com/fighters/mike_grundy.html,,https://gidstats.com/fighters/mike_grundy.html,Mike Grundy,1987-01-03,,39,name+opponents(4)+age,16,2014-09-13,2022-03-19,2,2026-10-07
http://ufcstats.com/fighter-details/5713c1d2fac539ac,Cody East,ufcstats,gidstats,https://gidstats.com/fighters/cody_east.html,,https://gidstats.com/fighters/cody_east.html,Cody East,1988-06-29,,38,name+opponents(2)+age,21,2008-05-31,2023-05-06,3,2026-10-07
http://ufcstats.com/fighter-details/57186c150c645200,Jeka Saragih,ufcstats,gidstats,https://gidstats.com/fighters/jeka_asparido_saragih.html,,https://gidstats.com/fighters/jeka_asparido_saragih.html,Jeka Saragih,1995-01-01,,31,name+opponents(4)+age,19,2016-09-10,2025-06-07,0,2026-10-07
http://ufcstats.com/fighter-details/5731cc327790b731,Matt Veach,ufcstats,gidstats,https://gidstats.com/fighters/matt_veach.html,,https://gidstats.com/fighters/matt_veach.html,Matt Veach,1981-05-31,,45,name+opponents(1)+age,22,2006-07-22,2016-12-02,0,2026-10-07
http://ufcstats.com/fighter-details/575360be653ad6a6,Hernani Perpetuo,ufcstats,gidstats,https://gidstats.com/fighters/hernani_perpetuo.html,,https://gidstats.com/fighters/hernani_perpetuo.html,Hernani Perpetuo,1985-05-24,,41,name+opponents(2)+age,31,2005-11-05,2023-11-24,1,2026-10-07
http://ufcstats.com/fighter-details/5755960ebd0b16f6,Ivan Menjivar,ufcstats,gidstats,https://gidstats.com/fighters/ivan_menjivar.html,,https://gidstats.com/fighters/ivan_menjivar.html,Ivan Menjivar,1982-05-30,,44,name+opponents(8)+age,37,2001-01-27,2014-03-01,1,2026-10-07
http://ufcstats.com/fighter-details/57887765f831e228,Roldan Sangcha'an,ufcstats,gidstats,https://gidstats.com/fighters/roldan_sangcha-an.html,,https://gidstats.com/fighters/roldan_sangcha-an.html,Roldan Sangcha-an,1990-12-04,,35,name+opponents(2)+age,7,2012-04-14,2017-09-01,0,2026-10-07
http://ufcstats.com/fighter-details/578ef12674df1e6a,Irene Aldana,ufcstats,gidstats,https://gidstats.com/fighters/irene_aldana.html,,https://gidstats.com/fighters/irene_aldana.html,Irene Aldana,1988-03-26,,38,name+opponents(13)+age,23,2012-10-17,2024-09-14,0,2026-10-07
http://ufcstats.com/fighter-details/579fcdfcabd23a7b,Brian Stann,ufcstats,gidstats,https://gidstats.com/fighters/brian_stann.html,,https://gidstats.com/fighters/brian_stann.html,Brian Stann,1980-09-24,,46,name+opponents(8)+age,18,2006-01-06,2013-03-02,0,2026-10-07
http://ufcstats.com/fighter-details/57ab4d7c0bc09a30,Zach Makovsky,ufcstats,gidstats,https://gidstats.com/fighters/zach_makovsky.html,,https://gidstats.com/fighters/zach_makovsky.html,Zach Makovsky,1983-04-19,,43,name+opponents(7)+age,33,2006-12-09,2023-08-12,0,2026-10-07
http://ufcstats.com/fighter-details/57b10fca4f9c9a7a,Alex Oliveira,ufcstats,gidstats,https://gidstats.com/fighters/alex_oliveira.html,,https://gidstats.com/fighters/alex_oliveira.html,Alex Oliveira,1988-02-21,,38,name+opponents(21)+age,44,2011-12-10,2024-05-25,1,2026-10-07
http://ufcstats.com/fighter-details/57bad6a84230f0c9,Tony Sims,ufcstats,gidstats,https://gidstats.com/fighters/tony_sims.html,,https://gidstats.com/fighters/tony_sims.html,Tony Sims,1985-10-14,,40,name+opponents(3)+age,16,2008-03-07,2016-01-02,0,2026-10-07
http://ufcstats.com/fighter-details/57bf89d42364d39e,Issei Tamura,ufcstats,gidstats,https://gidstats.com/fighters/issei_tamura.html,,https://gidstats.com/fighters/issei_tamura.html,Issei Tamura,1984-03-12,,42,name+opponents(2)+age,27,2008-06-26,2022-12-25,0,2026-10-07
http://ufcstats.com/fighter-details/5823ceab56741617,Jonathan Meunier,ufcstats,gidstats,https://gidstats.com/fighters/jonathan_meunier.html,,https://gidstats.com/fighters/jonathan_meunier.html,Jonathan Meunier,1987-08-04,,39,name+opponents(2)+age,11,2013-10-05,2019-12-14,0,2026-10-07
http://ufcstats.com/fighter-details/583ee11abddfc581,Nate Landwehr,ufcstats+card,gidstats,https://gidstats.com/fighters/nate_landwehr.html,,https://gidstats.com/fighters/nate_landwehr.html,Nate Landwehr,1988-06-06,,38,name+opponents(12)+age,26,2012-06-22,2026-04-11,0,2026-10-07
http://ufcstats.com/fighter-details/5847c1a960bb23af,Marina Spasic,ufcstats,gidstats,https://gidstats.com/fighters/marina_spasi.html,,https://gidstats.com/fighters/marina_spasi.html,Marina Spasić,1994-07-11,,32,name+age,7,2021-09-18,2025-11-23,1,2026-10-07
http://ufcstats.com/fighter-details/5866fc86183a9fb8,Erick Silva,ufcstats,gidstats,https://gidstats.com/fighters/erick_silva.html,,https://gidstats.com/fighters/erick_silva.html,Erick Silva,1984-06-21,,42,name+opponents(15)+age,32,2005-06-03,2019-06-22,0,2026-10-07
http://ufcstats.com/fighter-details/5870c541798124ae,Manoel Sousa,ufcstats+dwcs,gidstats,https://gidstats.com/fighters/manoel_sousa.html,,https://gidstats.com/fighters/manoel_sousa.html,Manoel Sousa,1997-06-04,,29,name+opponents(3)+age,16,2019-05-25,2026-08-08,0,2026-10-07
http://ufcstats.com/fighter-details/58bbef3770bb2dfc,Joel Alvarez,ufcstats,gidstats,https://gidstats.com/fighters/joel_alvarez.html,,https://gidstats.com/fighters/joel_alvarez.html,Joel Alvarez,1993-03-02,,33,name+opponents(11)+age,28,2013-12-28,2026-08-15,0,2026-10-07
http://ufcstats.com/fighter-details/5904b0b38dc6718d,Cody Pfister,ufcstats,gidstats,https://gidstats.com/fighters/cody_pfister.html,,https://gidstats.com/fighters/cody_pfister.html,Cody Pfister,1990-07-12,,36,name+opponents(4)+age,27,2010-02-05,2022-05-06,0,2026-10-07
http://ufcstats.com/fighter-details/59279a7c978f7da0,Al Iaquinta,ufcstats,gidstats,https://gidstats.com/fighters/al_iaquinta.html,,https://gidstats.com/fighters/al_iaquinta.html,Al Iaquinta,1987-04-30,,39,name+opponents(13)+age,26,2009-02-20,2021-11-06,1,2026-10-07
http://ufcstats.com/fighter-details/59583ff832fe9d68,Krzysztof Soszynski,ufcstats,gidstats,https://gidstats.com/fighters/krzysztof_soszynski.html,,https://gidstats.com/fighters/krzysztof_soszynski.html,Krzysztof Soszynski,1977-08-02,,49,name+opponents(4)+age,42,2003-09-13,2011-12-10,0,2026-10-07
http://ufcstats.com/fighter-details/595db60957de51d3,Michel Pereira,ufcstats,gidstats,https://gidstats.com/fighters/michel_pereira_lima.html,,https://gidstats.com/fighters/michel_pereira_lima.html,Michel Pereira Lima,1993-10-06,,33,alias+opponents(16)+age,48,2011-12-22,2026-02-21,0,2026-10-07
http://ufcstats.com/fighter-details/597499ac7a5aac62,Abdul-Kareem Al-Selwady,ufcstats,gidstats,https://gidstats.com/fighters/a_al-selwady.html,,https://gidstats.com/fighters/a_al-selwady.html,Abdul-Kareem Al-Selwady,1995-04-10,,31,name+opponents(2)+age,20,2012-09-07,2026-03-21,3,2026-10-07
http://ufcstats.com/fighter-details/5987b2458f4b5290,Ricky Simon,ufcstats+dwcs,gidstats,https://gidstats.com/fighters/ricky_simon.html,,https://gidstats.com/fighters/ricky_simon.html,Ricky Simon,1992-08-31,,34,name+opponents(18)+age,30,2014-01-18,2026-03-28,1,2026-10-07
http://ufcstats.com/fighter-details/59a27d2e6d0802ac,Max Rohskopf,ufcstats,gidstats,https://gidstats.com/fighters/max_rohskopf.html,,https://gidstats.com/fighters/max_rohskopf.html,Max Rohskopf,1994-09-27,,32,name+opponents(1)+age,9,2018-02-10,2023-02-04,4,2026-10-07
http://ufcstats.com/fighter-details/59c438c81fbf3ece,Tereza Bleda,ufcstats+dwcs,gidstats,https://gidstats.com/fighters/tereza_bled.html,,https://gidstats.com/fighters/tereza_bled.html,Tereza Bledá,2001-11-30,,24,name+opponents(4)+age,11,2020-05-30,2023-06-17,0,2026-10-07
http://ufcstats.com/fighter-details/5a229cbd9cdd28ca,Roberto Soldic,ufcstats,gidstats,https://gidstats.com/fighters/roberto_soldi.html,,https://gidstats.com/fighters/roberto_soldi.html,Roberto Soldić,1995-01-25,,31,name+opponents(1)+age,26,2014-10-19,2025-02-20,1,2026-10-07
http://ufcstats.com/fighter-details/5a6e4d2f0c76a242,Manuel Rodriguez,ufcstats,gidstats,https://gidstats.com/fighters/manuel_rodriguez.html,,https://gidstats.com/fighters/manuel_rodriguez.html,Manuel Rodriguez,1985-04-25,,41,name+opponents(1)+age,17,2009-05-09,2015-09-12,1,2026-10-07
http://ufcstats.com/fighter-details/5abf827d62f98fee,Clifford Starks,ufcstats,gidstats,https://gidstats.com/fighters/clifford_starks.html,,https://gidstats.com/fighters/clifford_starks.html,Clifford Starks,1981-04-25,,45,name+opponents(3)+age,19,2009-12-04,2017-11-18,0,2026-10-07
http://ufcstats.com/fighter-details/5aedf14771ca82d2,Wilson Reis,ufcstats,gidstats,https://gidstats.com/fighters/wilson_reis.html,,https://gidstats.com/fighters/wilson_reis.html,Wilson Reis,1985-01-06,,41,name+opponents(12)+age,42,2007-07-28,2024-06-07,4,2026-10-07
http://ufcstats.com/fighter-details/5b03b61f9d90125e,Morgan Charriere,ufcstats,gidstats,https://gidstats.com/fighters/morgan_charriere.html,,https://gidstats.com/fighters/morgan_charriere.html,Morgan Charriere,1995-10-26,,30,name+opponents(7)+age,35,2014-12-13,2025-12-13,1,2026-10-07
http://ufcstats.com/fighter-details/5b2325cd70dbe2ea,Talita Bernardo,ufcstats,gidstats,https://gidstats.com/fighters/talita_bernardo.html,,https://gidstats.com/fighters/talita_bernardo.html,Talita Bernardo,1987-03-04,,39,name+opponents(4)+age,16,2015-01-31,2024-12-13,0,2026-10-07
http://ufcstats.com/fighter-details/5b2d7906aa894274,Mike Massenzio,ufcstats,gidstats,https://gidstats.com/fighters/mike_massenzio.html,,https://gidstats.com/fighters/mike_massenzio.html,Mike Massenzio,1982-11-01,,43,name+opponents(5)+age,22,2005-04-02,2013-04-05,0,2026-10-07
http://ufcstats.com/fighter-details/5b407acfe0ef9b76,Nick Osipczak,ufcstats,gidstats,https://gidstats.com/fighters/nick_osipczak.html,,https://gidstats.com/fighters/nick_osipczak.html,Nick Osipczak,1984-12-30,,41,name+opponents(3)+age,12,2008-03-15,2015-06-27,0,2026-10-07
http://ufcstats.com/fighter-details/5b43d68174b6e2ab,Losene Keita,ufcstats,gidstats,https://gidstats.com/fighters/losene_keita.html,,https://gidstats.com/fighters/losene_keita.html,Losene Keita,1997-12-30,,28,name+opponents(2)+age,19,2019-10-05,2026-09-05,3,2026-10-07
http://ufcstats.com/fighter-details/5b5307450405abf0,Rick Story,ufcstats,gidstats,https://gidstats.com/fighters/rick_story.html,,https://gidstats.com/fighters/rick_story.html,Rick Story,1984-08-28,,42,name+opponents(17)+age,31,2007-11-06,2018-10-20,0,2026-10-07
http://ufcstats.com/fighter-details/5b86d491d63890c5,Ludovit Klein,ufcstats,gidstats,https://gidstats.com/fighters/klein_udovt.html,,https://gidstats.com/fighters/klein_udovt.html,Ľudovít Klein,1995-02-22,,31,name+opponents(13)+age,30,2014-12-20,2025-10-25,1,2026-10-07
http://ufcstats.com/fighter-details/5b8ba8f5512893b1,Matt Sayles,ufcstats+dwcs,gidstats,https://gidstats.com/fighters/matt_sayles.html,,https://gidstats.com/fighters/matt_sayles.html,Matt Sayles,1994-02-21,,32,name+opponents(5)+age,12,2014-01-18,2021-12-18,0,2026-10-07
http://ufcstats.com/fighter-details/5bb0a618ad03ac64,Jay Hieron,ufcstats,gidstats,https://gidstats.com/fighters/jay_hieron.html,,https://gidstats.com/fighters/jay_hieron.html,Jay Hieron,1976-07-29,,50,name+opponents(2)+age,30,2003-07-19,2013-02-02,0,2026-10-07
http://ufcstats.com/fighter-details/5be51426ff3c1929,Stan Dorsainvil,ufcstats,sherdog,https://www.sherdog.com/fighter/Stanley-Dorsainvil-371512,https://www.sherdog.com/fighter/Stanley-Dorsainvil-371512,,Stanley Dorsainvil,2000-05-12,2000-05-12,,alias+dob,6,2023-01-20,2026-08-22,,2026-10-07
http://ufcstats.com/fighter-details/5bf31a46becc1204,Michael Trizano,ufcstats,gidstats,https://gidstats.com/fighters/michael_trizano.html,,https://gidstats.com/fighters/michael_trizano.html,Michael Trizano,1991-12-31,,34,name+opponents(7)+age,15,2016-03-04,2022-11-12,0,2026-10-07
http://ufcstats.com/fighter-details/5c10da56d712ac9c,Khusein Askhabov,ufcstats,gidstats,https://gidstats.com/fighters/khusein_askhabov.html,,https://gidstats.com/fighters/khusein_askhabov.html,Khusein Askhabov,1995-02-13,,31,name+opponents(1)+age,24,2012-03-04,2023-02-18,0,2026-10-07
http://ufcstats.com/fighter-details/5c126c6aac3ef364,Poliana Botelho,ufcstats,gidstats,https://gidstats.com/fighters/poliana_botelho.html,,https://gidstats.com/fighters/poliana_botelho.html,Poliana Botelho,1988-12-15,,37,name+opponents(7)+age,14,2013-09-28,2022-09-28,0,2026-10-07
http://ufcstats.com/fighter-details/5c1ca0c72b599a3c,Rafael Cavalcante,ufcstats,gidstats,https://gidstats.com/fighters/rafael_cavalcante.html,,https://gidstats.com/fighters/rafael_cavalcante.html,Rafael Cavalcante,1980-04-14,,45,name+opponents(5)+age,21,2006-02-10,2017-07-01,0,2026-10-07
http://ufcstats.com/fighter-details/5c2ce761399dc9c5,Marcin Bandel,ufcstats,gidstats,https://gidstats.com/fighters/marcin_bandel.html,,https://gidstats.com/fighters/marcin_bandel.html,Marcin Bandel,1989-10-10,,36,name+opponents(2)+age,31,2009-11-21,2023-12-05,1,2026-10-07
http://ufcstats.com/fighter-details/5c637af9472ae7cc,Jamey-Lyn Horth,ufcstats+card,gidstats,https://gidstats.com/fighters/jamey-lyn_horth.html,,https://gidstats.com/fighters/jamey-lyn_horth.html,Jamey-Lyn Horth,1990-03-30,,36,name+opponents(7)+age,12,2018-03-17,2026-04-18,0,2026-10-07
http://ufcstats.com/fighter-details/5c84f673b7bb7c15,Cameron Smotherman,ufcstats+dwcs,gidstats,https://gidstats.com/fighters/cameron_smotherman.html,,https://gidstats.com/fighters/cameron_smotherman.html,Cameron Smotherman,1997-09-17,,29,name+opponents(5)+age,19,2021-03-06,2026-05-30,0,2026-10-07
http://ufcstats.com/fighter-details/5cafbc97dba2e797,Robert McDaniel,ufcstats,gidstats,https://gidstats.com/fighters/bubba_mcdaniel.html,,https://gidstats.com/fighters/bubba_mcdaniel.html,Bubba McDaniel,1983-05-03,,43,alias+opponents(3)+age,45,2005-12-02,2023-06-24,3,2026-10-07
http://ufcstats.com/fighter-details/5cdf5339728f580d,Felipe dos Santos,ufcstats,gidstats,https://gidstats.com/fighters/felipe_dos_santos.html,,https://gidstats.com/fighters/felipe_dos_santos.html,Felipe dos Santos,2000-09-11,,26,name+opponents(4)+age,14,2019-04-06,2026-03-27,0,2026-10-07
http://ufcstats.com/fighter-details/5d1b7e3dd9e11074,Manel Kape,ufcstats,gidstats,https://gidstats.com/fighters/manel_kape.html,,https://gidstats.com/fighters/manel_kape.html,Manel Kape,1993-11-14,,32,name+opponents(10)+age,30,2012-05-13,2026-06-20,0,2026-10-07
http://ufcstats.com/fighter-details/5d495dec23d7c68e,Francis Marshall,ufcstats,gidstats,https://gidstats.com/fighters/francis_marshall.html,,https://gidstats.com/fighters/francis_marshall.html,Francis Marshall,1999-03-03,,27,name+opponents(6)+age,12,2019-11-09,2026-02-28,0,2026-10-07
http://ufcstats.com/fighter-details/5d7bdab5e03e3216,CB Dollaway,ufcstats,gidstats,https://gidstats.com/fighters/cb_dollaway.html,,https://gidstats.com/fighters/cb_dollaway.html,CB Dollaway,1983-08-10,,43,name+opponents(15)+age,32,2006-11-10,2019-12-31,1,2026-10-07
http://ufcstats.com/fighter-details/5d8006587d6a6711,Isaac Thomson,ufcstats,gidstats,https://gidstats.com/fighters/isaac_thomson.html,,https://gidstats.com/fighters/isaac_thomson.html,Isaac Thomson,2002-05-03,,24,name+opponents(1)+age,12,2020-12-11,2025-12-13,0,2026-10-07
http://ufcstats.com/fighter-details/5da33b8fbfa5ee95,William Knight,ufcstats+dwcs,gidstats,https://gidstats.com/fighters/william_knight.html,,https://gidstats.com/fighters/william_knight.html,William Knight,1988-04-03,,38,name+opponents(9)+age,17,2018-05-04,2023-05-12,3,2026-10-07
http://ufcstats.com/fighter-details/5dad1e8a516e6477,Luis Hernandez,ufcstats+dwcs,gidstats,https://gidstats.com/fighters/luis_hernandez.html,,https://gidstats.com/fighters/luis_hernandez.html,Luis Hernandez,1996-08-22,,30,name+opponents(2)+age,9,2021-12-17,2026-09-26,0,2026-10-07
http://ufcstats.com/fighter-details/5dd180c8b3196786,Gloria de Paula,ufcstats+dwcs,gidstats,https://gidstats.com/fighters/gloria_de_paula.html,,https://gidstats.com/fighters/gloria_de_paula.html,Gloria de Paula,1995-06-10,,31,name+opponents(5)+age,13,2017-07-15,2024-08-23,0,2026-10-07
http://ufcstats.com/fighter-details/5df17b3620145578,Cole Escovedo,ufcstats,gidstats,https://gidstats.com/fighters/cole_escovedo.html,,https://gidstats.com/fighters/cole_escovedo.html,Cole Escovedo,1981-08-30,,45,name+opponents(3)+age,26,2001-10-04,2011-11-12,0,2026-10-07
http://ufcstats.com/fighter-details/5dfe71ade71f3a4b,Rosi Sexton,ufcstats,gidstats,https://gidstats.com/fighters/rosi_sexton.html,,https://gidstats.com/fighters/rosi_sexton.html,Rosi Sexton,1977-07-16,,49,name+opponents(2)+age,18,2002-05-11,2014-06-07,0,2026-10-07
http://ufcstats.com/fighter-details/5e4eec08896c9423,Corey Anderson,ufcstats,gidstats,https://gidstats.com/fighters/corey_anderson.html,,https://gidstats.com/fighters/corey_anderson.html,Corey Anderson,1989-09-22,,37,name+opponents(14)+age,30,2013-03-29,2025-10-03,0,2026-10-07
http://ufcstats.com/fighter-details/5e6294b37bbef029,Stephanie Egger,ufcstats,gidstats,https://gidstats.com/fighters/stephanie_egger.html,,https://gidstats.com/fighters/stephanie_egger.html,Stephanie Egger,1988-08-12,,38,name+opponents(7)+age,14,2015-09-19,2026-03-07,1,2026-10-07
http://ufcstats.com/fighter-details/5e84a859c6a82288,Michel Quinones,ufcstats,gidstats,https://gidstats.com/fighters/michel_quinones.html,,https://gidstats.com/fighters/michel_quinones.html,Michel Quinones,1984-12-22,,41,name+opponents(2)+age,11,2011-01-21,2017-11-11,0,2026-10-07
http://ufcstats.com/fighter-details/5e9ca8dd7d783a75,Alden Coria,ufcstats,gidstats,https://gidstats.com/fighters/alden_coria.html,,https://gidstats.com/fighters/alden_coria.html,Alden Coria,1998-04-24,,28,name+opponents(3)+age,16,2019-08-23,2026-02-21,0,2026-10-07
http://ufcstats.com/fighter-details/5ea918ea81b7dee2,Yao Zhikui,ufcstats,gidstats,https://gidstats.com/fighters/yao_zhikui.html,,https://gidstats.com/fighters/yao_zhikui.html,Yao Zhikui,1991-02-07,,35,name+opponents(4)+age,10,2012-12-01,2017-08-10,0,2026-10-07
http://ufcstats.com/fighter-details/5eb50529a8418b77,Gabe Green,ufcstats,gidstats,https://gidstats.com/fighters/gabriel_green.html,,https://gidstats.com/fighters/gabriel_green.html,Gabriel Green,1993-05-02,,33,alias+opponents(6)+age,17,2016-04-07,2025-05-17,0,2026-10-07
http://ufcstats.com/fighter-details/5ec591b78349ba7e,Christian Rodriguez,ufcstats+dwcs,gidstats,https://gidstats.com/fighters/christian_rodriguez.html,,https://gidstats.com/fighters/christian_rodriguez.html,Christian Rodriguez,1997-12-17,,28,name+opponents(11)+age,17,2019-05-11,2026-06-20,0,2026-10-07
http://ufcstats.com/fighter-details/5ef0088c1b19beeb,Bryan Caraway,ufcstats,gidstats,https://gidstats.com/fighters/bryan_caraway.html,,https://gidstats.com/fighters/bryan_caraway.html,Bryan Caraway,1984-08-04,,42,name+opponents(10)+age,32,2005-09-16,2019-07-27,0,2026-10-07
http://ufcstats.com/fighter-details/5ef94841c4bc3f86,Edgar Chairez,ufcstats+dwcs,gidstats,https://gidstats.com/fighters/edgar_chirez.html,,https://gidstats.com/fighters/edgar_chirez.html,Edgar Cháirez,1996-01-27,,30,name+opponents(7)+age,21,2016-12-03,2026-06-06,0,2026-10-07
http://ufcstats.com/fighter-details/5f04e3d58d9ce982,Yves Edwards,ufcstats,gidstats,https://gidstats.com/fighters/yves_edwards.html,,https://gidstats.com/fighters/yves_edwards.html,Yves Edwards,1976-09-30,,50,name+opponents(11)+age,66,1997-10-26,2014-11-22,1,2026-10-07
http://ufcstats.com/fighter-details/5f179af5fffeb9f6,Cortney Casey,ufcstats,gidstats,https://gidstats.com/fighters/cortney_casey.html,,https://gidstats.com/fighters/cortney_casey.html,Cortney Casey,1987-05-05,,39,name+opponents(15)+age,20,2013-06-14,2022-07-09,0,2026-10-07
http://ufcstats.com/fighter-details/5f3805dda9661cba,Jason Witt,ufcstats,gidstats,https://gidstats.com/fighters/jason_witt.html,,https://gidstats.com/fighters/jason_witt.html,Jason Witt,1986-11-07,,39,name+opponents(6)+age,28,2013-03-01,2022-08-13,0,2026-10-07
http://ufcstats.com/fighter-details/5f3da9a9610d8969,Cameron Else,ufcstats,gidstats,https://gidstats.com/fighters/cameron_else.html,,https://gidstats.com/fighters/cameron_else.html,Cameron Else,1987-04-27,,39,name+opponents(2)+age,18,2012-10-06,2025-07-12,1,2026-10-07
http://ufcstats.com/fighter-details/5f61780fe5e9b6d0,Andre Petroski,ufcstats+card,gidstats,https://gidstats.com/fighters/petroski_andre.html,,https://gidstats.com/fighters/petroski_andre.html,Andre Petroski,1991-06-12,,35,name+opponents(14)+age,21,2018-10-05,2026-05-16,7,2026-10-07
http://ufcstats.com/fighter-details/5f6f049d54728e88,Andre Ewell,ufcstats,gidstats,https://gidstats.com/fighters/andre_ewell.html,,https://gidstats.com/fighters/andre_ewell.html,Andre Ewell,1988-01-21,,38,name+opponents(9)+age,28,2015-08-15,2022-08-20,6,2026-10-07
http://ufcstats.com/fighter-details/5f87a5c00b3d17ed,Dennis Siver,ufcstats,gidstats,https://gidstats.com/fighters/dennis_siver.html,,https://gidstats.com/fighters/dennis_siver.html,Dennis Siver,1979-01-13,,47,name+opponents(14)+age,35,2004-02-28,2017-06-25,0,2026-10-07
http://ufcstats.com/fighter-details/5f926979c980b87e,Borislav Nikolic,ufcstats,gidstats,https://gidstats.com/fighters/borislav_nikoli.html,,https://gidstats.com/fighters/borislav_nikoli.html,Borislav Nikolić,1993-01-29,,33,name+age,18,2016-05-28,2026-02-14,0,2026-10-07
http://ufcstats.com/fighter-details/5f99b2bafb10305f,Daron Cruickshank,ufcstats,gidstats,https://gidstats.com/fighters/daron_cruickshank.html,,https://gidstats.com/fighters/daron_cruickshank.html,Daron Cruickshank,1985-06-11,,41,name+opponents(13)+age,40,2009-10-10,2021-08-06,0,2026-10-07
http://ufcstats.com/fighter-details/5fa2974cbd18e05c,John Castaneda,ufcstats+dwcs,gidstats,https://gidstats.com/fighters/john_castaneda.html,,https://gidstats.com/fighters/john_castaneda.html,John Castaneda,1991-12-18,,34,name+opponents(10)+age,30,2012-09-22,2026-04-18,0,2026-10-07
http://ufcstats.com/fighter-details/5fceb45939fc0c8a,Tom Niinimaki,ufcstats,gidstats,https://gidstats.com/fighters/tom_niinimaki.html,,https://gidstats.com/fighters/tom_niinimaki.html,Tom Niinimaki,1982-07-25,,44,name+opponents(4)+age,31,2002-10-19,2016-10-01,0,2026-10-07
http://ufcstats.com/fighter-details/60029bcf496bd707,Soa Palelei,ufcstats,gidstats,https://gidstats.com/fighters/soa_palelei.html,,https://gidstats.com/fighters/soa_palelei.html,Soa Palelei,1977-07-12,,49,name+opponents(6)+age,28,2002-09-27,2015-08-01,0,2026-10-07
http://ufcstats.com/fighter-details/60193e707634e560,Montse Rendon,ufcstats,gidstats,https://gidstats.com/fighters/montserrat_rendon.html,,https://gidstats.com/fighters/montserrat_rendon.html,Montserrat Rendon,1989-03-16,,,alias+opponents(3),9,2020-09-25,2026-03-14,2,2026-10-07
http://ufcstats.com/fighter-details/601964f9654f911a,Tony Gravely,ufcstats+dwcs,gidstats,https://gidstats.com/fighters/tony_gravely.html,,https://gidstats.com/fighters/tony_gravely.html,Tony Gravely,1991-09-28,,35,name+opponents(9)+age,31,2015-10-10,2023-03-11,0,2026-10-07
http://ufcstats.com/fighter-details/60425d07ef4b91a7,Kyler Phillips,ufcstats+dwcs,gidstats,https://gidstats.com/fighters/kyler_phillips.html,,https://gidstats.com/fighters/kyler_phillips.html,Kyler Phillips,1995-06-12,,31,name+opponents(11)+age,17,2016-03-04,2025-07-19,0,2026-10-07
http://ufcstats.com/fighter-details/6085ceb59087514b,Steve Lopez,ufcstats,gidstats,https://gidstats.com/fighters/steve_lopez.html,,https://gidstats.com/fighters/steve_lopez.html,Steve Lopez,1984-07-30,,42,name+opponents(1)+age,20,2007-02-23,2012-10-06,0,2026-10-07
http://ufcstats.com/fighter-details/60a42bf82447c919,Jake Hadley,ufcstats+dwcs,gidstats,https://gidstats.com/fighters/jake_hadley.html,,https://gidstats.com/fighters/jake_hadley.html,Jake Hadley,1996-08-03,,25,"name+opponents(8) AGE_CONFLICT(gid 25, dob 1996-08-03)",17,2018-02-10,2025-06-20,0,2026-10-07
http://ufcstats.com/fighter-details/60ba33c3f555a7a3,Josh Grispi,ufcstats,gidstats,https://gidstats.com/fighters/josh_grispi.html,,https://gidstats.com/fighters/josh_grispi.html,Josh Grispi,1988-10-14,,37,name+opponents(4)+age,19,2006-09-23,2013-02-16,0,2026-10-07
http://ufcstats.com/fighter-details/60c72f7459827881,Julio Paulino,ufcstats,gidstats,https://gidstats.com/fighters/julio_paulino.html,,https://gidstats.com/fighters/julio_paulino.html,Julio Paulino,1975-12-04,,50,name+opponents(2)+age,29,2005-01-19,2017-01-18,0,2026-10-07
http://ufcstats.com/fighter-details/6142edbd477d20c9,Dakota Hope,ufcstats,gidstats,https://gidstats.com/fighters/dakota_hope.html,,https://gidstats.com/fighters/dakota_hope.html,Dakota Hope,1997-01-29,,29,name+age,10,2019-01-12,2025-06-13,0,2026-10-07
http://ufcstats.com/fighter-details/61fb8098ccf81c7f,Antonio Arroyo,ufcstats+dwcs,gidstats,https://gidstats.com/fighters/antonio_arroyo.html,,https://gidstats.com/fighters/antonio_arroyo.html,Antonio Arroyo,1989-07-01,,37,name+opponents(4)+age,16,2014-07-17,2022-08-26,1,2026-10-07
http://ufcstats.com/fighter-details/621a6c59f88a44fe,Matt Hughes,ufcstats,gidstats,https://gidstats.com/fighters/matt_hughes.html,,https://gidstats.com/fighters/matt_hughes.html,Matt Hughes,1973-10-13,,52,name+opponents(4)+age,54,1998-01-01,2011-09-24,0,2026-10-07
http://ufcstats.com/fighter-details/6224e8d0a34264eb,Edward Faaloloto,ufcstats,gidstats,https://gidstats.com/fighters/edward_faaloloto.html,,https://gidstats.com/fighters/edward_faaloloto.html,Edward Faaloloto,1984-07-15,,41,name+opponents(2)+age,7,2010-05-15,2013-07-28,0,2026-10-07
http://ufcstats.com/fighter-details/6256b2b1562cb8e1,James Vick,ufcstats,gidstats,https://gidstats.com/fighters/james_vick.html,,https://gidstats.com/fighters/james_vick.html,James Vick,1987-02-23,,39,name+opponents(14)+age,23,2011-06-18,2021-01-30,5,2026-10-07
http://ufcstats.com/fighter-details/6266abf6e4245c72,Noah Gugnon,ufcstats,gidstats,https://gidstats.com/fighters/noah_gugnon.html,,https://gidstats.com/fighters/noah_gugnon.html,Noah Gugnon,2000-10-18,,25,name+opponents(1)+age,12,2021-10-29,2026-08-01,0,2026-10-07
http://ufcstats.com/fighter-details/62f3039da2f92a8c,Eduardo Chapolin,ufcstats,sherdog,https://www.sherdog.com/fighter/Eduardo-Henrique-199575,https://www.sherdog.com/fighter/Eduardo-Henrique-199575,,Eduardo Henrique,1995-11-23,1995-11-23,,alias+dob,18,2015-05-02,2026-08-15,,2026-10-07
http://ufcstats.com/fighter-details/62f7097c04311193,Niklas Stolze,ufcstats,gidstats,https://gidstats.com/fighters/niklas_stolze.html,,https://gidstats.com/fighters/niklas_stolze.html,Niklas Stolze,1992-12-28,,33,name+opponents(3)+age,24,2014-06-01,2026-06-20,1,2026-10-07
http://ufcstats.com/fighter-details/633a45d131192ffe,Kajan Johnson,ufcstats,gidstats,https://gidstats.com/fighters/kajan_johnson.html,,https://gidstats.com/fighters/kajan_johnson.html,Kajan Johnson,1984-04-21,,42,name+opponents(7)+age,40,2002-02-23,2018-09-15,0,2026-10-07
http://ufcstats.com/fighter-details/634bb0de2eb043b4,Cristiane Justino,ufcstats,sherdog,https://www.sherdog.com/fighter/Cristiane-Justino-14477,https://www.sherdog.com/fighter/Cristiane-Justino-14477,,Cristiane Justino,1985-07-09,1985-07-09,,name+dob,33,2005-05-17,2026-08-22,,2026-10-07
http://ufcstats.com/fighter-details/634e2fb70bde3fd5,Holly Holm,ufcstats,gidstats,https://gidstats.com/fighters/holly_holm.html,,https://gidstats.com/fighters/holly_holm.html,Holly Holm,1981-10-17,,44,name+opponents(14)+age,23,2011-03-03,2024-04-13,41,2026-10-07
http://ufcstats.com/fighter-details/6370c1c1e12723d5,Marcin Prachnio,ufcstats,gidstats,https://gidstats.com/fighters/marcin_prachnio.html,,https://gidstats.com/fighters/marcin_prachnio.html,Marcin Prachnio,1988-07-14,,38,name+opponents(11)+age,26,2013-07-13,2025-07-19,0,2026-10-07
http://ufcstats.com/fighter-details/637bd06c32219f0b,Jacob Kilburn,ufcstats+dwcs,gidstats,https://gidstats.com/fighters/jacob_kilburn.html,,https://gidstats.com/fighters/jacob_kilburn.html,Jacob Kilburn,1995-06-28,,31,name+opponents(3)+age,15,2016-11-05,2022-08-13,0,2026-10-07
http://ufcstats.com/fighter-details/638cfec7ec559d6e,Brandon Thatch,ufcstats,gidstats,https://gidstats.com/fighters/brandon_thatch.html,,https://gidstats.com/fighters/brandon_thatch.html,Brandon Thatch,1985-07-11,,41,name+opponents(6)+age,16,2008-06-13,2016-12-30,0,2026-10-07
http://ufcstats.com/fighter-details/63def5a5662a6917,Junior Dos Santos,ufcstats,gidstats,https://gidstats.com/fighters/junior_dos_santos.html,,https://gidstats.com/fighters/junior_dos_santos.html,Junior Dos Santos,1984-01-30,,42,name+opponents(17)+age,31,2006-07-16,2022-05-20,0,2026-10-07
http://ufcstats.com/fighter-details/640a0f838f057a81,Lerryan Douglas,ufcstats+dwcs,gidstats,https://gidstats.com/fighters/lerryan_douglas.html,,https://gidstats.com/fighters/lerryan_douglas.html,Lerryan Douglas,1995-04-27,,31,name+opponents(1)+age,18,2013-06-15,2025-09-09,0,2026-10-07
http://ufcstats.com/fighter-details/641ca2c2ed91b93c,Zygimantas Ramaska,ufcstats,gidstats,https://gidstats.com/fighters/zygimantas_ramaska.html,,https://gidstats.com/fighters/zygimantas_ramaska.html,Zygimantas Ramaska,1996-12-27,,29,name+opponents(1)+age,14,2016-11-05,2025-10-18,0,2026-10-07
http://ufcstats.com/fighter-details/64360e618823a8e4,Phillipe Nover,ufcstats,gidstats,https://gidstats.com/fighters/phillipe_nover.html,,https://gidstats.com/fighters/phillipe_nover.html,Phillipe Nover,1984-02-03,,42,name+opponents(5)+age,23,2003-07-19,2017-02-11,1,2026-10-07
http://ufcstats.com/fighter-details/6448e57a9533b7e4,Abner Lloveras,ufcstats,gidstats,https://gidstats.com/fighters/abner_lloveras.html,,https://gidstats.com/fighters/abner_lloveras.html,Abner Lloveras,1982-09-04,,44,name+opponents(1)+age,40,2004-08-22,2023-02-04,0,2026-10-07
http://ufcstats.com/fighter-details/64788ee44b062ded,Michinori Tanaka,ufcstats,gidstats,https://gidstats.com/fighters/michinori_tanaka.html,,https://gidstats.com/fighters/michinori_tanaka.html,Michinori Tanaka,1990-10-04,,36,name+opponents(5)+age,20,2010-10-16,2023-07-09,2,2026-10-07
http://ufcstats.com/fighter-details/64959f90b6dd9759,Brock Jardine,ufcstats,gidstats,https://gidstats.com/fighters/brock_jardine.html,,https://gidstats.com/fighters/brock_jardine.html,Brock Jardine,1985-07-10,,41,name+opponents(2)+age,18,2007-10-27,2015-09-18,0,2026-10-07
http://ufcstats.com/fighter-details/64a50dad704d1d49,Edson Barboza,ufcstats,gidstats,https://gidstats.com/fighters/edson_barboza.html,,https://gidstats.com/fighters/edson_barboza.html,Edson Barboza,1986-01-21,,40,name+opponents(31)+age,39,2009-04-17,2026-08-15,1,2026-10-07
http://ufcstats.com/fighter-details/64ad3e3b0efa30bb,Ivan Erslan,ufcstats,gidstats,https://gidstats.com/fighters/ivan_erslan.html,,https://gidstats.com/fighters/ivan_erslan.html,Ivan Erslan,1991-11-15,,34,name+opponents(3)+age,21,2015-05-02,2025-09-27,0,2026-10-07
http://ufcstats.com/fighter-details/64b12fe31be7560c,Eric Nolan,ufcstats,gidstats,https://gidstats.com/fighters/eric_nolan.html,,https://gidstats.com/fighters/eric_nolan.html,Eric Nolan,1997-09-13,,29,name+opponents(2)+age,12,2021-12-17,2025-08-16,1,2026-10-07
http://ufcstats.com/fighter-details/64d47ef881a437a4,Cesar Almeida,ufcstats+dwcs,gidstats,https://gidstats.com/fighters/csar_almeida.html,,https://gidstats.com/fighters/csar_almeida.html,César Almeida,1988-03-28,,38,name+opponents(7)+age,10,2016-02-13,2026-07-11,9,2026-10-07
http://ufcstats.com/fighter-details/64facb6cc564262d,Punahele Soriano,ufcstats+dwcs,gidstats,https://gidstats.com/fighters/punahele_soriano.html,,https://gidstats.com/fighters/punahele_soriano.html,Punahele Soriano,1992-11-22,,33,name+opponents(13)+age,17,2017-01-28,2026-02-21,0,2026-10-07
http://ufcstats.com/fighter-details/6506c1d34da9c013,Georges St-Pierre,ufcstats,gidstats,https://gidstats.com/fighters/georges_st-pierre.html,,https://gidstats.com/fighters/georges_st-pierre.html,Georges St-Pierre,1981-05-19,,45,name+opponents(7)+age,28,2002-01-25,2017-11-04,0,2026-10-07
http://ufcstats.com/fighter-details/651d209fa8c8cd83,Gigi Canuto,ufcstats,sherdog,https://www.sherdog.com/fighter/Giovanna-Canuto-380339,https://www.sherdog.com/fighter/Giovanna-Canuto-380339,,Giovanna Canuto,2002-11-16,2002-11-16,,alias+dob,9,2021-03-26,2026-08-08,,2026-10-07
http://ufcstats.com/fighter-details/6546af7ab545b90c,Darren Uyenoyama,ufcstats,gidstats,https://gidstats.com/fighters/darren_uyenoyama.html,,https://gidstats.com/fighters/darren_uyenoyama.html,Darren Uyenoyama,1979-10-15,,46,name+opponents(4)+age,16,2002-06-09,2016-11-18,0,2026-10-07
http://ufcstats.com/fighter-details/654ae722109a0d31,Joe Duffy,ufcstats,gidstats,https://gidstats.com/fighters/joe_duffy.html,,https://gidstats.com/fighters/joe_duffy.html,Joe Duffy,1988-02-18,,38,name+opponents(8)+age,22,2008-03-29,2020-07-18,0,2026-10-07
http://ufcstats.com/fighter-details/6551c64fbcd1a467,Ariane da Silva,ufcstats,gidstats,https://gidstats.com/fighters/ariane_lipski.html,,https://gidstats.com/fighters/ariane_lipski.html,Ariane Lipski da Silva,1994-01-26,,32,alias+opponents(13)+age,29,2013-11-03,2026-03-28,0,2026-10-07
http://ufcstats.com/fighter-details/65578a75fa7900e3,Uriah Hall,ufcstats,gidstats,https://gidstats.com/fighters/uriah_hall.html,,https://gidstats.com/fighters/uriah_hall.html,Uriah Hall,1984-07-31,,42,name+opponents(18)+age,32,2005-10-29,2022-07-02,3,2026-10-07
http://ufcstats.com/fighter-details/658c3465581ae46b,Pat Barry,ufcstats,gidstats,https://gidstats.com/fighters/pat_barry.html,,https://gidstats.com/fighters/pat_barry.html,Pat Barry,1979-07-07,,47,name+opponents(8)+age,15,2008-05-30,2013-12-06,11,2026-10-07
http://ufcstats.com/fighter-details/65adf3856c4d9256,Jafel Filho,ufcstats+dwcs,gidstats,https://gidstats.com/fighters/jafel_filho.html,,https://gidstats.com/fighters/jafel_filho.html,Jafel Filho,1993-05-05,,33,name+opponents(7)+age,22,2012-07-07,2026-04-25,1,2026-10-07
http://ufcstats.com/fighter-details/65cdf4ec31143d86,Vinicius Salvador,ufcstats+dwcs,gidstats,https://gidstats.com/fighters/vinicius_salvador.html,,https://gidstats.com/fighters/vinicius_salvador.html,Vinicius Salvador,1996-07-24,,30,name+opponents(4)+age,21,2014-09-27,2024-05-18,0,2026-10-07
http://ufcstats.com/fighter-details/65db4065e2bc107d,Darrius Flowers,ufcstats+dwcs,gidstats,https://gidstats.com/fighters/darrius_flowers.html,,https://gidstats.com/fighters/darrius_flowers.html,Darrius Flowers,1994-08-25,,32,name+opponents(5)+age,22,2017-03-03,2026-04-04,5,2026-10-07
http://ufcstats.com/fighter-details/65ddc8a9ac4e8531,Keita Nakamura,ufcstats,gidstats,https://gidstats.com/fighters/keita_nakamura.html,,https://gidstats.com/fighters/keita_nakamura.html,Keita Nakamura,1984-05-22,,42,name+opponents(8)+age,51,2003-10-12,2024-03-23,3,2026-10-07
http://ufcstats.com/fighter-details/65f09bacd3957381,Cory Sandhagen,ufcstats,gidstats,https://gidstats.com/fighters/cory_sandhagen.html,,https://gidstats.com/fighters/cory_sandhagen.html,Cory Sandhagen,1992-04-20,,34,name+opponents(16)+age,24,2015-05-30,2025-10-04,0,2026-10-07
http://ufcstats.com/fighter-details/668222c99c5c311d,Matt Lucas,ufcstats,gidstats,https://gidstats.com/fighters/matt_lucas.html,,https://gidstats.com/fighters/matt_lucas.html,Matt Lucas,1973-12-27,,52,name+opponents(1)+age,18,2006-09-29,2012-06-16,0,2026-10-07
http://ufcstats.com/fighter-details/669970f7feba8ecd,Erin Blanchfield,ufcstats+card,gidstats,https://gidstats.com/fighters/blanchfield_erin.html,,https://gidstats.com/fighters/blanchfield_erin.html,Erin Blanchfield,1999-05-04,,27,name+opponents(10)+age,16,2018-03-24,2025-11-15,0,2026-10-07
http://ufcstats.com/fighter-details/66ab58d0b3783607,Andrew Holbrook,ufcstats,gidstats,https://gidstats.com/fighters/andrew_holbrook.html,,https://gidstats.com/fighters/andrew_holbrook.html,Andrew Holbrook,1986-02-06,,40,name+opponents(5)+age,15,2012-11-17,2017-09-02,0,2026-10-07
http://ufcstats.com/fighter-details/66e98b3bb5fc5250,Dan Moret,ufcstats,gidstats,https://gidstats.com/fighters/dan_moret.html,,https://gidstats.com/fighters/dan_moret.html,Dan Moret,1986-11-21,,39,name+opponents(3)+age,23,2012-02-18,2022-06-24,0,2026-10-07
http://ufcstats.com/fighter-details/673ea7dcc786b1b3,Bethe Correia,ufcstats,gidstats,https://gidstats.com/fighters/bethe_correia.html,,https://gidstats.com/fighters/bethe_correia.html,Bethe Correia,1983-06-22,,43,name+opponents(12)+age,18,2012-05-31,2021-10-02,0,2026-10-07
http://ufcstats.com/fighter-details/6747ccd6d1acd266,Shamil Gaziev,ufcstats+dwcs+card,gidstats,https://gidstats.com/fighters/shamil_gaziev.html,,https://gidstats.com/fighters/shamil_gaziev.html,Shamil Gaziev,1990-02-10,,36,name+opponents(9)+age,18,2020-10-24,2026-08-22,0,2026-10-07
http://ufcstats.com/fighter-details/6751eacd16bd59bc,Josh Culibao,ufcstats,gidstats,https://gidstats.com/fighters/josh_culibao.html,,https://gidstats.com/fighters/josh_culibao.html,Josh Culibao,1994-05-24,,32,name+opponents(8)+age,16,2016-02-19,2024-08-17,0,2026-10-07
http://ufcstats.com/fighter-details/679a9054e2815943,Tomasz Drwal,ufcstats,gidstats,https://gidstats.com/fighters/tomasz_drwal.html,,https://gidstats.com/fighters/tomasz_drwal.html,Tomasz Drwal,1982-01-22,,44,name+opponents(2)+age,29,2004-01-11,2020-12-19,1,2026-10-07
http://ufcstats.com/fighter-details/67a992d4cff22466,Ericka Almeida,ufcstats,gidstats,https://gidstats.com/fighters/ericka_almeida.html,,https://gidstats.com/fighters/ericka_almeida.html,Ericka Almeida,1989-03-05,,37,name+opponents(2)+age,11,2011-12-10,2017-07-16,4,2026-10-07
http://ufcstats.com/fighter-details/67c1d46f4ed16f9e,Matt Schnell,ufcstats,gidstats,https://gidstats.com/fighters/matt_schnell.html,,https://gidstats.com/fighters/matt_schnell.html,Matt Schnell,1990-01-15,,36,name+opponents(17)+age,31,2012-09-14,2026-06-06,1,2026-10-07
http://ufcstats.com/fighter-details/67f272324a030d00,Misha Cirkunov,ufcstats,gidstats,https://gidstats.com/fighters/misha_cirkunov.html,,https://gidstats.com/fighters/misha_cirkunov.html,Misha Cirkunov,1987-02-27,,39,name+opponents(13)+age,24,2010-01-30,2022-10-15,0,2026-10-07
http://ufcstats.com/fighter-details/6809c31286b08d97,Tom Watson,ufcstats,gidstats,https://gidstats.com/fighters/tom_watson.html,,https://gidstats.com/fighters/tom_watson.html,Tom Watson,1982-07-13,,44,name+opponents(7)+age,26,2006-02-19,2015-08-08,0,2026-10-07
http://ufcstats.com/fighter-details/681399317dbf4701,Uros Medic,ufcstats+dwcs+card,gidstats,https://gidstats.com/fighters/uros_medic.html,,https://gidstats.com/fighters/uros_medic.html,Uros Medic,1993-04-25,,33,name+opponents(12)+age,17,2016-06-11,2026-08-01,0,2026-10-07
http://ufcstats.com/fighter-details/683ea28a198936fe,Jay Cucciniello,ufcstats,gidstats,https://gidstats.com/fighters/jay_cucciniello.html,,https://gidstats.com/fighters/jay_cucciniello.html,Jay Cucciniello,1986-07-23,,40,name+opponents(1)+age,14,2010-09-11,2022-02-26,2,2026-10-07
http://ufcstats.com/fighter-details/684d3aee255a3d09,Gadzhi Omargadzhiev,ufcstats+dwcs,gidstats,https://gidstats.com/fighters/gadzhi_omargadzhiev.html,,https://gidstats.com/fighters/gadzhi_omargadzhiev.html,Gadzhi Omargadzhiev,1993-02-24,,33,name+opponents(3)+age,15,2013-09-21,2022-10-22,0,2026-10-07
http://ufcstats.com/fighter-details/687c15b2eddfaa63,Danilo Marques,ufcstats,gidstats,https://gidstats.com/fighters/danilo_marques.html,,https://gidstats.com/fighters/danilo_marques.html,Danilo Marques,1985-12-26,,40,name+opponents(4)+age,21,2014-03-29,2024-06-13,1,2026-10-07
http://ufcstats.com/fighter-details/68b8ebdfce9dbb61,Charalampos Grigoriou,ufcstats+dwcs,gidstats,https://gidstats.com/fighters/charalampos_grigoriou.html,,https://gidstats.com/fighters/charalampos_grigoriou.html,Charalampos Grigoriou,1992-03-31,,34,name+opponents(3)+age,13,2014-10-05,2024-08-10,1,2026-10-07
http://ufcstats.com/fighter-details/68c11c27d4d56572,Dominique Steele,ufcstats,gidstats,https://gidstats.com/fighters/dominique_steele.html,,https://gidstats.com/fighters/dominique_steele.html,Dominique Steele,1988-01-27,,38,name+opponents(5)+age,32,2011-02-25,2022-06-25,0,2026-10-07
http://ufcstats.com/fighter-details/68c7ad953455c73f,Don Madge,ufcstats,gidstats,https://gidstats.com/fighters/don_madge.html,,https://gidstats.com/fighters/don_madge.html,Don Madge,1990-11-12,,35,name+opponents(2)+age,17,2011-11-10,2024-06-28,0,2026-10-07
http://ufcstats.com/fighter-details/68d35296f566792b,Josiane Nunes,ufcstats,gidstats,https://gidstats.com/fighters/nunes_josiane.html,,https://gidstats.com/fighters/nunes_josiane.html,Josiane Nunes,1993-12-23,,32,name+opponents(6)+age,14,2013-10-12,2025-03-15,0,2026-10-07
http://ufcstats.com/fighter-details/68d4a891e5cf2029,Tracy Cortez,ufcstats+dwcs,gidstats,https://gidstats.com/fighters/tracy_cortez.html,,https://gidstats.com/fighters/tracy_cortez.html,Tracy Cortez,1993-12-10,,32,name+opponents(9)+age,15,2017-08-31,2025-11-15,0,2026-10-07
http://ufcstats.com/fighter-details/68dd7b3783c19f9c,Shane Carwin,ufcstats,gidstats,https://gidstats.com/fighters/shane_carwin.html,,https://gidstats.com/fighters/shane_carwin.html,Shane Carwin,1975-01-04,,51,name+opponents(3)+age,14,2005-10-14,2011-06-11,0,2026-10-07
http://ufcstats.com/fighter-details/68f6e96c5fa6e044,Jeremy Kennedy,ufcstats,gidstats,https://gidstats.com/fighters/kennedy_jeremy.html,,https://gidstats.com/fighters/kennedy_jeremy.html,Jeremy Kennedy,1992-09-16,,34,name+opponents(4)+age,27,2013-06-08,2025-06-12,1,2026-10-07
http://ufcstats.com/fighter-details/6902fcf0610dd303,Jakub Wiklacz,ufcstats,gidstats,https://gidstats.com/fighters/wikacz_jakub.html,,https://gidstats.com/fighters/wikacz_jakub.html,Jakub Wikłacz,1996-09-10,,30,alias+opponents(2)+age,23,2014-06-08,2026-02-07,0,2026-10-07
http://ufcstats.com/fighter-details/69037fc7730e4225,Steven Nguyen,ufcstats+dwcs,gidstats,https://gidstats.com/fighters/steven_nguyen.html,,https://gidstats.com/fighters/steven_nguyen.html,Steven Nguyen,1993-05-19,,33,name+opponents(5)+age,12,2016-04-30,2025-07-26,0,2026-10-07
http://ufcstats.com/fighter-details/6905d45bd71b50a9,Leo Kuntz,ufcstats,gidstats,https://gidstats.com/fighters/leo_kuntz.html,,https://gidstats.com/fighters/leo_kuntz.html,Leo Kuntz,1983-10-03,,43,name+opponents(2)+age,25,2008-10-18,2022-05-21,0,2026-10-07
http://ufcstats.com/fighter-details/696002b59f09d73b,Joseph Sandoval,ufcstats,gidstats,https://gidstats.com/fighters/joseph_sandoval.html,,https://gidstats.com/fighters/joseph_sandoval.html,Joseph Sandoval,1986-05-11,,40,name+opponents(2)+age,15,2010-04-24,2016-06-25,1,2026-10-07
http://ufcstats.com/fighter-details/6967153c7edb4d87,Ozzy Diaz,ufcstats+dwcs,gidstats,https://gidstats.com/fighters/ozzy_diaz.html,,https://gidstats.com/fighters/ozzy_diaz.html,Ozzy Diaz,1990-11-22,,35,name+opponents(4)+age,13,2015-06-14,2025-03-08,0,2026-10-07
http://ufcstats.com/fighter-details/69888118d968ba52,Joshua Weems,ufcstats+dwcs,gidstats,https://gidstats.com/fighters/joshua_weems.html,,https://gidstats.com/fighters/joshua_weems.html,Joshua Weems,1994-05-05,,32,name+opponents(2)+age,20,2017-10-14,2026-04-25,11,2026-10-07
http://ufcstats.com/fighter-details/69898645d600abdb,Rodolfo Bellato,ufcstats+dwcs,gidstats,https://gidstats.com/fighters/rodolfo_bellato.html,,https://gidstats.com/fighters/rodolfo_bellato.html,Rodolfo Bellato,1996-02-05,,30,name+opponents(7)+age,18,2017-07-16,2026-03-07,0,2026-10-07
http://ufcstats.com/fighter-details/69a400af4420cd6a,Andreas Stahl,ufcstats,gidstats,https://gidstats.com/fighters/andreas_stahl.html,,https://gidstats.com/fighters/andreas_stahl.html,Andreas Stahl,1988-05-20,,38,name+opponents(2)+age,23,2009-12-12,2025-03-08,0,2026-10-07
http://ufcstats.com/fighter-details/69e8c632135af48b,Anying Wang,ufcstats,gidstats,https://gidstats.com/fighters/wang_anying.html,,https://gidstats.com/fighters/wang_anying.html,Wang Anying,1991-04-04,,35,name+opponents(2)+age,8,2013-05-18,2020-08-12,2,2026-10-07
http://ufcstats.com/fighter-details/69f01b25dfabaf6b,Mads Burnell,ufcstats,gidstats,https://gidstats.com/fighters/burnell_mads.html,,https://gidstats.com/fighters/burnell_mads.html,Mads Burnell,1994-03-06,,32,name+opponents(3)+age,28,2013-09-26,2025-08-15,0,2026-10-07
http://ufcstats.com/fighter-details/6a11e325aa60ad02,Jeff Hughes,ufcstats+dwcs,gidstats,https://gidstats.com/fighters/jeff_hughes.html,,https://gidstats.com/fighters/jeff_hughes.html,Jeff Hughes,1988-05-17,,38,name+opponents(5)+age,15,2014-10-04,2020-09-26,0,2026-10-07
http://ufcstats.com/fighter-details/6a1901c62ab3870f,Jessica Andrade,ufcstats,gidstats,https://gidstats.com/fighters/jessica_andrade.html,,https://gidstats.com/fighters/jessica_andrade.html,Jessica Andrade,1991-09-25,,35,name+opponents(26)+age,41,2011-09-06,2025-08-16,2,2026-10-07
http://ufcstats.com/fighter-details/6a2f7c151031653d,Rafael Dos Anjos,ufcstats,gidstats,https://gidstats.com/fighters/rafael_dos_anjos.html,,https://gidstats.com/fighters/rafael_dos_anjos.html,Rafael Dos Anjos,1984-10-26,,41,name+opponents(33)+age,49,2004-09-25,2024-10-26,1,2026-10-07
http://ufcstats.com/fighter-details/6a311920edd73c85,Max Gimenis,ufcstats,gidstats,https://gidstats.com/fighters/max_gimenis.html,,https://gidstats.com/fighters/max_gimenis.html,Max Gimenis,1993-04-14,,33,name+opponents(1)+age,8,2022-03-26,2025-11-08,63,2026-10-07
http://ufcstats.com/fighter-details/6a740daf1b279661,Maycee Barber,ufcstats+dwcs,gidstats,https://gidstats.com/fighters/maycee_barber.html,,https://gidstats.com/fighters/maycee_barber.html,Maycee Barber,1998-05-18,,28,name+opponents(12)+age,18,2017-06-23,2026-03-28,0,2026-10-07
http://ufcstats.com/fighter-details/6a8928652fc01bee,Brandon Jenkins,ufcstats,gidstats,https://gidstats.com/fighters/brandon_jenkins.html,,https://gidstats.com/fighters/brandon_jenkins.html,Brandon Jenkins,1991-09-30,,35,name+opponents(2)+age,26,2013-07-13,2023-04-14,1,2026-10-07
http://ufcstats.com/fighter-details/6a96ad1bc34fb113,Ismail Naurdiev,ufcstats,gidstats,https://gidstats.com/fighters/ismail_naurdiev.html,,https://gidstats.com/fighters/ismail_naurdiev.html,Ismail Naurdiev,1996-08-18,,30,name+opponents(8)+age,33,2012-11-17,2025-11-22,0,2026-10-07
http://ufcstats.com/fighter-details/6aae253467e8f9ce,Tafon Nchukwi,ufcstats+dwcs,gidstats,https://gidstats.com/fighters/tafon_nchukwi.html,,https://gidstats.com/fighters/tafon_nchukwi.html,Tafon Nchukwi,1994-10-14,,31,name+opponents(7)+age,11,2019-03-02,2024-08-16,0,2026-10-07
http://ufcstats.com/fighter-details/6ac9bc2953c47345,Gerald Meerschaert,ufcstats+card,gidstats,https://gidstats.com/fighters/gerald_meerschaert.html,,https://gidstats.com/fighters/gerald_meerschaert.html,Gerald Meerschaert,1987-12-18,,38,name+opponents(27)+age,60,2007-01-13,2026-05-02,3,2026-10-07
http://ufcstats.com/fighter-details/6ad8e4296f7522d9,Igor Severino,ufcstats+dwcs,gidstats,https://gidstats.com/fighters/da_silva_igor.html,,https://gidstats.com/fighters/da_silva_igor.html,Igor Severino,2003-04-21,,23,name+opponents(2)+age,12,2018-12-15,2026-06-06,0,2026-10-07
http://ufcstats.com/fighter-details/6add18754930182b,Julius Walker,ufcstats+card,gidstats,https://gidstats.com/fighters/julius_walker.html,,https://gidstats.com/fighters/julius_walker.html,Julius Walker,1999-07-16,,27,name+opponents(4)+age,9,2023-04-22,2026-02-07,0,2026-10-07
http://ufcstats.com/fighter-details/6b0a6def604de298,Tommy McMillen,ufcstats+dwcs,gidstats,https://gidstats.com/fighters/tommy_mcmillen.html,,https://gidstats.com/fighters/tommy_mcmillen.html,Tommy McMillen,1997-12-15,,28,name+opponents(3)+age,10,2019-11-09,2026-04-04,0,2026-10-07
http://ufcstats.com/fighter-details/6b453bc35a823c3f,Jack Della Maddalena,ufcstats+dwcs,gidstats,https://gidstats.com/fighters/jack_della.html,,https://gidstats.com/fighters/jack_della.html,Jack Della Maddalena,1996-09-10,,30,name+opponents(11)+age,21,2016-03-12,2025-11-15,0,2026-10-07
http://ufcstats.com/fighter-details/6b56e94a59b7b134,Oban Elliott,ufcstats+dwcs,gidstats,https://gidstats.com/fighters/oban_elliott.html,,https://gidstats.com/fighters/oban_elliott.html,Oban Elliott,1997-12-19,,28,name+opponents(7)+age,16,2019-03-02,2026-01-31,0,2026-10-07
http://ufcstats.com/fighter-details/6b5b9be990774f0e,Maciej Jewtuszko,ufcstats,gidstats,https://gidstats.com/fighters/maciej_jewtuszko.html,,https://gidstats.com/fighters/maciej_jewtuszko.html,Maciej Jewtuszko,1981-01-31,,45,name+opponents(1)+age,18,2005-12-04,2024-03-16,1,2026-10-07
http://ufcstats.com/fighter-details/6b7c7460855dbbb9,Albert Duraev,ufcstats+dwcs,gidstats,https://gidstats.com/fighters/albert_duraev.html,,https://gidstats.com/fighters/albert_duraev.html,Albert Duraev,1989-01-05,,37,name+opponents(5)+age,21,2011-09-28,2023-07-15,0,2026-10-07
http://ufcstats.com/fighter-details/6bd02119599741a4,Pedro Munhoz,ufcstats,gidstats,https://gidstats.com/fighters/pedro_munhoz.html,,https://gidstats.com/fighters/pedro_munhoz.html,Pedro Munhoz,1986-09-07,,40,name+opponents(21)+age,32,2009-03-21,2024-11-02,0,2026-10-07
http://ufcstats.com/fighter-details/6bf5a7d3e081ade2,Anthony Njokuani,ufcstats,gidstats,https://gidstats.com/fighters/anthony_njokuani.html,,https://gidstats.com/fighters/anthony_njokuani.html,Anthony Njokuani,1980-03-01,,46,name+opponents(8)+age,30,2003-05-03,2022-01-28,7,2026-10-07
http://ufcstats.com/fighter-details/6c011be66326ad97,Bruno Korea,ufcstats+dwcs,gidstats,https://gidstats.com/fighters/bruno_korea_1.html,,https://gidstats.com/fighters/bruno_korea_1.html,Bruno Korea,1991-06-28,,35,name+opponents(2)+age,20,2013-11-01,2021-09-07,0,2026-10-07
http://ufcstats.com/fighter-details/6c2030e0a143a94b,Chris Camozzi,ufcstats,gidstats,https://gidstats.com/fighters/chris_camozzi.html,,https://gidstats.com/fighters/chris_camozzi.html,Chris Camozzi,1986-11-20,,39,name+opponents(18)+age,43,2006-07-15,2021-08-27,8,2026-10-07
http://ufcstats.com/fighter-details/6c39d016053601ee,Bruce Whitehead,ufcstats,gidstats,https://gidstats.com/fighters/bruce_whitehead.html,,https://gidstats.com/fighters/bruce_whitehead.html,Bruce Whitehead,1996-12-14,,29,name+opponents(1)+age,10,2023-01-15,2026-09-20,1,2026-10-07
http://ufcstats.com/fighter-details/6c3b2525436cf5d4,Tom Nolan,ufcstats+dwcs+card,gidstats,https://gidstats.com/fighters/tom_nolan.html,,https://gidstats.com/fighters/tom_nolan.html,Tom Nolan,2000-03-08,,26,name+opponents(7)+age,12,2020-12-12,2026-06-06,0,2026-10-07
http://ufcstats.com/fighter-details/6c7020b859c7a3ce,Edimilson Souza,ufcstats,gidstats,https://gidstats.com/fighters/kevin_souza.html,,https://gidstats.com/fighters/kevin_souza.html,Kevin Souza,1984-10-17,,41,alias+opponents(4)+age,25,2009-10-24,2022-09-09,1,2026-10-07
http://ufcstats.com/fighter-details/6c7e25571490aa3b,George Sullivan,ufcstats,gidstats,https://gidstats.com/fighters/george_sullivan.html,,https://gidstats.com/fighters/george_sullivan.html,George Sullivan,1981-03-13,,45,name+opponents(7)+age,29,2006-02-11,2023-03-03,0,2026-10-07
http://ufcstats.com/fighter-details/6c8072b61c276e67,Jessica-Rose Clark,ufcstats,gidstats,https://gidstats.com/fighters/jessica-rose_clark.html,,https://gidstats.com/fighters/jessica-rose_clark.html,Jessica-Rose Clark,1987-11-28,,38,name+opponents(9)+age,21,2012-12-21,2023-05-13,0,2026-10-07
http://ufcstats.com/fighter-details/6c9b66b43663f2f7,Viktoriia Dudakova,ufcstats,gidstats,https://gidstats.com/fighters/viktoriya_dudakova.html,,https://gidstats.com/fighters/viktoriya_dudakova.html,Viktoriia Dudakova,1999-01-26,,,name+opponents(4),11,2020-09-25,2026-01-11,0,2026-10-07
http://ufcstats.com/fighter-details/6cadfd8f1d9e7685,Che Mills,ufcstats,gidstats,https://gidstats.com/fighters/che_mills.html,,https://gidstats.com/fighters/che_mills.html,Che Mills,1982-09-29,,44,name+opponents(4)+age,30,2003-11-09,2017-05-06,0,2026-10-07
http://ufcstats.com/fighter-details/6d1bffff14897645,Santiago Ponzinibbio,ufcstats,gidstats,https://gidstats.com/fighters/santiago_ponzinibbio.html,,https://gidstats.com/fighters/santiago_ponzinibbio.html,Santiago Ponzinibbio,1986-09-26,,40,name+opponents(21)+age,43,2008-07-19,2025-05-03,0,2026-10-07
http://ufcstats.com/fighter-details/6d35bf94f7d30241,Amir Albazi,ufcstats+card,gidstats,https://gidstats.com/fighters/amir_albazi.html,,https://gidstats.com/fighters/amir_albazi.html,Amir Albazi,1993-10-27,,32,name+opponents(7)+age,20,2009-08-22,2026-02-07,2,2026-10-07
http://ufcstats.com/fighter-details/6d38e41efa47a72d,Jordan Vucenic,ufcstats,gidstats,https://gidstats.com/fighters/jordan_vucenic.html,,https://gidstats.com/fighters/jordan_vucenic.html,Jordan Vucenic,1996-03-02,,30,name+opponents(2)+age,20,2017-05-12,2026-06-27,0,2026-10-07
http://ufcstats.com/fighter-details/6d48a2df51749d91,Antonio Trocoli,ufcstats+dwcs,gidstats,https://gidstats.com/fighters/antonio_trocoli.html,,https://gidstats.com/fighters/antonio_trocoli.html,Antonio Trocoli,1990-12-06,,29,"name+opponents(5) AGE_CONFLICT(gid 29, dob 1990-12-06)",19,2013-01-19,2025-12-06,0,2026-10-07
http://ufcstats.com/fighter-details/6d4b63c767106d3a,Vicente Luque,ufcstats,gidstats,https://gidstats.com/fighters/vicente_luque.html,,https://gidstats.com/fighters/vicente_luque.html,Vicente Luque,1991-11-27,,34,name+opponents(24)+age,40,2009-06-27,2026-08-15,0,2026-10-07
http://ufcstats.com/fighter-details/6d68c1afe954f121,Ode Osbourne,ufcstats+dwcs,gidstats,https://gidstats.com/fighters/ode_osbourne.html,,https://gidstats.com/fighters/ode_osbourne.html,Ode Osbourne,1992-01-09,,34,name+opponents(13)+age,24,2015-04-11,2026-02-21,0,2026-10-07
http://ufcstats.com/fighter-details/6da99156486ed6c2,Joshua Burkman,ufcstats,gidstats,https://gidstats.com/fighters/joshua_burkman.html,,https://gidstats.com/fighters/joshua_burkman.html,Joshua Burkman,1980-04-10,,46,name+opponents(9)+age,48,2003-02-07,2019-05-10,1,2026-10-07
http://ufcstats.com/fighter-details/6dd758d34da8d254,Ron Stallings,ufcstats,gidstats,https://gidstats.com/fighters/ron_stallings.html,,https://gidstats.com/fighters/ron_stallings.html,Ron Stallings,1983-01-25,,43,name+opponents(3)+age,24,2003-07-19,2018-08-17,0,2026-10-07
http://ufcstats.com/fighter-details/6ded9184b2284645,Willie Gates,ufcstats,gidstats,https://gidstats.com/fighters/willie_gates.html,,https://gidstats.com/fighters/willie_gates.html,Willie Gates,1987-01-21,,39,name+opponents(3)+age,25,2008-10-25,2023-03-18,0,2026-10-07
http://ufcstats.com/fighter-details/6e00cfffd54653c4,Tyson Nam,ufcstats,gidstats,https://gidstats.com/fighters/tyson_nam.html,,https://gidstats.com/fighters/tyson_nam.html,Tyson Nam,1983-10-06,,43,name+opponents(8)+age,40,2006-02-25,2026-06-13,3,2026-10-07
http://ufcstats.com/fighter-details/6e0273f9478be71e,Kenny Robertson,ufcstats,gidstats,https://gidstats.com/fighters/kenny_robertson.html,,https://gidstats.com/fighters/kenny_robertson.html,Kenny Robertson,1984-02-14,,42,name+opponents(9)+age,22,2008-03-22,2021-07-30,0,2026-10-07
http://ufcstats.com/fighter-details/6e0e977beb909837,Sung Bin Jo,ufcstats,gidstats,https://gidstats.com/fighters/sung_bin_jo.html,,https://gidstats.com/fighters/sung_bin_jo.html,Sung Bin Jo,1992-07-17,,34,name+opponents(1)+age,13,2014-12-31,2023-06-08,0,2026-10-07
http://ufcstats.com/fighter-details/6e15f63b6c2e2c15,Brandon Royval,ufcstats,gidstats,https://gidstats.com/fighters/brandon_royval.html,,https://gidstats.com/fighters/brandon_royval.html,Brandon Royval,1992-08-16,,34,name+opponents(11)+age,26,2012-08-17,2025-12-13,0,2026-10-07
http://ufcstats.com/fighter-details/6e344b71421103da,Magomed Gadzhiyasulov,ufcstats+dwcs,gidstats,https://gidstats.com/fighters/magomed_gadzhiyasulov.html,,https://gidstats.com/fighters/magomed_gadzhiyasulov.html,Magomed Gadzhiyasulov,1993-11-04,,32,name+opponents(3)+age,11,2017-08-13,2025-01-11,0,2026-10-07
http://ufcstats.com/fighter-details/6e743a33d56bdaa4,Payton Talbott,ufcstats+dwcs,gidstats,https://gidstats.com/fighters/payton_talbott.html,,https://gidstats.com/fighters/payton_talbott.html,Payton Talbott,1998-09-09,,28,name+opponents(7)+age,12,2021-11-27,2025-12-06,0,2026-10-07
http://ufcstats.com/fighter-details/6e7506127408aa9e,Nadia Kassem,ufcstats,gidstats,https://gidstats.com/fighters/nadia_kassem.html,,https://gidstats.com/fighters/nadia_kassem.html,Nadia Kassem,1995-11-15,,30,name+opponents(3)+age,7,2015-08-28,2019-10-05,0,2026-10-07
http://ufcstats.com/fighter-details/6e7c758f5cdec01a,Paddy Holohan,ufcstats,gidstats,https://gidstats.com/fighters/paddy_holohan.html,,https://gidstats.com/fighters/paddy_holohan.html,Paddy Holohan,1988-05-03,,38,name+opponents(5)+age,16,2007-07-28,2015-10-24,1,2026-10-07
http://ufcstats.com/fighter-details/6e8349a0a0476d60,Imanol Rodriguez,ufcstats+dwcs,gidstats,https://gidstats.com/fighters/imanol_rodriguez.html,,https://gidstats.com/fighters/imanol_rodriguez.html,Imanol Rodriguez,1999-11-15,,26,name+opponents(1)+age,8,2022-11-04,2026-02-28,0,2026-10-07
http://ufcstats.com/fighter-details/6e8f1bcdda94ff45,Ibo Aslan,ufcstats+dwcs,gidstats,https://gidstats.com/fighters/ibo_aslan.html,,https://gidstats.com/fighters/ibo_aslan.html,Ibo Aslan,1996-04-23,,30,name+opponents(6)+age,18,2016-10-15,2025-12-06,0,2026-10-07
http://ufcstats.com/fighter-details/6e92eb1242b46636,Steve Montgomery,ufcstats,gidstats,https://gidstats.com/fighters/steve_montgomery.html,,https://gidstats.com/fighters/steve_montgomery.html,Steve Montgomery,1990-12-19,,35,name+opponents(2)+age,16,2010-02-05,2019-05-30,0,2026-10-07
http://ufcstats.com/fighter-details/6e9f40c706f91f32,Nate Maness,ufcstats,gidstats,https://gidstats.com/fighters/joseph_maness.html,,https://gidstats.com/fighters/joseph_maness.html,Nate Maness,1991-06-27,,35,name+opponents(7)+age,19,2013-07-27,2024-06-15,0,2026-10-07
http://ufcstats.com/fighter-details/6eaec40f724852f4,Jessin Ayari,ufcstats,gidstats,https://gidstats.com/fighters/jessin_ayari.html,,https://gidstats.com/fighters/jessin_ayari.html,Jessin Ayari,1992-05-31,,34,name+opponents(4)+age,25,2009-10-17,2025-06-28,0,2026-10-07
http://ufcstats.com/fighter-details/6ebe96a116e79e52,John Allan,ufcstats,gidstats,https://gidstats.com/fighters/john_allan.html,,https://gidstats.com/fighters/john_allan.html,John Allan,1993-02-22,,33,name+opponents(3)+age,29,2012-09-15,2025-04-26,1,2026-10-07
http://ufcstats.com/fighter-details/6eedb757f13b9978,Marwan Rahiki,ufcstats+dwcs,gidstats,https://gidstats.com/fighters/marwan_rahiki.html,,https://gidstats.com/fighters/marwan_rahiki.html,Marwan Rahiki,2002-05-10,,24,name+opponents(2)+age,8,2024-02-10,2026-03-14,0,2026-10-07
http://ufcstats.com/fighter-details/6ef65b6a152e49d5,Philip De Fries,ufcstats,gidstats,https://gidstats.com/fighters/phil_de_fries.html,,https://gidstats.com/fighters/phil_de_fries.html,Phil De Fries,1986-04-21,,40,alias+opponents(5)+age,36,2009-04-25,2026-04-18,1,2026-10-07
http://ufcstats.com/fighter-details/6f018c039b4d5d80,Jon Fitch,ufcstats,gidstats,https://gidstats.com/fighters/jon_fitch.html,,https://gidstats.com/fighters/jon_fitch.html,Jon Fitch,1978-02-24,,48,name+opponents(6)+age,43,2002-07-13,2020-09-12,0,2026-10-07
http://ufcstats.com/fighter-details/6f242453c91a5af0,Dennis Bermudez,ufcstats,gidstats,https://gidstats.com/fighters/dennis_bermudez.html,,https://gidstats.com/fighters/dennis_bermudez.html,Dennis Bermudez,1986-12-13,,39,name+opponents(17)+age,29,2009-11-06,2019-01-19,1,2026-10-07
http://ufcstats.com/fighter-details/6f4ec5aa3eced219,Zhu Kangjie,ufcstats,gidstats,https://gidstats.com/fighters/kangjie_zhu.html,,https://gidstats.com/fighters/kangjie_zhu.html,Kangjie Zhu,1996-01-16,,30,name+opponents(1)+age,27,2016-12-03,2026-05-30,1,2026-10-07
http://ufcstats.com/fighter-details/6f7c616b98e18c29,Claudio Silva,ufcstats,gidstats,https://gidstats.com/fighters/claudio_silva.html,,https://gidstats.com/fighters/claudio_silva.html,Claudio Silva,1982-09-06,,44,name+opponents(8)+age,18,2007-11-10,2022-07-23,1,2026-10-07
http://ufcstats.com/fighter-details/6f81b6de2557739a,Jacob Volkmann,ufcstats,gidstats,https://gidstats.com/fighters/jacob_volkmann.html,,https://gidstats.com/fighters/jacob_volkmann.html,Jacob Volkmann,1980-09-05,,46,name+opponents(8)+age,26,2007-09-29,2016-09-09,0,2026-10-07
http://ufcstats.com/fighter-details/6fb1ba67bef41b37,Nik Lentz,ufcstats,gidstats,https://gidstats.com/fighters/nik_lentz.html,,https://gidstats.com/fighters/nik_lentz.html,Nik Lentz,1984-08-13,,42,name+opponents(22)+age,45,2005-07-30,2021-01-23,0,2026-10-07
http://ufcstats.com/fighter-details/6fc506e1099afe20,Luan Lacerda,ufcstats,gidstats,https://gidstats.com/fighters/luan_luiz_lacerda.html,,https://gidstats.com/fighters/luan_luiz_lacerda.html,Luan Lacerda,1993-01-07,,,name+opponents(4),17,2012-03-09,2026-03-14,0,2026-10-07
http://ufcstats.com/fighter-details/6fd953151d981979,JJ Aldrich,ufcstats,gidstats,https://gidstats.com/fighters/jj_aldrich.html,,https://gidstats.com/fighters/jj_aldrich.html,JJ Aldrich,1992-09-29,,34,name+opponents(17)+age,24,2014-09-06,2026-04-18,0,2026-10-07
http://ufcstats.com/fighter-details/700a674c042b7a96,Cody Gibson,ufcstats,gidstats,https://gidstats.com/fighters/cody_gibson.html,,https://gidstats.com/fighters/cody_gibson.html,Cody Gibson,1987-09-11,,39,name+opponents(11)+age,35,2008-07-27,2025-10-18,0,2026-10-07
http://ufcstats.com/fighter-details/701e057d63c124d9,Ian McCall,ufcstats,gidstats,https://gidstats.com/fighters/ian_mccall.html,,https://gidstats.com/fighters/ian_mccall.html,Ian McCall,1984-05-07,,42,name+opponents(5)+age,21,2002-08-03,2018-05-06,0,2026-10-07
http://ufcstats.com/fighter-details/7026eca45f65377b,Jared Gordon,ufcstats,gidstats,https://gidstats.com/fighters/jared_gordon.html,,https://gidstats.com/fighters/jared_gordon.html,Jared Gordon,1988-09-06,,38,name+opponents(17)+age,31,2011-02-04,2026-05-09,0,2026-10-07
http://ufcstats.com/fighter-details/70380ccdc81915b8,Yadier del Valle,ufcstats+dwcs,gidstats,https://gidstats.com/fighters/yadier_delvalle.html,,https://gidstats.com/fighters/yadier_delvalle.html,Yadier DelValle,1996-07-29,,30,name+opponents(4)+age,11,2019-06-15,2026-02-21,0,2026-10-07
http://ufcstats.com/fighter-details/706f8e2b34e8e18b,Anton Kuivanen,ufcstats,gidstats,https://gidstats.com/fighters/anton_kuivanen.html,,https://gidstats.com/fighters/anton_kuivanen.html,Anton Kuivanen,1984-05-01,,42,name+opponents(3)+age,39,2006-01-14,2021-09-11,0,2026-10-07
http://ufcstats.com/fighter-details/709fadb644ee3f51,Diyar Nurgozhay,ufcstats+dwcs,gidstats,https://gidstats.com/fighters/nurgozhaj_diyar.html,,https://gidstats.com/fighters/nurgozhaj_diyar.html,Diyar Nurgozhay,1997-04-22,,29,name+opponents(5)+age,13,2017-12-15,2026-03-07,0,2026-10-07
http://ufcstats.com/fighter-details/70d2329a92864fdb,Sabina Mazo,ufcstats,gidstats,https://gidstats.com/fighters/sabina_mazo.html,,https://gidstats.com/fighters/sabina_mazo.html,Sabina Mazo,1997-03-25,,29,name+opponents(7)+age,14,2015-03-26,2023-08-04,0,2026-10-07
http://ufcstats.com/fighter-details/70dd69b6a703257e,Daniil Donchenko,ufcstats,gidstats,https://gidstats.com/fighters/daniel_donchenko.html,,https://gidstats.com/fighters/daniel_donchenko.html,Daniel Donchenko,2001-08-04,,25,alias+opponents(4)+age,18,2019-12-07,2026-06-27,0,2026-10-07
http://ufcstats.com/fighter-details/70e1f8a821b72c8b,Jimmy Crute,ufcstats+dwcs,gidstats,https://gidstats.com/fighters/jim_crute.html,,https://gidstats.com/fighters/jim_crute.html,Jim Crute,1996-03-04,,30,alias+opponents(12)+age,20,2016-02-20,2025-09-27,0,2026-10-07
http://ufcstats.com/fighter-details/70fa1c64a2c439ef,Alen Amedovski,ufcstats,gidstats,https://gidstats.com/fighters/alen_amedovski.html,,https://gidstats.com/fighters/alen_amedovski.html,Alen Amedovski,1988-04-06,,38,name+opponents(4)+age,12,2012-11-25,2022-09-17,0,2026-10-07
http://ufcstats.com/fighter-details/70fc8214822b5a85,Shane Collins,ufcstats,gidstats,https://gidstats.com/fighters/shane_collins.html,,https://gidstats.com/fighters/shane_collins.html,Shane Collins,2000-03-08,,26,name+age,8,2024-05-25,2026-06-20,0,2026-10-07
http://ufcstats.com/fighter-details/71002dbc1743b9a7,Felipe Arantes,ufcstats,gidstats,https://gidstats.com/fighters/felipe_arantes.html,,https://gidstats.com/fighters/felipe_arantes.html,Felipe Arantes,1988-02-09,,38,name+opponents(10)+age,31,2008-04-13,2018-06-23,1,2026-10-07
http://ufcstats.com/fighter-details/710f0f8c5d5c9d41,Lucas Almeida,ufcstats+dwcs,gidstats,https://gidstats.com/fighters/lucas_almeida.html,,https://gidstats.com/fighters/lucas_almeida.html,Lucas Almeida,1991-01-31,,35,name+opponents(7)+age,20,2014-05-31,2025-10-11,0,2026-10-07
http://ufcstats.com/fighter-details/71171fc96445bf65,Vitor Petrino,ufcstats+dwcs,gidstats,https://gidstats.com/fighters/vitor_petrino.html,,https://gidstats.com/fighters/vitor_petrino.html,Vitor Petrino,1997-08-28,,29,name+opponents(11)+age,16,2019-05-03,2026-03-14,0,2026-10-07
http://ufcstats.com/fighter-details/7138a15258dabf20,Bruna Brasil,ufcstats+dwcs,gidstats,https://gidstats.com/fighters/bruna_brasil.html,,https://gidstats.com/fighters/bruna_brasil.html,Bruna Brasil,1993-09-07,,33,name+opponents(7)+age,19,2014-11-08,2026-03-28,1,2026-10-07
http://ufcstats.com/fighter-details/714e1e0681ddb703,Derrick Krantz,ufcstats,gidstats,https://gidstats.com/fighters/derrick_krantz.html,,https://gidstats.com/fighters/derrick_krantz.html,Derrick Krantz,1988-01-13,,38,name+opponents(2)+age,38,2008-07-18,2021-10-29,0,2026-10-07
http://ufcstats.com/fighter-details/71505842fb6455c3,Dustin Stoltzfus,ufcstats+dwcs,gidstats,https://gidstats.com/fighters/dustin_stoltzfus.html,,https://gidstats.com/fighters/dustin_stoltzfus.html,Dustin Stoltzfus,1991-11-15,,34,name+opponents(12)+age,25,2014-11-08,2026-08-15,1,2026-10-07
http://ufcstats.com/fighter-details/71758ab9f337716c,Melissa Amaya,ufcstats,gidstats,https://gidstats.com/fighters/melissa_amaya.html,,https://gidstats.com/fighters/melissa_amaya.html,Melissa Amaya,1994-11-27,,31,name+age,8,2021-10-22,2025-06-19,0,2026-10-07
http://ufcstats.com/fighter-details/7195e2a932686f82,Nick Roehrick,ufcstats,gidstats,https://gidstats.com/fighters/nick_roehrick.html,,https://gidstats.com/fighters/nick_roehrick.html,Nick Roehrick,1987-07-06,,39,name+opponents(1)+age,11,2013-03-23,2021-04-29,0,2026-10-07
http://ufcstats.com/fighter-details/71df36d6d8cf0d74,Kiichi Kunimoto,ufcstats,gidstats,https://gidstats.com/fighters/kiichi_kunimoto.html,,https://gidstats.com/fighters/kiichi_kunimoto.html,Kiichi Kunimoto,1981-05-01,,45,name+opponents(5)+age,34,2006-03-19,2023-04-01,0,2026-10-07
http://ufcstats.com/fighter-details/71f048adbfed5b49,Sabah Homasi,ufcstats,gidstats,https://gidstats.com/fighters/sabah_homasi.html,,https://gidstats.com/fighters/sabah_homasi.html,Sabah Homasi,1988-10-19,,37,name+opponents(2)+age,30,2009-05-14,2023-09-23,0,2026-10-07
http://ufcstats.com/fighter-details/723b64c0e9a8f348,Josias Musasa,ufcstats+dwcs,gidstats,https://gidstats.com/fighters/josias_musasa.html,,https://gidstats.com/fighters/josias_musasa.html,Josias Musasa,1998-10-10,,27,name+opponents(2)+age,10,2022-11-06,2025-09-27,0,2026-10-07
http://ufcstats.com/fighter-details/725b1abc9a39d873,AJ Fletcher,ufcstats+dwcs,gidstats,https://gidstats.com/fighters/aj_fletcher.html,,https://gidstats.com/fighters/aj_fletcher.html,AJ Fletcher,1997-02-18,,29,name+opponents(5)+age,15,2019-05-11,2024-10-25,0,2026-10-07
http://ufcstats.com/fighter-details/7279654c7674cd24,Klidson Abreu,ufcstats,gidstats,https://gidstats.com/fighters/klidson_abreu.html,,https://gidstats.com/fighters/klidson_abreu.html,Klidson Abreu,1992-12-24,,33,name+opponents(4)+age,27,2011-11-13,2026-03-27,1,2026-10-07
http://ufcstats.com/fighter-details/729d4bd5a6cd0a97,Lauren Murphy,ufcstats,gidstats,https://gidstats.com/fighters/lauren_murphy.html,,https://gidstats.com/fighters/lauren_murphy.html,Lauren Murphy,1983-07-27,,43,name+opponents(14)+age,24,2010-06-09,2025-07-12,0,2026-10-07
http://ufcstats.com/fighter-details/72c4b253d2f5ebf2,Roman Salazar,ufcstats,gidstats,https://gidstats.com/fighters/roman_salazar.html,,https://gidstats.com/fighters/roman_salazar.html,Roman Salazar,1988-02-21,,38,name+opponents(3)+age,25,2009-09-11,2021-06-20,0,2026-10-07
http://ufcstats.com/fighter-details/72db2a14ffa73ece,Mateusz Gamrot,ufcstats,gidstats,https://gidstats.com/fighters/mateusz_gamrot.html,,https://gidstats.com/fighters/mateusz_gamrot.html,Mateusz Gamrot,1990-12-11,,35,name+opponents(12)+age,30,2012-02-04,2025-10-11,2,2026-10-07
http://ufcstats.com/fighter-details/72e5e5a6edfa8223,Marcos Mariano,ufcstats,gidstats,https://gidstats.com/fighters/mariano_marcos.html,,https://gidstats.com/fighters/mariano_marcos.html,Marcos Mariano,1986-10-12,,39,name+opponents(2)+age,14,2013-05-11,2021-10-08,0,2026-10-07
http://ufcstats.com/fighter-details/72ea1984c52019b5,Saimon Oliveira,ufcstats+dwcs,gidstats,https://gidstats.com/fighters/saimon_oliveira.html,,https://gidstats.com/fighters/saimon_oliveira.html,Saimon Oliveira,1991-04-21,,35,name+opponents(5)+age,25,2013-07-20,2025-10-11,0,2026-10-07
http://ufcstats.com/fighter-details/72f890c5d421e705,Matheus Camilo,ufcstats+card,gidstats,https://gidstats.com/fighters/matheus_camilo.html,,https://gidstats.com/fighters/matheus_camilo.html,Matheus Camilo,2001-01-02,,25,name+opponents(2)+age,13,2019-02-07,2025-11-15,0,2026-10-07
http://ufcstats.com/fighter-details/72ffecf712673af1,Adam Milstead,ufcstats,gidstats,https://gidstats.com/fighters/adam_milstead.html,,https://gidstats.com/fighters/adam_milstead.html,Adam Milstead,1987-07-03,,39,name+opponents(4)+age,12,2011-05-21,2018-12-15,0,2026-10-07
http://ufcstats.com/fighter-details/7339d340aa2889cb,Kyle Noke,ufcstats,gidstats,https://gidstats.com/fighters/kyle_noke.html,,https://gidstats.com/fighters/kyle_noke.html,Kyle Noke,1980-03-18,,46,name+opponents(12)+age,36,2002-11-30,2016-11-26,0,2026-10-07
http://ufcstats.com/fighter-details/739fd4fbb5d862f4,Rizvan Kuniev,ufcstats+dwcs+card,gidstats,https://gidstats.com/fighters/rizvan_kuniev.html,,https://gidstats.com/fighters/rizvan_kuniev.html,Rizvan Kuniev,1992-03-10,,34,name+opponents(6)+age,20,2011-10-08,2026-07-25,0,2026-10-07
http://ufcstats.com/fighter-details/73a78713bd899f4c,Allen Frye Jr.,ufcstats+card,gidstats,https://gidstats.com/fighters/allen_frye.html,,https://gidstats.com/fighters/allen_frye.html,Allen Frye,1998-04-15,,28,name+opponents(1)+age,7,2022-09-17,2025-12-13,0,2026-10-07
http://ufcstats.com/fighter-details/73c7cfa551289285,BJ Penn,ufcstats,gidstats,https://gidstats.com/fighters/bj_penn.html,,https://gidstats.com/fighters/bj_penn.html,BJ Penn,1978-12-13,,47,name+opponents(9)+age,32,2001-05-04,2019-05-11,2,2026-10-07
http://ufcstats.com/fighter-details/73e09f837f3b5ecc,Rogerio Nogueira,ufcstats,gidstats,https://gidstats.com/fighters/antonio_rogerio_nogueira.html,,https://gidstats.com/fighters/antonio_rogerio_nogueira.html,Antonio Rogerio Nogueira,1976-06-02,,50,alias+opponents(10)+age,33,2001-08-18,2020-07-25,0,2026-10-07
http://ufcstats.com/fighter-details/7413b80dbb0f8f9f,Lucas Martins,ufcstats,gidstats,https://gidstats.com/fighters/lucas_martins.html,,https://gidstats.com/fighters/lucas_martins.html,Lucas Martins,1988-11-11,,37,name+opponents(7)+age,29,2011-09-11,2023-12-05,1,2026-10-07
http://ufcstats.com/fighter-details/7447e9f28508106a,Mackenzie Dern,ufcstats,gidstats,https://gidstats.com/fighters/mackenzie_dern.html,,https://gidstats.com/fighters/mackenzie_dern.html,Mackenzie Dern,1993-03-24,,33,name+opponents(14)+age,22,2016-07-22,2026-08-15,5,2026-10-07
http://ufcstats.com/fighter-details/744e098e065cfdbe,Ricardo Romero,ufcstats,gidstats,https://gidstats.com/fighters/ricardo_romero.html,,https://gidstats.com/fighters/ricardo_romero.html,Ricardo Romero,1978-04-15,,48,name+opponents(3)+age,14,2007-09-07,2011-09-24,0,2026-10-07
http://ufcstats.com/fighter-details/745fa7b605f8e2da,Fatima Kline,ufcstats,gidstats,https://gidstats.com/fighters/fatima_kline.html,,https://gidstats.com/fighters/fatima_kline.html,Fatima Kline,2000-07-12,,26,name+opponents(5)+age,10,2021-05-21,2025-11-15,21,2026-10-07
http://ufcstats.com/fighter-details/7478b7f959ba61f5,Elijah Smith,ufcstats+dwcs+card,gidstats,https://gidstats.com/fighters/elijah_smith.html,,https://gidstats.com/fighters/elijah_smith.html,Elijah Smith,2002-09-05,,,name+opponents(3),11,2022-08-21,2026-03-14,0,2026-10-07
http://ufcstats.com/fighter-details/74939a16c7b56f33,Juan Diaz,ufcstats+dwcs+card,gidstats,https://gidstats.com/fighters/juan_daz.html,,https://gidstats.com/fighters/juan_daz.html,Juan Díaz,1998-06-03,,28,name+opponents(2)+age,18,2017-10-14,2026-05-16,2,2026-10-07
http://ufcstats.com/fighter-details/7498b3ac79a3b948,Taiyilake Nueraji,ufcstats,gidstats,https://gidstats.com/fighters/taiyilake_nueraji.html,,https://gidstats.com/fighters/taiyilake_nueraji.html,Taiyilake Nueraji,2001-01-12,,25,name+opponents(1)+age,14,2018-10-26,2025-08-23,0,2026-10-07
http://ufcstats.com/fighter-details/749f572d1d3161fb,Khalil Rountree Jr.,ufcstats,gidstats,https://gidstats.com/fighters/khalil_rountree.html,,https://gidstats.com/fighters/khalil_rountree.html,Khalil Rountree,1990-02-26,,36,name+opponents(18)+age,25,2014-06-06,2025-10-04,0,2026-10-07
http://ufcstats.com/fighter-details/74d35fbc9c6a61bd,Alvaro Herrera Mendoza,ufcstats,gidstats,https://gidstats.com/fighters/alvaro_herrera.html,,https://gidstats.com/fighters/alvaro_herrera.html,Alvaro Herrera,1990-05-14,,36,alias+opponents(4)+age,19,2008-11-26,2019-03-08,0,2026-10-07
http://ufcstats.com/fighter-details/74f9448b97bf8bec,Da Woon Jung,ufcstats,gidstats,https://gidstats.com/fighters/da-un_jung.html,,https://gidstats.com/fighters/da-un_jung.html,Da-un Jung,1993-12-07,,32,alias+opponents(9)+age,22,2015-05-29,2024-09-28,0,2026-10-07
http://ufcstats.com/fighter-details/751de04455cfaac0,Calvin Kattar,ufcstats,gidstats,https://gidstats.com/fighters/calvin_kattar.html,,https://gidstats.com/fighters/calvin_kattar.html,Calvin Kattar,1988-03-26,,38,name+opponents(15)+age,33,2007-06-23,2025-07-12,0,2026-10-07
http://ufcstats.com/fighter-details/75353550928a7921,Muhammad Mokaev,ufcstats,gidstats,https://gidstats.com/fighters/muhammad_mokaev.html,,https://gidstats.com/fighters/muhammad_mokaev.html,Muhammad Mokaev,2000-07-30,,26,name+opponents(7)+age,17,2020-08-01,2025-11-07,2,2026-10-07
http://ufcstats.com/fighter-details/7559395ad833c074,Miranda Granger,ufcstats,gidstats,https://gidstats.com/fighters/miranda_granger.html,,https://gidstats.com/fighters/miranda_granger.html,Miranda Granger,1992-04-13,,34,name+opponents(4)+age,10,2017-08-25,2022-08-06,0,2026-10-07
http://ufcstats.com/fighter-details/75a6a390fd5dca46,Juliana Lima,ufcstats,gidstats,https://gidstats.com/fighters/juliana_lima.html,,https://gidstats.com/fighters/juliana_lima.html,Juliana Lima,1982-03-15,,44,name+opponents(7)+age,17,2010-11-27,2020-07-02,0,2026-10-07
http://ufcstats.com/fighter-details/75afb06215a07341,Dmitrii Smoliakov,ufcstats,gidstats,https://gidstats.com/fighters/dmitrii_smoliakov.html,,https://gidstats.com/fighters/dmitrii_smoliakov.html,Dmitrii Smoliakov,1982-08-05,,42,"name+opponents(3) AGE_CONFLICT(gid 42, dob 1982-08-05)",13,2013-02-03,2019-10-12,0,2026-10-07
http://ufcstats.com/fighter-details/75e0d3cc2262b732,Shane Roller,ufcstats,gidstats,https://gidstats.com/fighters/shane_roller.html,,https://gidstats.com/fighters/shane_roller.html,Shane Roller,1979-07-14,,47,name+opponents(6)+age,18,2007-09-28,2012-10-05,0,2026-10-07
http://ufcstats.com/fighter-details/75e5fec9f72910ef,Gleison Tibau,ufcstats,gidstats,https://gidstats.com/fighters/gleison_tibau.html,,https://gidstats.com/fighters/gleison_tibau.html,Gleison Tibau,1983-10-07,,43,name+opponents(18)+age,58,1999-12-24,2025-10-18,5,2026-10-07
http://ufcstats.com/fighter-details/760a55d5b6098cbe,Carlos Candelario,ufcstats+dwcs,gidstats,https://gidstats.com/fighters/carlos_candelario.html,,https://gidstats.com/fighters/carlos_candelario.html,Carlos Candelario,1991-06-04,,35,name+opponents(4)+age,11,2015-01-03,2022-11-05,0,2026-10-07
http://ufcstats.com/fighter-details/764342d39cdaa54a,Frank Camacho,ufcstats,gidstats,https://gidstats.com/fighters/frank_camacho.html,,https://gidstats.com/fighters/frank_camacho.html,Frank Camacho,1989-05-18,,37,name+opponents(8)+age,33,2005-11-26,2022-05-14,0,2026-10-07
http://ufcstats.com/fighter-details/764d39074a352e33,Thomas Petersen,ufcstats+dwcs,gidstats,https://gidstats.com/fighters/petersen_thomas.html,,https://gidstats.com/fighters/petersen_thomas.html,Thomas Petersen,1995-03-30,,31,name+opponents(8)+age,15,2019-12-21,2026-04-04,0,2026-10-07
http://ufcstats.com/fighter-details/76729a829623e266,Henry Martinez,ufcstats,gidstats,https://gidstats.com/fighters/henry_martinez.html,,https://gidstats.com/fighters/henry_martinez.html,Henry Martinez,1983-08-07,,43,name+opponents(3)+age,13,2006-08-04,2013-05-18,1,2026-10-07
http://ufcstats.com/fighter-details/7674b836ce0698a0,Yousri Belgaroui,ufcstats+dwcs+card,gidstats,https://gidstats.com/fighters/yousri_belgaroui.html,,https://gidstats.com/fighters/yousri_belgaroui.html,Yousri Belgaroui,1992-06-02,,34,name+opponents(6)+age,14,2021-01-22,2026-09-12,20,2026-10-07
http://ufcstats.com/fighter-details/767755fd74662dbf,Khamzat Chimaev,ufcstats,gidstats,https://gidstats.com/fighters/khamzat_chimaev.html,,https://gidstats.com/fighters/khamzat_chimaev.html,Khamzat Chimaev,1994-05-01,,32,name+opponents(10)+age,15,2018-05-26,2025-08-16,1,2026-10-07
http://ufcstats.com/fighter-details/7691a80e6ca3e55b,Jon Madsen,ufcstats,gidstats,https://gidstats.com/fighters/jon_madsen.html,,https://gidstats.com/fighters/jon_madsen.html,Jon Madsen,1980-02-12,,46,name+opponents(4)+age,12,2008-05-06,2015-03-20,0,2026-10-07
http://ufcstats.com/fighter-details/76984112f697631f,Leslie Smith,ufcstats,gidstats,https://gidstats.com/fighters/leslie_smith.html,,https://gidstats.com/fighters/leslie_smith.html,Leslie Smith,1982-08-17,,44,name+opponents(6)+age,22,2009-03-06,2021-05-21,0,2026-10-07
http://ufcstats.com/fighter-details/76e2870ffafbe38f,Movsar Evloev,ufcstats+card,gidstats,https://gidstats.com/fighters/movsar_evloev.html,,https://gidstats.com/fighters/movsar_evloev.html,Movsar Evloev,1994-02-11,,32,name+opponents(11)+age,20,2014-11-25,2026-03-21,0,2026-10-07
http://ufcstats.com/fighter-details/76ee3d666c648f6b,Charles Byrd,ufcstats+dwcs,gidstats,https://gidstats.com/fighters/charles_byrd.html,,https://gidstats.com/fighters/charles_byrd.html,Charles Byrd,1983-10-11,,42,name+opponents(5)+age,17,2009-04-25,2020-06-06,0,2026-10-07
http://ufcstats.com/fighter-details/771b60ff889661c8,Mark Scanlon,ufcstats,gidstats,https://gidstats.com/fighters/mark_scanlon.html,,https://gidstats.com/fighters/mark_scanlon.html,Mark Scanlon,,,,name+opponents(1),12,2006-03-11,2013-07-06,0,2026-10-07
http://ufcstats.com/fighter-details/77350fd0e6d1dba8,Lisa Ellis,ufcstats,gidstats,https://gidstats.com/fighters/lisa_ellis.html,,https://gidstats.com/fighters/lisa_ellis.html,Lisa Ellis,1982-11-15,,43,name+opponents(2)+age,27,2004-11-06,2016-11-04,1,2026-10-07
http://ufcstats.com/fighter-details/773f7feacf96153e,Benito Lopez,ufcstats+dwcs,gidstats,https://gidstats.com/fighters/benito_lopez.html,,https://gidstats.com/fighters/benito_lopez.html,Benito Lopez,1994-04-06,,32,name+opponents(5)+age,12,2014-04-04,2022-11-05,0,2026-10-07
http://ufcstats.com/fighter-details/776a58a67665a171,Nad Narimani,ufcstats,gidstats,https://gidstats.com/fighters/nad_narimani.html,,https://gidstats.com/fighters/nad_narimani.html,Nad Narimani,1987-04-14,,39,name+opponents(4)+age,16,2011-07-16,2020-07-18,0,2026-10-07
http://ufcstats.com/fighter-details/776d4262c4da38bf,Pete Rodriguez,ufcstats,gidstats,https://gidstats.com/fighters/pete_rodriguez.html,,https://gidstats.com/fighters/pete_rodriguez.html,Pete Rodriguez,1996-11-13,,29,name+opponents(3)+age,7,2020-10-22,2024-02-03,0,2026-10-07
http://ufcstats.com/fighter-details/7772b283d288dbe2,Guram Kutateladze,ufcstats,gidstats,https://gidstats.com/fighters/guram_kutateladze.html,,https://gidstats.com/fighters/guram_kutateladze.html,Guram Kutateladze,1992-01-08,,34,name+opponents(4)+age,19,2010-05-15,2025-10-23,1,2026-10-07
http://ufcstats.com/fighter-details/777dea713da2441d,Valmir Lazaro,ufcstats,gidstats,https://gidstats.com/fighters/valmir_lazaro.html,,https://gidstats.com/fighters/valmir_lazaro.html,Valmir Lazaro,1985-08-15,,41,name+opponents(3)+age,27,2007-01-25,2022-04-01,0,2026-10-07
http://ufcstats.com/fighter-details/77ba5b2939c4018b,Carol Foro,ufcstats,gidstats,https://gidstats.com/fighters/carol_foro.html,,https://gidstats.com/fighters/carol_foro.html,Carol Foro,1997-03-21,,29,name+age,10,2023-08-19,2025-09-09,1,2026-10-07
http://ufcstats.com/fighter-details/77d7295d1b22c694,Alessio Di Chirico,ufcstats,gidstats,https://gidstats.com/fighters/alessio_di_chirico.html,,https://gidstats.com/fighters/alessio_di_chirico.html,Alessio Di Chirico,1989-12-12,,36,name+opponents(11)+age,20,2011-12-09,2022-09-03,0,2026-10-07
http://ufcstats.com/fighter-details/78114b7199cef90c,Urijah Faber,ufcstats,gidstats,https://gidstats.com/fighters/urijah_faber.html,,https://gidstats.com/fighters/urijah_faber.html,Urijah Faber,1979-05-14,,47,name+opponents(16)+age,46,2003-11-13,2019-12-14,8,2026-10-07
http://ufcstats.com/fighter-details/7826923b47f8d72a,Paddy Pimblett,ufcstats,gidstats,https://gidstats.com/fighters/paddy_pimblett.html,,https://gidstats.com/fighters/paddy_pimblett.html,Paddy Pimblett,1995-01-03,,31,name+opponents(8)+age,27,2012-10-20,2026-01-24,1,2026-10-07
http://ufcstats.com/fighter-details/7832f2f62f04178f,Tucker Lutz,ufcstats+dwcs,gidstats,https://gidstats.com/fighters/lutz_tucker.html,,https://gidstats.com/fighters/lutz_tucker.html,Tucker Lutz,1994-07-12,,32,name+opponents(6)+age,16,2015-10-24,2023-07-15,0,2026-10-07
http://ufcstats.com/fighter-details/784285b7ae7dd85f,Shane Campbell,ufcstats,gidstats,https://gidstats.com/fighters/shane_campbell.html,,https://gidstats.com/fighters/shane_campbell.html,Shane Campbell,1987-01-21,,38,name+opponents(5)+age,29,2010-10-15,2022-12-16,3,2026-10-07
http://ufcstats.com/fighter-details/787bb1f087ccff8a,Ciryl Gane,ufcstats+card,gidstats,https://gidstats.com/fighters/ciryl_gane.html,,https://gidstats.com/fighters/ciryl_gane.html,Ciryl Gane,1990-04-12,,36,name+opponents(14)+age,17,2018-08-02,2026-06-14,7,2026-10-07
http://ufcstats.com/fighter-details/78863e4a28204a6b,Justin Frazier,ufcstats,gidstats,https://gidstats.com/fighters/justin_frazier.html,,https://gidstats.com/fighters/justin_frazier.html,Justin Frazier,1989-06-15,,37,name+opponents(1)+age,17,2010-12-11,2019-06-22,0,2026-10-07
http://ufcstats.com/fighter-details/78a68f1dade6aaf7,Fabio Cherant,ufcstats+dwcs,gidstats,https://gidstats.com/fighters/cherant_fabio.html,,https://gidstats.com/fighters/cherant_fabio.html,Fabio Cherant,1994-11-25,,31,name+opponents(4)+age,11,2018-02-02,2022-02-12,0,2026-10-07
http://ufcstats.com/fighter-details/78d48d3874dacafd,Azunna Anyanwu,ufcstats,gidstats,https://gidstats.com/fighters/zu_anyanwu.html,,https://gidstats.com/fighters/zu_anyanwu.html,Zu Anyanwu,1981-08-05,,45,alias+opponents(1)+age,21,2010-10-28,2019-11-08,0,2026-10-07
http://ufcstats.com/fighter-details/78e501478a36a018,Khama Worthy,ufcstats,gidstats,https://gidstats.com/fighters/khama_worthy.html,,https://gidstats.com/fighters/khama_worthy.html,Khama Worthy,1986-10-15,,39,name+opponents(5)+age,29,2012-06-02,2022-10-22,2,2026-10-07
http://ufcstats.com/fighter-details/78f485f851891d68,Journey Newson,ufcstats,gidstats,https://gidstats.com/fighters/journey_newson.html,,https://gidstats.com/fighters/journey_newson.html,Journey Newson,1989-03-07,,37,name+opponents(6)+age,16,2015-09-05,2023-04-29,1,2026-10-07
http://ufcstats.com/fighter-details/791c8437b341fba5,Joanderson Brito,ufcstats+dwcs,gidstats,https://gidstats.com/fighters/joanderson_brito.html,,https://gidstats.com/fighters/joanderson_brito.html,Joanderson Brito,1995-02-11,,31,name+opponents(12)+age,25,2013-11-08,2026-06-06,0,2026-10-07
http://ufcstats.com/fighter-details/792be9a24df82ed6,Brandon Moreno,ufcstats,gidstats,https://gidstats.com/fighters/brandon_moreno.html,,https://gidstats.com/fighters/brandon_moreno.html,Brandon Moreno,1993-12-07,,32,name+opponents(15)+age,37,2011-04-30,2026-09-12,3,2026-10-07
http://ufcstats.com/fighter-details/79325a3c1a5c3bf4,Andreas Michailidis,ufcstats,gidstats,https://gidstats.com/fighters/andreas_michailidis.html,,https://gidstats.com/fighters/andreas_michailidis.html,Andreas Michailidis,1988-07-18,,38,name+opponents(4)+age,25,2009-05-31,2025-02-22,0,2026-10-07
http://ufcstats.com/fighter-details/79899ecf62020f6d,Joe Stevenson,ufcstats,gidstats,https://gidstats.com/fighters/joe_stevenson.html,,https://gidstats.com/fighters/joe_stevenson.html,Joe Stevenson,1982-06-15,,44,name+opponents(4)+age,53,1999-05-15,2017-02-14,0,2026-10-07
http://ufcstats.com/fighter-details/798e48f9e7f6ba22,Carlos Hernandez,ufcstats+dwcs,gidstats,https://gidstats.com/fighters/carlos_hernandez.html,,https://gidstats.com/fighters/carlos_hernandez.html,Carlos Hernandez,1993-10-25,,32,name+opponents(8)+age,15,2017-01-21,2025-05-17,0,2026-10-07
http://ufcstats.com/fighter-details/79cb2a690b9ba5e8,Zarrukh Adashev,ufcstats,gidstats,https://gidstats.com/fighters/zarrukh_adashev.html,,https://gidstats.com/fighters/zarrukh_adashev.html,Zarrukh Adashev,1992-07-29,,34,name+opponents(4)+age,9,2015-06-05,2025-09-10,1,2026-10-07
http://ufcstats.com/fighter-details/7a15f3694c5cbc02,John Alessio,ufcstats,gidstats,https://gidstats.com/fighters/john_alessio.html,,https://gidstats.com/fighters/john_alessio.html,John Alessio,1979-07-05,,47,name+opponents(2)+age,54,1998-05-17,2015-06-26,0,2026-10-07
http://ufcstats.com/fighter-details/7a39bbac8cc0fa70,Gasan Umalatov,ufcstats,gidstats,https://gidstats.com/fighters/gasan_umalatov.html,,https://gidstats.com/fighters/gasan_umalatov.html,Gasan Umalatov,1982-09-11,,43,name+opponents(4)+age,26,2008-04-25,2018-10-20,0,2026-10-07
http://ufcstats.com/fighter-details/7a47e068f8017019,Val Woodburn,ufcstats,gidstats,https://gidstats.com/fighters/valentine_woodburn.html,,https://gidstats.com/fighters/valentine_woodburn.html,Val Woodburn,1993-08-10,,33,name+opponents(2)+age,9,2020-02-15,2024-02-17,0,2026-10-07
http://ufcstats.com/fighter-details/7a5e8c94a86f9895,Chris Barnett,ufcstats,gidstats,https://gidstats.com/fighters/chris_barnett.html,,https://gidstats.com/fighters/chris_barnett.html,Chris Barnett,1986-06-14,,40,name+opponents(6)+age,33,2009-04-25,2025-10-25,5,2026-10-07
http://ufcstats.com/fighter-details/7a613f78dd7ee8f8,Bernardo Magalhaes,ufcstats,gidstats,https://gidstats.com/fighters/bernardo_magalhaes.html,,https://gidstats.com/fighters/bernardo_magalhaes.html,Bernardo Magalhaes,1981-04-08,,45,name+opponents(2)+age,17,2007-08-11,2014-08-16,0,2026-10-07
http://ufcstats.com/fighter-details/7a703c565ccaa18f,Jacare Souza,ufcstats,gidstats,https://gidstats.com/fighters/jacare_souza.html,,https://gidstats.com/fighters/jacare_souza.html,Jacare Souza,1979-12-07,,46,name+opponents(15)+age,37,2003-09-13,2021-05-15,28,2026-10-07
http://ufcstats.com/fighter-details/7aa3d6964eff4877,Alex Caceres,ufcstats,gidstats,https://gidstats.com/fighters/alex_caceres.html,,https://gidstats.com/fighters/alex_caceres.html,Alex Caceres,1988-06-20,,38,name+opponents(30)+age,40,2008-11-06,2024-05-11,4,2026-10-07
http://ufcstats.com/fighter-details/7ab478c397cd68ef,Aliaskhab Khizriev,ufcstats+dwcs,gidstats,https://gidstats.com/fighters/aliaskhab_khizriev.html,,https://gidstats.com/fighters/aliaskhab_khizriev.html,Aliaskhab Khizriev,1990-08-24,,36,name+opponents(3)+age,15,2014-05-27,2024-02-03,0,2026-10-07
http://ufcstats.com/fighter-details/7abe471b61725980,Fabricio Camoes,ufcstats,gidstats,https://gidstats.com/fighters/fabricio_camoes.html,,https://gidstats.com/fighters/fabricio_camoes.html,Fabricio Camoes,1978-12-23,,47,name+opponents(5)+age,24,1998-04-25,2014-10-25,0,2026-10-07
http://ufcstats.com/fighter-details/7acbb0972e75281a,Marvin Vettori,ufcstats,gidstats,https://gidstats.com/fighters/marvin_vettori.html,,https://gidstats.com/fighters/marvin_vettori.html,Marvin Vettori,1993-09-20,,33,name+opponents(17)+age,29,2013-08-03,2025-12-06,1,2026-10-07
http://ufcstats.com/fighter-details/7af33fc4435017f1,Brady Hiestand,ufcstats,gidstats,https://gidstats.com/fighters/hiestand_brady.html,,https://gidstats.com/fighters/hiestand_brady.html,Brady Hiestand,1999-04-30,,27,name+opponents(4)+age,12,2018-08-25,2024-06-15,0,2026-10-07
http://ufcstats.com/fighter-details/7b143a54451263d9,Paul Sass,ufcstats,gidstats,https://gidstats.com/fighters/paul_sass.html,,https://gidstats.com/fighters/paul_sass.html,Paul Sass,1988-08-04,,38,name+opponents(5)+age,16,2007-08-05,2013-10-18,0,2026-10-07
http://ufcstats.com/fighter-details/7b310409440c9102,Zhang Lipeng,ufcstats,gidstats,https://gidstats.com/fighters/zhang_lipeng.html,,https://gidstats.com/fighters/zhang_lipeng.html,Zhang Lipeng,1990-03-10,,36,name+opponents(3)+age,47,2009-04-18,2022-09-29,0,2026-10-07
http://ufcstats.com/fighter-details/7b3503352cd53abb,Westin Wilson,ufcstats,gidstats,https://gidstats.com/fighters/westin_wilson.html,,https://gidstats.com/fighters/westin_wilson.html,Westin Wilson,1989-01-24,,37,name+opponents(4)+age,27,2014-08-23,2025-08-23,1,2026-10-07
http://ufcstats.com/fighter-details/7b39035fae7268b8,Matt Van Buren,ufcstats,gidstats,https://gidstats.com/fighters/matt_van_buren.html,,https://gidstats.com/fighters/matt_van_buren.html,Matt Van Buren,1986-06-12,,40,name+opponents(2)+age,16,2010-05-15,2017-05-27,0,2026-10-07
http://ufcstats.com/fighter-details/7b433309b0fd12aa,Brad Katona,ufcstats,gidstats,https://gidstats.com/fighters/brad_katona.html,,https://gidstats.com/fighters/brad_katona.html,Brad Katona,1991-12-19,,34,name+opponents(9)+age,23,2014-10-03,2025-05-10,0,2026-10-07
http://ufcstats.com/fighter-details/7bc475b0fc2020ab,Luis Ramos,ufcstats,gidstats,https://gidstats.com/fighters/luis_ramos.html,,https://gidstats.com/fighters/luis_ramos.html,Luis Ramos,1981-01-18,,45,name+opponents(2)+age,32,2001-10-14,2016-10-08,0,2026-10-07
http://ufcstats.com/fighter-details/7bc96507e4b38d3b,Cody Donovan,ufcstats,gidstats,https://gidstats.com/fighters/cody_donovan.html,,https://gidstats.com/fighters/cody_donovan.html,Cody Donovan,1981-02-20,,45,name+opponents(4)+age,13,2008-10-11,2014-07-19,0,2026-10-07
http://ufcstats.com/fighter-details/7bd94b60d7521e4a,John Albert,ufcstats,gidstats,https://gidstats.com/fighters/john_albert.html,,https://gidstats.com/fighters/john_albert.html,John Albert,1986-10-13,,39,name+opponents(5)+age,11,2009-02-28,2013-07-27,0,2026-10-07
http://ufcstats.com/fighter-details/7bde387d50829adf,Eduardo Garagorri,ufcstats,gidstats,https://gidstats.com/fighters/eduardo_garagorri.html,,https://gidstats.com/fighters/eduardo_garagorri.html,Eduardo Garagorri,1989-05-28,,37,name+opponents(3)+age,19,2015-03-21,2024-10-22,0,2026-10-07
http://ufcstats.com/fighter-details/7be14eaed4c74856,Brian Kelleher,ufcstats,gidstats,https://gidstats.com/fighters/brian_kelleher.html,,https://gidstats.com/fighters/brian_kelleher.html,Brian Kelleher,1986-08-19,,40,name+opponents(17)+age,40,2011-03-10,2024-07-20,0,2026-10-07
http://ufcstats.com/fighter-details/7be63795363029e8,Cody McKenzie,ufcstats,gidstats,https://gidstats.com/fighters/cody_mckenzie.html,,https://gidstats.com/fighters/cody_mckenzie.html,Cody McKenzie,1987-12-16,,38,name+opponents(7)+age,29,2008-04-19,2021-10-29,1,2026-10-07
http://ufcstats.com/fighter-details/7be74a12d7352df2,Sara McMann,ufcstats,gidstats,https://gidstats.com/fighters/sara_mcmann.html,,https://gidstats.com/fighters/sara_mcmann.html,Sara McMann,1980-09-24,,46,name+opponents(13)+age,21,2011-05-28,2023-10-07,7,2026-10-07
http://ufcstats.com/fighter-details/7c35f869033901ae,Riki Fukuda,ufcstats,gidstats,https://gidstats.com/fighters/riki_fukuda.html,,https://gidstats.com/fighters/riki_fukuda.html,Riki Fukuda,1981-01-06,,45,name+opponents(5)+age,34,2004-04-16,2017-07-15,0,2026-10-07
http://ufcstats.com/fighter-details/7c3c48cf54a2848e,Yuta Sasaki,ufcstats,gidstats,https://gidstats.com/fighters/ulka_sasaki.html,,https://gidstats.com/fighters/ulka_sasaki.html,Ulka Sasaki,1989-10-07,,37,alias+opponents(9)+age,37,2010-04-11,2023-05-06,0,2026-10-07
http://ufcstats.com/fighter-details/7c6e87729e824ef4,Ildemar Alcantara,ufcstats,gidstats,https://gidstats.com/fighters/ildemar_alcantara.html,,https://gidstats.com/fighters/ildemar_alcantara.html,Ildemar Alcantara,1982-11-18,,43,name+opponents(7)+age,44,2005-06-11,2023-06-30,1,2026-10-07
http://ufcstats.com/fighter-details/7c7332319c14094c,Marlon Vera,ufcstats,gidstats,https://gidstats.com/fighters/marlon_vera.html,,https://gidstats.com/fighters/marlon_vera.html,Marlon Vera,1992-12-02,,33,name+opponents(24)+age,37,2010-07-24,2026-02-28,1,2026-10-07
http://ufcstats.com/fighter-details/7c9c6a884be167fe,Jin Soo Son,ufcstats,gidstats,https://gidstats.com/fighters/jin_soo_son.html,,https://gidstats.com/fighters/jin_soo_son.html,Jin Soo Son,1993-04-01,,33,name+opponents(2)+age,13,2014-05-17,2019-07-20,0,2026-10-07
http://ufcstats.com/fighter-details/7c9f96f9a6a5cd50,Brok Weaver,ufcstats+dwcs,gidstats,https://gidstats.com/fighters/brok_weaver.html,,https://gidstats.com/fighters/brok_weaver.html,Brok Weaver,1991-12-05,,34,name+opponents(4)+age,22,2013-08-17,2021-04-02,2,2026-10-07
http://ufcstats.com/fighter-details/7cbf7c78d3b34218,Drakkar Klose,ufcstats,gidstats,https://gidstats.com/fighters/drakkar_klose.html,,https://gidstats.com/fighters/drakkar_klose.html,Drakkar Klose,1988-03-09,,38,name+opponents(13)+age,20,2014-04-05,2025-08-16,0,2026-10-07
http://ufcstats.com/fighter-details/7cdd3e5d3aa9cb39,Yan Cabral,ufcstats,gidstats,https://gidstats.com/fighters/yan_cabral.html,,https://gidstats.com/fighters/yan_cabral.html,Yan Cabral,1983-05-13,,43,name+opponents(5)+age,19,2007-12-22,2017-12-23,1,2026-10-07
http://ufcstats.com/fighter-details/7cec3c4a5e7b6d68,Daniel Frunza,ufcstats+dwcs,gidstats,https://gidstats.com/fighters/daniel_frunza.html,,https://gidstats.com/fighters/daniel_frunza.html,Daniel Frunza,1994-04-13,,32,name+opponents(2)+age,13,2016-03-19,2025-11-01,0,2026-10-07
http://ufcstats.com/fighter-details/7cf20446453f852b,Milton Vieira,ufcstats,gidstats,https://gidstats.com/fighters/milton_vieira.html,,https://gidstats.com/fighters/milton_vieira.html,Milton Vieira,1978-10-04,,48,name+opponents(1)+age,23,2001-06-30,2013-01-19,2,2026-10-07
http://ufcstats.com/fighter-details/7d09200f6a77b20e,Colin Fletcher,ufcstats,gidstats,https://gidstats.com/fighters/colin_fletcher.html,,https://gidstats.com/fighters/colin_fletcher.html,Colin Fletcher,1983-01-08,,43,name+opponents(2)+age,27,2008-05-31,2018-06-09,1,2026-10-07
http://ufcstats.com/fighter-details/7d0a1968b38ca439,Ramazan Temirov,ufcstats+card,gidstats,https://gidstats.com/fighters/ramazonbek_temirov.html,,https://gidstats.com/fighters/ramazonbek_temirov.html,Ramazan Temirov,1997-01-31,,29,name+opponents(3)+age,21,2015-12-19,2025-03-01,1,2026-10-07
http://ufcstats.com/fighter-details/7d420039bbfe7c1a,Aoriqileng,ufcstats,gidstats,https://gidstats.com/fighters/aori_qileng.html,,https://gidstats.com/fighters/aori_qileng.html,Aoriqileng,1993-06-25,,33,name+opponents(11)+age,40,2015-11-06,2026-05-30,8,2026-10-07
http://ufcstats.com/fighter-details/7d6ceff6747f2de2,Jose Delgado,ufcstats+dwcs,gidstats,https://gidstats.com/fighters/jose_delgado.html,,https://gidstats.com/fighters/jose_delgado.html,Jose Delgado,1998-04-21,,28,name+opponents(7)+age,14,2022-03-26,2026-07-18,0,2026-10-07
http://ufcstats.com/fighter-details/7d8435c56043b0ae,Ante Delija,ufcstats,gidstats,https://gidstats.com/fighters/ante_delija.html,,https://gidstats.com/fighters/ante_delija.html,Ante Delija,1990-08-07,,36,name+opponents(3)+age,34,2011-01-22,2026-02-21,0,2026-10-07
http://ufcstats.com/fighter-details/7d96bc577e5178b2,Gray Maynard,ufcstats,gidstats,https://gidstats.com/fighters/gray_maynard.html,,https://gidstats.com/fighters/gray_maynard.html,Gray Maynard,1979-05-09,,47,name+opponents(11)+age,25,2006-04-21,2018-10-06,1,2026-10-07
http://ufcstats.com/fighter-details/7dcf06c1967801c1,Adriano Martins,ufcstats,gidstats,https://gidstats.com/fighters/adriano_martins.html,,https://gidstats.com/fighters/adriano_martins.html,Adriano Martins,1982-12-16,,43,name+opponents(7)+age,42,2004-03-07,2024-03-30,0,2026-10-07
http://ufcstats.com/fighter-details/7dda2cf308f24a02,Virna Jandiroba,ufcstats+card,gidstats,https://gidstats.com/fighters/virna_jandiroba.html,,https://gidstats.com/fighters/virna_jandiroba.html,Virna Jandiroba,1988-05-30,,38,name+opponents(12)+age,27,2013-06-15,2026-04-04,1,2026-10-07
http://ufcstats.com/fighter-details/7debc13b36343605,Cristian Quinonez,ufcstats,gidstats,https://gidstats.com/fighters/christian_quionez.html,,https://gidstats.com/fighters/christian_quionez.html,Christian Quiñonez,1996-04-26,,30,alias+opponents(4)+age,24,2013-08-02,2026-02-28,0,2026-10-07
http://ufcstats.com/fighter-details/7dfb56f24fe5ddea,Bobby Nash,ufcstats,gidstats,https://gidstats.com/fighters/bobby_nash.html,,https://gidstats.com/fighters/bobby_nash.html,Bobby Nash,1990-03-26,,36,name+opponents(3)+age,17,2014-08-15,2023-06-16,0,2026-10-07
http://ufcstats.com/fighter-details/7e208569469c8bc8,Ruan Potts,ufcstats,gidstats,https://gidstats.com/fighters/ruan_potts.html,,https://gidstats.com/fighters/ruan_potts.html,Ruan Potts,1978-02-23,,48,name+opponents(3)+age,18,2011-02-03,2018-12-08,0,2026-10-07
http://ufcstats.com/fighter-details/7e47047d0971d566,Daniel Sarafian,ufcstats,gidstats,https://gidstats.com/fighters/daniel_sarafian.html,,https://gidstats.com/fighters/daniel_sarafian.html,Daniel Sarafian,1982-08-21,,44,name+opponents(6)+age,20,2006-08-11,2018-03-09,0,2026-10-07
http://ufcstats.com/fighter-details/7e511f8d842a109d,Arjan Bhullar,ufcstats,gidstats,https://gidstats.com/fighters/arjan_singh_bhullar.html,,https://gidstats.com/fighters/arjan_singh_bhullar.html,Arjan Singh Bhullar,1986-05-13,,40,alias+opponents(4)+age,13,2014-11-07,2023-06-23,1,2026-10-07
http://ufcstats.com/fighter-details/7e69a4b0961aa555,Brad Blackburn,ufcstats,gidstats,https://gidstats.com/fighters/brad_blackburn.html,,https://gidstats.com/fighters/brad_blackburn.html,Brad Blackburn,1977-05-25,,49,name+opponents(2)+age,33,2000-11-04,2011-02-19,0,2026-10-07
http://ufcstats.com/fighter-details/7e9b36a9847db116,Kevin Christian,ufcstats+dwcs,gidstats,https://gidstats.com/fighters/kevin_christian.html,,https://gidstats.com/fighters/kevin_christian.html,Kevin Christian,1995-01-21,,31,name+opponents(3)+age,12,2014-09-29,2025-11-01,0,2026-10-07
http://ufcstats.com/fighter-details/7ea1f74cef32f906,Rashid Magomedov,ufcstats,gidstats,https://gidstats.com/fighters/rashid_magomedov.html,,https://gidstats.com/fighters/rashid_magomedov.html,Rashid Magomedov,1984-11-29,,42,name+opponents(5)+age,33,2008-06-12,2022-07-22,0,2026-10-07
http://ufcstats.com/fighter-details/7ea4a9f07df33a45,Francisco Rivera,ufcstats,gidstats,https://gidstats.com/fighters/francisco_rivera.html,,https://gidstats.com/fighters/francisco_rivera.html,Francisco Rivera,1981-10-08,,44,name+opponents(11)+age,28,2008-06-14,2023-07-01,0,2026-10-07
http://ufcstats.com/fighter-details/7eaa5e31c2dd86aa,Nick Klein,ufcstats+dwcs+card,gidstats,https://gidstats.com/fighters/nick_klein.html,,https://gidstats.com/fighters/nick_klein.html,Nick Klein,1995-09-08,,31,name+opponents(4)+age,9,2021-06-27,2025-08-02,0,2026-10-07
http://ufcstats.com/fighter-details/7ee0fd831c0fe7c3,Carlos Prates,ufcstats+dwcs,gidstats,https://gidstats.com/fighters/carlos_prates.html,,https://gidstats.com/fighters/carlos_prates.html,Carlos Prates,1993-08-17,,33,name+opponents(8)+age,30,2012-03-17,2025-11-15,3,2026-10-07
http://ufcstats.com/fighter-details/7f0f171414d0a287,Zelim Imadaev,ufcstats,gidstats,https://gidstats.com/fighters/zelim_imadaev.html,,https://gidstats.com/fighters/zelim_imadaev.html,Zelim Imadaev,1995-01-25,,31,name+opponents(3)+age,11,2016-04-02,2020-09-05,0,2026-10-07
http://ufcstats.com/fighter-details/7f1bf0c255ec8756,Azat Maksum,ufcstats,gidstats,https://gidstats.com/fighters/azat_maksum.html,,https://gidstats.com/fighters/azat_maksum.html,Azat Maksum,1995-02-02,,31,name+opponents(4)+age,20,2017-01-27,2025-10-25,0,2026-10-07
http://ufcstats.com/fighter-details/7f6ed67d3ed3c036,Cody Durden,ufcstats,gidstats,https://gidstats.com/fighters/cody_durden.html,,https://gidstats.com/fighters/cody_durden.html,Cody Durden,1991-03-29,,35,name+opponents(17)+age,30,2016-03-25,2026-07-11,4,2026-10-07
http://ufcstats.com/fighter-details/7f6ef4e1227600bc,Wagner Prado,ufcstats,gidstats,https://gidstats.com/fighters/wagner_prado.html,,https://gidstats.com/fighters/wagner_prado.html,Wagner Prado,1986-12-30,,38,name+opponents(2)+age,28,2009-10-03,2024-05-17,0,2026-10-07
http://ufcstats.com/fighter-details/7f955f71fa2ce7ac,Alessio Sakara,ufcstats,gidstats,https://gidstats.com/fighters/alessio_sakara.html,,https://gidstats.com/fighters/alessio_sakara.html,Alessio Sakara,1981-09-02,,45,name+opponents(5)+age,35,2002-06-21,2019-10-12,0,2026-10-07
http://ufcstats.com/fighter-details/7facc9c45d792985,Kaan Ofli,ufcstats,gidstats,https://gidstats.com/fighters/kaan_ofli.html,,https://gidstats.com/fighters/kaan_ofli.html,Kaan Ofli,1993-06-19,,33,name+opponents(5)+age,20,2014-03-14,2026-01-31,0,2026-10-07
http://ufcstats.com/fighter-details/7ff97850e8c32bda,Glover Teixeira,ufcstats,gidstats,https://gidstats.com/fighters/glover_teixeira.html,,https://gidstats.com/fighters/glover_teixeira.html,Glover Teixeira,1979-10-28,,46,name+opponents(23)+age,42,2002-06-07,2023-01-21,6,2026-10-07
http://ufcstats.com/fighter-details/803bebcfb6d6f506,Alex Gorgees,ufcstats,gidstats,https://gidstats.com/fighters/alex_gorgees.html,,https://gidstats.com/fighters/alex_gorgees.html,Alex Gorgees,1995-08-11,,31,name+opponents(1)+age,8,2016-09-17,2018-12-01,0,2026-10-07
http://ufcstats.com/fighter-details/8061a3136026a673,Jeisla Chaves,ufcstats+dwcs,gidstats,https://gidstats.com/fighters/jeisla_chaves.html,,https://gidstats.com/fighters/jeisla_chaves.html,Jeisla Chaves,1997-02-02,,29,name+opponents(2)+age,8,2023-04-15,2026-06-06,1,2026-10-07
http://ufcstats.com/fighter-details/80779d7441af1b52,Christian Morecraft,ufcstats,gidstats,https://gidstats.com/fighters/christian_morecraft.html,,https://gidstats.com/fighters/christian_morecraft.html,Christian Morecraft,1986-09-08,,40,name+opponents(4)+age,11,2008-04-12,2013-09-14,0,2026-10-07
http://ufcstats.com/fighter-details/809bd1a871491508,Terrance McKinney,ufcstats+dwcs+card,gidstats,https://gidstats.com/fighters/mckinney_terrance.html,,https://gidstats.com/fighters/mckinney_terrance.html,Terrance McKinney,1994-09-15,,32,name+opponents(14)+age,27,2017-10-14,2026-07-11,1,2026-10-07
http://ufcstats.com/fighter-details/80d8aed0ca9b00f3,Montana De La Rosa,ufcstats,gidstats,https://gidstats.com/fighters/montana_de_la_rosa.html,,https://gidstats.com/fighters/montana_de_la_rosa.html,Montana De La Rosa,1995-02-14,,31,name+opponents(11)+age,25,2014-09-06,2024-06-08,1,2026-10-07
http://ufcstats.com/fighter-details/80d918336163b80c,Tatsuya Kawajiri,ufcstats,gidstats,https://gidstats.com/fighters/tatsuya_kawajiri.html,,https://gidstats.com/fighters/tatsuya_kawajiri.html,Tatsuya Kawajiri,1978-05-08,,48,name+opponents(6)+age,55,2000-04-12,2019-10-12,1,2026-10-07
http://ufcstats.com/fighter-details/80daefbed11ce998,Alejandro Perez,ufcstats,gidstats,https://gidstats.com/fighters/alejandro_perez.html,,https://gidstats.com/fighters/alejandro_perez.html,Alejandro Perez,1989-09-02,,37,name+opponents(13)+age,34,2005-07-17,2022-02-26,0,2026-10-07
http://ufcstats.com/fighter-details/80dbeb1dd5b53e64,Nam Phan,ufcstats,gidstats,https://gidstats.com/fighters/nam_phan.html,,https://gidstats.com/fighters/nam_phan.html,Nam Phan,1983-03-13,,43,name+opponents(7)+age,42,2001-10-06,2017-03-11,4,2026-10-07
http://ufcstats.com/fighter-details/80eacd4da0617c57,Joseph Benavidez,ufcstats,gidstats,https://gidstats.com/fighters/joseph_benavidez.html,,https://gidstats.com/fighters/joseph_benavidez.html,Joseph Benavidez,1984-07-31,,42,name+opponents(17)+age,36,2006-06-03,2021-03-06,0,2026-10-07
http://ufcstats.com/fighter-details/80fa8218c99f9c58,Amanda Nunes,ufcstats+card,gidstats,https://gidstats.com/fighters/amanda_nunes.html,,https://gidstats.com/fighters/amanda_nunes.html,Amanda Nunes,1988-05-30,,38,name+opponents(15)+age,28,2008-03-08,2023-06-10,0,2026-10-07
http://ufcstats.com/fighter-details/813550bc53b15fb0,Yancy Medeiros,ufcstats,gidstats,https://gidstats.com/fighters/yancy_medeiros.html,,https://gidstats.com/fighters/yancy_medeiros.html,Yancy Medeiros,1987-09-07,,33,"name+opponents(15) AGE_CONFLICT(gid 33, dob 1987-09-07)",23,2008-11-15,2024-09-07,0,2026-10-07
http://ufcstats.com/fighter-details/814e5233e2acf2ee,Charles Johnson,ufcstats,gidstats,https://gidstats.com/fighters/charles_johnson.html,,https://gidstats.com/fighters/charles_johnson.html,Charles Johnson,1991-01-10,,35,name+opponents(14)+age,29,2016-06-03,2026-08-15,5,2026-10-07
http://ufcstats.com/fighter-details/814ff3018127e8fc,Ricky Glenn,ufcstats,gidstats,https://gidstats.com/fighters/rick_glenn.html,,https://gidstats.com/fighters/rick_glenn.html,Ricky Glenn,1989-04-12,,37,name+opponents(11)+age,33,2006-07-29,2024-08-17,0,2026-10-07
http://ufcstats.com/fighter-details/8163cd7de0342652,Erick Montano,ufcstats,gidstats,https://gidstats.com/fighters/erick_montano.html,,https://gidstats.com/fighters/erick_montano.html,Erick Montano,1985-11-19,,40,name+opponents(3)+age,19,2008-10-18,2023-04-08,0,2026-10-07
http://ufcstats.com/fighter-details/8173f134396cb971,Cortavious Romious,ufcstats+dwcs,gidstats,https://gidstats.com/fighters/cortavious_romious.html,,https://gidstats.com/fighters/cortavious_romious.html,Cortavious Romious,1994-01-06,,32,name+opponents(4)+age,13,2018-06-30,2025-04-05,0,2026-10-07
http://ufcstats.com/fighter-details/81801f57bd0a7c41,Marcus Brimage,ufcstats,gidstats,https://gidstats.com/fighters/marcus_brimage.html,,https://gidstats.com/fighters/marcus_brimage.html,Marcus Brimage,1985-04-06,,41,name+opponents(8)+age,17,2007-03-17,2021-07-30,2,2026-10-07
http://ufcstats.com/fighter-details/81b8b3fb019dc69d,Antonio Dos Santos,ufcstats,gidstats,https://gidstats.com/fighters/antonio_dos_santos.html,,https://gidstats.com/fighters/antonio_dos_santos.html,Antonio dos Santos,1988-07-21,,38,name+opponents(2)+age,13,2009-05-16,2020-10-02,1,2026-10-07
http://ufcstats.com/fighter-details/81d2c551886bd5a1,Alice Pereira,ufcstats+card,gidstats,https://gidstats.com/fighters/alice_pereira.html,,https://gidstats.com/fighters/alice_pereira.html,Alice Pereira,2005-12-20,,19,name+opponents(1)+age,7,2023-08-18,2025-09-13,0,2026-10-07
http://ufcstats.com/fighter-details/81d9df19e255b8b6,Jarred Brooks,ufcstats,gidstats,https://gidstats.com/fighters/jarred_brooks.html,,https://gidstats.com/fighters/jarred_brooks.html,Jarred Brooks,1993-05-02,,33,name+opponents(4)+age,23,2014-08-09,2022-12-03,1,2026-10-07
http://ufcstats.com/fighter-details/82529ce93cd9a2cf,Anton Turkalj,ufcstats+dwcs,gidstats,https://gidstats.com/fighters/anton_turkalj.html,,https://gidstats.com/fighters/anton_turkalj.html,Anton Turkalj,1996-06-10,,30,name+opponents(5)+age,12,2018-12-10,2024-03-30,1,2026-10-07
http://ufcstats.com/fighter-details/826475cc758e60e6,Rob Wilkinson,ufcstats,gidstats,https://gidstats.com/fighters/rob_wilkinson.html,,https://gidstats.com/fighters/rob_wilkinson.html,Rob Wilkinson,1992-02-22,,34,name+opponents(2)+age,25,2011-10-15,2026-02-07,3,2026-10-07
http://ufcstats.com/fighter-details/8270c00fae24c922,Dileno Lopes,ufcstats,gidstats,https://gidstats.com/fighters/dileno_lopes.html,,https://gidstats.com/fighters/dileno_lopes.html,Dileno Lopes,1984-09-26,,42,name+opponents(2)+age,34,2007-07-04,2023-09-09,0,2026-10-07
http://ufcstats.com/fighter-details/82a5152216251682,Dan Ige,ufcstats+dwcs,gidstats,https://gidstats.com/fighters/dan_ige.html,,https://gidstats.com/fighters/dan_ige.html,Dan Ige,1991-08-06,,35,name+opponents(23)+age,30,2014-06-14,2026-02-21,0,2026-10-07
http://ufcstats.com/fighter-details/82b4e942781b1046,Raulian Paiva,ufcstats,gidstats,https://gidstats.com/fighters/raulian_paiva.html,,https://gidstats.com/fighters/raulian_paiva.html,Raulian Paiva,1995-10-17,,30,name+opponents(7)+age,29,2013-10-01,2024-09-08,0,2026-10-07
http://ufcstats.com/fighter-details/82cbb809d5ee565c,Mara Romero Borella,ufcstats,gidstats,https://gidstats.com/fighters/mara_romero_borella.html,,https://gidstats.com/fighters/mara_romero_borella.html,Mara Romero Borella,1986-06-03,,40,name+opponents(6)+age,23,2014-03-01,2020-09-19,0,2026-10-07
http://ufcstats.com/fighter-details/82d4c957649faf9b,Miguel Baeza,ufcstats+dwcs,gidstats,https://gidstats.com/fighters/miguel_baeza.html,,https://gidstats.com/fighters/miguel_baeza.html,Miguel Baeza,1992-08-23,,34,name+opponents(8)+age,14,2015-08-22,2024-06-08,1,2026-10-07
http://ufcstats.com/fighter-details/82e7929bf6c2b689,Diego Sanchez,ufcstats,gidstats,https://gidstats.com/fighters/diego_sanchez.html,,https://gidstats.com/fighters/diego_sanchez.html,Diego Sanchez,1981-12-31,,44,name+opponents(19)+age,47,2002-06-21,2022-03-11,4,2026-10-07
http://ufcstats.com/fighter-details/830f60497fab345a,Jamie Pickett,ufcstats+dwcs,gidstats,https://gidstats.com/fighters/jamie_pickett.html,,https://gidstats.com/fighters/jamie_pickett.html,Jamie Pickett,1988-08-29,,38,name+opponents(12)+age,24,2011-09-24,2024-03-02,0,2026-10-07
http://ufcstats.com/fighter-details/83455a9d17f57dae,Rafael Estevam,ufcstats,gidstats,https://gidstats.com/fighters/rafael_ramos.html,,https://gidstats.com/fighters/rafael_ramos.html,Rafael Estevam,1996-08-10,,29,name+opponents(3)+age,14,2015-06-26,2025-08-02,0,2026-10-07
http://ufcstats.com/fighter-details/8349d55cdecd393a,Antonio Silva,ufcstats,gidstats,https://gidstats.com/fighters/antonio_silva.html,,https://gidstats.com/fighters/antonio_silva.html,Antonio Silva,1979-09-14,,47,name+opponents(9)+age,35,2005-03-06,2023-06-10,3,2026-10-07
http://ufcstats.com/fighter-details/8355922d564b152c,Nate Diaz,ufcstats,gidstats,https://gidstats.com/fighters/nate_diaz.html,,https://gidstats.com/fighters/nate_diaz.html,Nate Diaz,1985-04-16,,41,name+opponents(17)+age,37,2004-10-21,2022-09-10,1,2026-10-07
http://ufcstats.com/fighter-details/837d30395faca41e,Sheila Gaff,ufcstats,gidstats,https://gidstats.com/fighters/sheila_gaff.html,,https://gidstats.com/fighters/sheila_gaff.html,Sheila Gaff,1989-12-29,,36,name+opponents(2)+age,20,2006-09-01,2019-02-23,0,2026-10-07
http://ufcstats.com/fighter-details/83825fad27ab3581,Joseph Gigliotti,ufcstats,gidstats,https://gidstats.com/fighters/joe_gigliotti.html,,https://gidstats.com/fighters/joe_gigliotti.html,Joe Gigliotti,1993-08-13,,33,alias+opponents(2)+age,10,2014-06-14,2022-07-23,0,2026-10-07
http://ufcstats.com/fighter-details/83a477a7dba1ca58,Clay Harvison,ufcstats,gidstats,https://gidstats.com/fighters/clay_harvison.html,,https://gidstats.com/fighters/clay_harvison.html,Clay Harvison,1980-09-25,,46,name+opponents(3)+age,24,2007-01-19,2019-10-12,0,2026-10-07
http://ufcstats.com/fighter-details/83b00f7597e5ac83,Juan Adams,ufcstats+dwcs,gidstats,https://gidstats.com/fighters/juan_adams.html,,https://gidstats.com/fighters/juan_adams.html,Juan Adams,1992-01-16,,34,name+opponents(5)+age,16,2017-06-23,2023-06-17,0,2026-10-07
http://ufcstats.com/fighter-details/83fd97284f4bb4a4,Efrain Escudero,ufcstats,gidstats,https://gidstats.com/fighters/efrain_escudero.html,,https://gidstats.com/fighters/efrain_escudero.html,Efrain Escudero,1986-01-15,,40,name+opponents(10)+age,52,2006-06-10,2023-06-23,0,2026-10-07
http://ufcstats.com/fighter-details/840d2c82ea68b9aa,Ben Nguyen,ufcstats,gidstats,https://gidstats.com/fighters/ben_nguyen.html,,https://gidstats.com/fighters/ben_nguyen.html,Ben Nguyen,1988-08-03,,38,name+opponents(7)+age,26,2006-12-02,2019-04-21,0,2026-10-07
http://ufcstats.com/fighter-details/841695e02c99a521,Mansur Abdul-Malik,ufcstats+dwcs,gidstats,https://gidstats.com/fighters/mansur_abdul-malik.html,,https://gidstats.com/fighters/mansur_abdul-malik.html,Mansur Abdul-Malik,1997-10-07,,29,name+opponents(7)+age,12,2021-10-23,2026-08-15,0,2026-10-07
http://ufcstats.com/fighter-details/84512339473dd300,Steven Koslow,ufcstats+card,gidstats,https://gidstats.com/fighters/steven_koslow.html,,https://gidstats.com/fighters/steven_koslow.html,Steven Koslow,1997-01-22,,29,name+opponents(2)+age,8,2019-05-04,2022-12-10,0,2026-10-07
http://ufcstats.com/fighter-details/849c5d9979df5357,Mateusz Rebecki,ufcstats+dwcs,gidstats,https://gidstats.com/fighters/mateusz_rbecki.html,,https://gidstats.com/fighters/mateusz_rbecki.html,Mateusz Rebecki,1992-10-03,,34,name+opponents(7)+age,24,2014-04-05,2025-10-25,0,2026-10-07
http://ufcstats.com/fighter-details/84ac950d4c1722dd,Duane Ludwig,ufcstats,gidstats,https://gidstats.com/fighters/duane_ludwig.html,,https://gidstats.com/fighters/duane_ludwig.html,Duane Ludwig,1978-08-04,,48,name+opponents(7)+age,35,2000-02-05,2012-09-29,23,2026-10-07
http://ufcstats.com/fighter-details/84b3e7d38f2d2ec5,Neil Magny,ufcstats,gidstats,https://gidstats.com/fighters/neil_magny.html,,https://gidstats.com/fighters/neil_magny.html,Neil Magny,1987-08-03,,39,name+opponents(38)+age,50,2010-08-07,2026-08-15,1,2026-10-07
http://ufcstats.com/fighter-details/84f727cf0166d6f2,Jose Johnson,ufcstats+dwcs,gidstats,https://gidstats.com/fighters/jose_johnson.html,,https://gidstats.com/fighters/jose_johnson.html,Jose Johnson,1995-05-20,,31,name+opponents(5)+age,26,2016-07-29,2025-01-11,1,2026-10-07
http://ufcstats.com/fighter-details/84ff027394f7e470,Gregor Gillespie,ufcstats,gidstats,https://gidstats.com/fighters/gregor_gillespie.html,,https://gidstats.com/fighters/gregor_gillespie.html,Gregor Gillespie,1986-11-13,,39,name+opponents(8)+age,15,2014-01-24,2021-05-08,0,2026-10-07
http://ufcstats.com/fighter-details/850266b3dc4e506e,Daniel Marcos,ufcstats+dwcs,gidstats,https://gidstats.com/fighters/daniel_marcos.html,,https://gidstats.com/fighters/daniel_marcos.html,Daniel Marcos,1993-03-07,,33,name+opponents(8)+age,20,2015-09-11,2025-11-08,0,2026-10-07
http://ufcstats.com/fighter-details/85073dbd1be65ed9,Greg Hardy,ufcstats+dwcs,gidstats,https://gidstats.com/fighters/greg_hardy.html,,https://gidstats.com/fighters/greg_hardy.html,Greg Hardy,1988-07-28,,38,name+opponents(12)+age,13,2018-06-12,2022-03-05,6,2026-10-07
http://ufcstats.com/fighter-details/852454c572675334,James Wilks,ufcstats,gidstats,https://gidstats.com/fighters/james_wilks.html,,https://gidstats.com/fighters/james_wilks.html,James Wilks,1978-05-04,,48,name+opponents(2)+age,14,2003-10-12,2010-10-16,0,2026-10-07
http://ufcstats.com/fighter-details/85248da6e9e2f7e7,Jamie Yager,ufcstats,gidstats,https://gidstats.com/fighters/jamie_yager.html,,https://gidstats.com/fighters/jamie_yager.html,Jamie Yager,1983-11-29,,42,name+opponents(1)+age,16,2008-02-18,2017-12-09,0,2026-10-07
http://ufcstats.com/fighter-details/853eb0dd5c0e2149,Kai Kara-France,ufcstats,gidstats,https://gidstats.com/fighters/kai_kara_france.html,,https://gidstats.com/fighters/kai_kara_france.html,Kai Kara-France,1993-03-26,,33,name+opponents(12)+age,40,2010-11-27,2025-06-28,0,2026-10-07
http://ufcstats.com/fighter-details/85497ffd934ecf7e,Jacobe Smith,ufcstats+dwcs,gidstats,https://gidstats.com/fighters/jacobe_smith.html,,https://gidstats.com/fighters/jacobe_smith.html,Jacobe Smith,1996-01-17,,30,name+opponents(5)+age,12,2021-10-08,2026-02-21,0,2026-10-07
http://ufcstats.com/fighter-details/85980f5da429c0a6,Shane del Rosario,ufcstats,gidstats,https://gidstats.com/fighters/shane_del_rosario.html,,https://gidstats.com/fighters/shane_del_rosario.html,Shane Del Rosario,1983-09-23,,,name+opponents(2),13,2006-08-04,2012-12-15,1,2026-10-07
http://ufcstats.com/fighter-details/85d0fafb8b75d634,Juan Manuel Puig,ufcstats,gidstats,https://gidstats.com/fighters/juan_puig.html,,https://gidstats.com/fighters/juan_puig.html,Juan Puig,1989-04-23,,37,alias+opponents(2)+age,15,2009-03-26,2014-11-22,0,2026-10-07
http://ufcstats.com/fighter-details/85ff1b9471d35238,Dmitry Sosnovskiy,ufcstats,gidstats,https://gidstats.com/fighters/dmitry_sosnovskiy.html,,https://gidstats.com/fighters/dmitry_sosnovskiy.html,Dmitry Sosnovskiy,1989-07-06,,37,name+opponents(1)+age,11,2012-10-13,2018-03-17,0,2026-10-07
http://ufcstats.com/fighter-details/86061eaba822bfea,John Teixeira,ufcstats,gidstats,https://gidstats.com/fighters/john_teixeira.html,,https://gidstats.com/fighters/john_teixeira.html,John Teixeira,1986-11-18,,39,name+opponents(1)+age,43,2007-09-12,2025-06-28,0,2026-10-07
http://ufcstats.com/fighter-details/8614b7134913f5d5,Jarjis Danho,ufcstats,gidstats,https://gidstats.com/fighters/jarjis_danho.html,,https://gidstats.com/fighters/jarjis_danho.html,Jarjis Danho,1983-10-15,,42,name+opponents(3)+age,9,2012-09-22,2021-04-10,0,2026-10-07
http://ufcstats.com/fighter-details/862b0b3375aa4b6e,Zarah Fairn,ufcstats,gidstats,https://gidstats.com/fighters/zarah_fairn.html,,https://gidstats.com/fighters/zarah_fairn.html,Zarah Fairn,1983-12-10,,42,name+opponents(4)+age,13,2013-04-20,2024-06-14,0,2026-10-07
http://ufcstats.com/fighter-details/8667caa0451d245b,Kennedy Nzechukwu,ufcstats+dwcs,gidstats,https://gidstats.com/fighters/kennedy_nzechukwu.html,,https://gidstats.com/fighters/kennedy_nzechukwu.html,Kennedy Nzechukwu,1992-06-13,,34,name+opponents(18)+age,21,2016-11-05,2025-12-13,0,2026-10-07
http://ufcstats.com/fighter-details/866fd7b1a6c90e7f,Dusko Todorovic,ufcstats+dwcs,gidstats,https://gidstats.com/fighters/dusko_todorovic.html,,https://gidstats.com/fighters/dusko_todorovic.html,Dusko Todorovic,1994-05-19,,32,name+opponents(12)+age,19,2015-09-19,2025-09-13,0,2026-10-07
http://ufcstats.com/fighter-details/8677e67a75d65b8e,Baergeng Jieleyisi,ufcstats,gidstats,https://gidstats.com/fighters/baergeng_jieleyisi.html,,https://gidstats.com/fighters/baergeng_jieleyisi.html,Baergeng Jieleyisi,1995-11-24,,30,name+age,25,2017-03-28,2024-11-23,0,2026-10-07
http://ufcstats.com/fighter-details/86bace9e4ad85542,Xiao Long,ufcstats+dwcs,gidstats,https://gidstats.com/fighters/long_xiao.html,,https://gidstats.com/fighters/long_xiao.html,Long Xiao,1998-04-13,,28,name+opponents(5)+age,38,2016-03-12,2026-03-07,5,2026-10-07
http://ufcstats.com/fighter-details/86d9dbe1bfcbade7,Julia Avila,ufcstats,gidstats,https://gidstats.com/fighters/julia_avila.html,,https://gidstats.com/fighters/julia_avila.html,Julia Avila,1988-05-11,,38,name+opponents(6)+age,13,2012-01-27,2025-02-15,0,2026-10-07
http://ufcstats.com/fighter-details/86dfed7cc24a9fa7,Matt Serra,ufcstats,gidstats,https://gidstats.com/fighters/matt_serra.html,,https://gidstats.com/fighters/matt_serra.html,Matt Serra,1974-06-02,,52,name+opponents(2)+age,18,1998-04-01,2010-09-25,3,2026-10-07
http://ufcstats.com/fighter-details/86f582852a5b240a,Mac Danzig,ufcstats,gidstats,https://gidstats.com/fighters/mac_danzig.html,,https://gidstats.com/fighters/mac_danzig.html,Mac Danzig,1980-01-02,,46,name+opponents(7)+age,38,2001-10-07,2017-08-04,0,2026-10-07
http://ufcstats.com/fighter-details/873626e5547b5235,Kyle Prepolec,ufcstats,gidstats,https://gidstats.com/fighters/kyle_prepolec.html,,https://gidstats.com/fighters/kyle_prepolec.html,Kyle Prepolec,1989-08-30,,37,name+opponents(4)+age,28,2008-10-18,2025-10-18,0,2026-10-07
http://ufcstats.com/fighter-details/874cfc98877daecd,Francesco Nuzzi,ufcstats,gidstats,https://gidstats.com/fighters/nuzzi_francesco.html,,https://gidstats.com/fighters/nuzzi_francesco.html,Francesco Nuzzi,1996-08-28,,30,name+age,15,2016-06-11,2026-04-11,3,2026-10-07
http://ufcstats.com/fighter-details/8765559b6a29a421,Gaetano Pirrello,ufcstats,gidstats,https://gidstats.com/fighters/gaetano_pirrello.html,,https://gidstats.com/fighters/gaetano_pirrello.html,Gaetano Pirrello,1992-04-29,,34,name+opponents(2)+age,25,2009-10-17,2025-07-05,0,2026-10-07
http://ufcstats.com/fighter-details/876f478f796495f7,Josh Quinlan,ufcstats+dwcs,gidstats,https://gidstats.com/fighters/josh_quinlan.html,,https://gidstats.com/fighters/josh_quinlan.html,Josh Quinlan,1993-02-06,,33,name+opponents(5)+age,11,2019-04-12,2024-11-03,0,2026-10-07
http://ufcstats.com/fighter-details/879b8df81523d91b,Nick Penner,ufcstats,gidstats,https://gidstats.com/fighters/nick_penner.html,,https://gidstats.com/fighters/nick_penner.html,Nick Penner,1980-03-26,,46,name+opponents(2)+age,14,2007-08-24,2012-12-14,0,2026-10-07
http://ufcstats.com/fighter-details/879f6cae48d25baa,Justin Lawrence,ufcstats,gidstats,https://gidstats.com/fighters/justin_lawrence.html,,https://gidstats.com/fighters/justin_lawrence.html,Justin Lawrence,1990-05-15,,36,name+opponents(3)+age,19,2010-12-04,2018-04-13,0,2026-10-07
http://ufcstats.com/fighter-details/87a1dc546b1c5caf,Makwan Amirkhani,ufcstats,gidstats,https://gidstats.com/fighters/makwan_amirkhani.html,,https://gidstats.com/fighters/makwan_amirkhani.html,Makwan Amirkhani,1988-11-08,,37,name+opponents(14)+age,28,2010-10-22,2024-06-08,0,2026-10-07
http://ufcstats.com/fighter-details/87aa9fb63d6b51a1,Zabit Magomedsharipov,ufcstats,gidstats,https://gidstats.com/fighters/zabit_magomedsharipov.html,,https://gidstats.com/fighters/zabit_magomedsharipov.html,Zabit Magomedsharipov,1991-03-01,,35,name+opponents(6)+age,19,2012-05-09,2019-11-09,0,2026-10-07
http://ufcstats.com/fighter-details/87c0b1c696ddfb43,Jonathan Pearce,ufcstats+dwcs,gidstats,https://gidstats.com/fighters/jonathan_pearce.html,,https://gidstats.com/fighters/jonathan_pearce.html,Jonathan Pearce,1992-05-01,,34,name+opponents(10)+age,21,2014-11-08,2024-10-12,0,2026-10-07
http://ufcstats.com/fighter-details/87e2468b986ebb79,Cameron VanCamp,ufcstats,gidstats,https://gidstats.com/fighters/cameron_vancamp.html,,https://gidstats.com/fighters/cameron_vancamp.html,Cameron VanCamp,1993-04-27,,33,name+opponents(2)+age,24,2014-04-04,2022-09-17,0,2026-10-07
http://ufcstats.com/fighter-details/87e4a3a5080ee7ce,Elisha Ellison,ufcstats,gidstats,https://gidstats.com/fighters/elisha_ellison.html,,https://gidstats.com/fighters/elisha_ellison.html,Elisha Ellison,1997-03-05,,29,name+opponents(2)+age,7,2023-12-08,2025-09-27,0,2026-10-07
http://ufcstats.com/fighter-details/87f19d19f4cb73f8,Magomed Bibulatov,ufcstats,gidstats,https://gidstats.com/fighters/magomed_bibulatov.html,,https://gidstats.com/fighters/magomed_bibulatov.html,Magomed Bibulatov,1988-08-22,,38,name+opponents(3)+age,25,2013-06-08,2024-10-04,0,2026-10-07
http://ufcstats.com/fighter-details/87f3bbf52e6c9dc9,Daniel Spohn,ufcstats+dwcs,gidstats,https://gidstats.com/fighters/daniel_spohn.html,,https://gidstats.com/fighters/daniel_spohn.html,Daniel Spohn,1984-10-12,,41,name+opponents(2)+age,32,2009-11-25,2023-06-08,1,2026-10-07
http://ufcstats.com/fighter-details/87f8699fdcc2c404,Alice Ardelean,ufcstats,gidstats,https://gidstats.com/fighters/alice_ardelean.html,,https://gidstats.com/fighters/alice_ardelean.html,Alice Ardelean,1992-04-19,,34,name+opponents(4)+age,20,2012-02-25,2025-11-01,0,2026-10-07
http://ufcstats.com/fighter-details/881bf86d4cba8578,Nassourdine Imavov,ufcstats,gidstats,https://gidstats.com/fighters/nassourdine_imavov.html,,https://gidstats.com/fighters/nassourdine_imavov.html,Nassourdine Imavov,1996-03-01,,30,name+opponents(12)+age,22,2016-02-04,2025-09-06,0,2026-10-07
http://ufcstats.com/fighter-details/882d62561063a927,Jamie Moyle,ufcstats,gidstats,https://gidstats.com/fighters/jamie_moyle.html,,https://gidstats.com/fighters/jamie_moyle.html,Jamie Moyle,1989-03-17,,37,name+opponents(3)+age,10,2014-11-01,2018-12-15,0,2026-10-07
http://ufcstats.com/fighter-details/886264a0c9f4ea5e,Andre Muniz,ufcstats+dwcs,gidstats,https://gidstats.com/fighters/andre_muniz.html,,https://gidstats.com/fighters/andre_muniz.html,Andre Muniz,1990-02-17,,36,name+opponents(11)+age,32,2009-04-03,2025-10-04,0,2026-10-07
http://ufcstats.com/fighter-details/8866c6f509c19089,Ryan Hall,ufcstats,gidstats,https://gidstats.com/fighters/ryan_hall.html,,https://gidstats.com/fighters/ryan_hall.html,Ryan Hall,1985-02-22,,41,name+opponents(6)+age,14,2006-04-29,2021-12-11,3,2026-10-07
http://ufcstats.com/fighter-details/887961364be5ceb3,King Green,ufcstats,gidstats,https://gidstats.com/fighters/bobby_green.html,,https://gidstats.com/fighters/bobby_green.html,Bobby Green,1986-09-09,,40,alias+opponents(31)+age,56,2008-01-19,2026-07-11,1,2026-10-07
http://ufcstats.com/fighter-details/88a9bc81271ccd89,Vinny Magalhaes,ufcstats,gidstats,https://gidstats.com/fighters/vinny_magalhaes.html,,https://gidstats.com/fighters/vinny_magalhaes.html,Vinny Magalhaes,1984-07-02,,42,name+opponents(3)+age,36,2006-11-11,2021-06-17,34,2026-10-07
http://ufcstats.com/fighter-details/88be62d6c1e6dadb,Jose Ochoa,ufcstats,gidstats,https://gidstats.com/fighters/jose_ochoa.html,,https://gidstats.com/fighters/jose_ochoa.html,Jose Ochoa,2000-12-31,,25,name+opponents(2)+age,11,2018-11-07,2025-07-26,0,2026-10-07
http://ufcstats.com/fighter-details/88cd34d836b4ebcd,Teruto Ishihara,ufcstats,gidstats,https://gidstats.com/fighters/teruto_ishihara.html,,https://gidstats.com/fighters/teruto_ishihara.html,Teruto Ishihara,1991-07-23,,35,name+opponents(9)+age,29,2011-04-03,2023-05-03,3,2026-10-07
http://ufcstats.com/fighter-details/88d7b6d8230e1f3f,Saparbeg Safarov,ufcstats,gidstats,https://gidstats.com/fighters/saparbeg_safarov.html,,https://gidstats.com/fighters/saparbeg_safarov.html,Saparbeg Safarov,1986-10-14,,39,name+opponents(4)+age,13,2010-11-20,2023-05-25,0,2026-10-07
http://ufcstats.com/fighter-details/893d51aaf024eddd,Jimy Hettes,ufcstats,gidstats,https://gidstats.com/fighters/jimy_hettes.html,,https://gidstats.com/fighters/jimy_hettes.html,Jimy Hettes,1987-06-09,,39,name+opponents(6)+age,14,2009-06-12,2015-04-18,0,2026-10-07
http://ufcstats.com/fighter-details/896c322f56b8be5a,George Sotiropoulos,ufcstats,gidstats,https://gidstats.com/fighters/george_sotiropoulos.html,,https://gidstats.com/fighters/george_sotiropoulos.html,George Sotiropoulos,1977-07-09,,49,name+opponents(7)+age,25,2004-11-20,2023-05-26,0,2026-10-07
http://ufcstats.com/fighter-details/89839250eb25c9c1,Caio Machado,ufcstats+dwcs,gidstats,https://gidstats.com/fighters/caio_machado.html,,https://gidstats.com/fighters/caio_machado.html,Caio Machado,1994-07-20,,,name+opponents(4),18,2017-02-18,2026-01-31,0,2026-10-07
http://ufcstats.com/fighter-details/899923ff6ab13917,Bevon Lewis,ufcstats+dwcs,gidstats,https://gidstats.com/fighters/bevon_lewis.html,,https://gidstats.com/fighters/bevon_lewis.html,Bevon Lewis,1991-05-05,,35,name+opponents(6)+age,14,2015-10-29,2025-08-15,0,2026-10-07
http://ufcstats.com/fighter-details/89a407032911e27e,Brendan Schaub,ufcstats,gidstats,https://gidstats.com/fighters/brendan_schaub.html,,https://gidstats.com/fighters/brendan_schaub.html,Brendan Schaub,1983-03-18,,43,name+opponents(8)+age,18,2008-06-13,2014-12-06,1,2026-10-07
http://ufcstats.com/fighter-details/89b8d1bf1ff09d1d,Tim Credeur,ufcstats,gidstats,https://gidstats.com/fighters/tim_credeur.html,,https://gidstats.com/fighters/tim_credeur.html,Tim Credeur,1977-07-09,,49,name+opponents(1)+age,16,2001-03-24,2011-06-04,5,2026-10-07
http://ufcstats.com/fighter-details/8a0be41c0380188d,Charlie Valencia,ufcstats,gidstats,https://gidstats.com/fighters/charlie_valencia.html,,https://gidstats.com/fighters/charlie_valencia.html,Charlie Valencia,1974-10-31,,51,name+opponents(1)+age,19,2000-03-11,2011-04-30,0,2026-10-07
http://ufcstats.com/fighter-details/8a1f3b5c526cd6e6,Daniel Rodriguez,ufcstats+dwcs,gidstats,https://gidstats.com/fighters/daniel_rodriguez.html,,https://gidstats.com/fighters/daniel_rodriguez.html,Daniel Rodriguez,1986-12-31,,39,name+opponents(16)+age,25,2015-06-14,2025-07-19,0,2026-10-07
http://ufcstats.com/fighter-details/8a304bfd6bf04a57,Demetrious Johnson,ufcstats,gidstats,https://gidstats.com/fighters/demetrious_johnson.html,,https://gidstats.com/fighters/demetrious_johnson.html,Demetrious Johnson,1986-08-13,,40,name+opponents(14)+age,30,2009-08-15,2023-05-05,1,2026-10-07
http://ufcstats.com/fighter-details/8a56ea383fd26e52,Galore Bofando,ufcstats,gidstats,https://gidstats.com/fighters/galore_bofando.html,,https://gidstats.com/fighters/galore_bofando.html,Galore Bofando,1982-05-22,,,name+opponents(2),9,2010-02-06,2019-06-22,0,2026-10-07
http://ufcstats.com/fighter-details/8a59d346dc976a10,Thiago Tavares,ufcstats,gidstats,https://gidstats.com/fighters/thiago_tavares.html,,https://gidstats.com/fighters/thiago_tavares.html,Thiago Tavares,1984-11-08,,41,name+opponents(11)+age,36,2003-11-01,2021-05-03,0,2026-10-07
http://ufcstats.com/fighter-details/8a65fd9ba31fd3f7,Zhang Mingyang,ufcstats,gidstats,https://gidstats.com/fighters/mingyang_zhang.html,,https://gidstats.com/fighters/mingyang_zhang.html,Zhang Mingyang,1998-08-16,,28,name+opponents(5)+age,27,2014-12-30,2026-05-30,0,2026-10-07
http://ufcstats.com/fighter-details/8a70ceb3edbe757b,Andrew Craig,ufcstats,gidstats,https://gidstats.com/fighters/andrew_craig.html,,https://gidstats.com/fighters/andrew_craig.html,Andrew Craig,1986-01-15,,40,name+opponents(7)+age,13,2010-05-22,2015-07-15,0,2026-10-07
http://ufcstats.com/fighter-details/8a8a84b743ae7699,Dennis Hallman,ufcstats,gidstats,https://gidstats.com/fighters/dennis_hallman.html,,https://gidstats.com/fighters/dennis_hallman.html,Dennis Hallman,1975-12-02,,50,name+opponents(4)+age,76,1996-05-18,2015-11-19,2,2026-10-07
http://ufcstats.com/fighter-details/8a9c6c4301f6d088,Danny Martinez,ufcstats,gidstats,https://gidstats.com/fighters/danny_martinez.html,,https://gidstats.com/fighters/danny_martinez.html,Danny Martinez,1985-06-14,,41,name+opponents(4)+age,31,2006-06-03,2017-10-08,0,2026-10-07
http://ufcstats.com/fighter-details/8abac218746e04ca,Takashi Sato,ufcstats,gidstats,https://gidstats.com/fighters/takashi_sato.html,,https://gidstats.com/fighters/takashi_sato.html,Takashi Sato,1990-06-09,,36,name+opponents(7)+age,23,2013-10-20,2023-05-20,0,2026-10-07
http://ufcstats.com/fighter-details/8abf70f79e9e27c2,Tor Troeng,ufcstats,gidstats,https://gidstats.com/fighters/tor_troeng.html,,https://gidstats.com/fighters/tor_troeng.html,Tor Troeng,1983-01-25,,43,name+opponents(4)+age,25,2006-09-03,2014-10-04,0,2026-10-07
http://ufcstats.com/fighter-details/8adcbd525fab8d9b,Elizeu Zaleski dos Santos,ufcstats,gidstats,https://gidstats.com/fighters/elizeu_dos_santos.html,,https://gidstats.com/fighters/elizeu_dos_santos.html,Elizeu Zaleski dos Santos,1986-12-11,,39,name+opponents(18)+age,36,2009-11-08,2025-08-02,0,2026-10-07
http://ufcstats.com/fighter-details/8b1b051038354655,Sofia Montenegro,ufcstats+dwcs,gidstats,https://gidstats.com/fighters/sofia_montenegro.html,,https://gidstats.com/fighters/sofia_montenegro.html,Sofia Montenegro,1999-06-18,,27,name+opponents(2)+age,8,2021-09-18,2025-09-23,1,2026-10-07
http://ufcstats.com/fighter-details/8b1ed83b02303075,Taylor Lapilus,ufcstats,gidstats,https://gidstats.com/fighters/taylor_lapilus.html,,https://gidstats.com/fighters/taylor_lapilus.html,Taylor Lapilus,1992-04-08,,34,name+opponents(7)+age,29,2012-03-31,2026-05-23,0,2026-10-07
http://ufcstats.com/fighter-details/8b260672a21d1fd6,John Cofer,ufcstats,gidstats,https://gidstats.com/fighters/john_cofer.html,,https://gidstats.com/fighters/john_cofer.html,John Cofer,1984-04-29,,42,name+opponents(2)+age,14,2008-05-17,2013-06-14,0,2026-10-07
http://ufcstats.com/fighter-details/8b5f9ea38184ded3,Nicholas Musoke,ufcstats,gidstats,https://gidstats.com/fighters/nico_musoke.html,,https://gidstats.com/fighters/nico_musoke.html,Nico Musoke,1986-04-05,,40,alias+opponents(6)+age,22,2007-11-17,2019-12-07,0,2026-10-07
http://ufcstats.com/fighter-details/8b69839f3555a67b,Martin Kampmann,ufcstats,gidstats,https://gidstats.com/fighters/martin_kampmann.html,,https://gidstats.com/fighters/martin_kampmann.html,Martin Kampmann,1982-04-17,,44,name+opponents(9)+age,28,2003-02-15,2013-08-28,1,2026-10-07
http://ufcstats.com/fighter-details/8b6e5dc2ba1edbe7,Sam Patterson,ufcstats+dwcs,gidstats,https://gidstats.com/fighters/sam_patterson.html,,https://gidstats.com/fighters/sam_patterson.html,Sam Patterson,1996-04-30,,30,name+opponents(6)+age,17,2017-04-29,2025-09-06,0,2026-10-07
http://ufcstats.com/fighter-details/8bb6f4479685bbcc,Vaughan Lee,ufcstats,gidstats,https://gidstats.com/fighters/vaughan_lee.html,,https://gidstats.com/fighters/vaughan_lee.html,Vaughan Lee,1982-10-15,,43,name+opponents(8)+age,29,2003-02-22,2018-03-24,0,2026-10-07
http://ufcstats.com/fighter-details/8bbc0cfc01bc1ba1,Leonardo Mafra,ufcstats,gidstats,https://gidstats.com/fighters/leonardo_mafra.html,,https://gidstats.com/fighters/leonardo_mafra.html,Leonardo Mafra,1989-04-25,,37,name+opponents(4)+age,24,2011-02-18,2022-07-30,0,2026-10-07
http://ufcstats.com/fighter-details/8bd4200561c77a62,Ketlen Souza,ufcstats+card,gidstats,https://gidstats.com/fighters/ketlen_souza.html,,https://gidstats.com/fighters/ketlen_souza.html,Ketlen Souza,1994-08-18,,31,name+opponents(8)+age,23,2016-12-10,2026-06-06,0,2026-10-07
http://ufcstats.com/fighter-details/8bdac25ce0bb874d,Ronda Rousey,ufcstats,gidstats,https://gidstats.com/fighters/rousey_ronda.html,,https://gidstats.com/fighters/rousey_ronda.html,Ronda Rousey,1987-02-01,,39,name+opponents(8)+age,14,2011-03-26,2016-12-30,11,2026-10-07
http://ufcstats.com/fighter-details/8be158ca1e5ea6a0,Dwight Grant,ufcstats+dwcs,gidstats,https://gidstats.com/fighters/dwight_grant.html,,https://gidstats.com/fighters/dwight_grant.html,Dwight Grant,1984-09-14,,42,name+opponents(9)+age,17,2011-05-21,2022-07-16,0,2026-10-07
http://ufcstats.com/fighter-details/8c020156779f7888,Melinda Fabian,ufcstats,gidstats,https://gidstats.com/fighters/melinda_fbin.html,,https://gidstats.com/fighters/melinda_fbin.html,Melinda Fábián,1987-06-25,,39,name+opponents(2)+age,12,2015-05-09,2019-10-26,1,2026-10-07
http://ufcstats.com/fighter-details/8c0580d4fff106c1,Kelvin Gastelum,ufcstats,gidstats,https://gidstats.com/fighters/kelvin_gastelum.html,,https://gidstats.com/fighters/kelvin_gastelum.html,Kelvin Gastelum,1991-10-24,,34,name+opponents(26)+age,36,2009-03-28,2026-04-11,0,2026-10-07
http://ufcstats.com/fighter-details/8c169fbe1ac33637,Loik Radzhabov,ufcstats,gidstats,https://gidstats.com/fighters/loik_radzhabov.html,,https://gidstats.com/fighters/loik_radzhabov.html,Loik Radzhabov,1990-09-17,,33,"name+opponents(4) AGE_CONFLICT(gid 33, dob 1990-09-17)",25,2012-10-05,2024-07-20,1,2026-10-07
http://ufcstats.com/fighter-details/8c1ca54b5089d199,Maheshate,ufcstats,gidstats,https://gidstats.com/fighters/maheshate.html,,https://gidstats.com/fighters/maheshate.html,Maheshate,1999-12-01,,26,name+opponents(5)+age,16,2019-06-14,2026-07-25,0,2026-10-07
http://ufcstats.com/fighter-details/8c39367b53eadf8a,Jesse Strader,ufcstats,gidstats,https://gidstats.com/fighters/strader_jesse.html,,https://gidstats.com/fighters/strader_jesse.html,Jesse Strader,1991-05-29,,35,name+opponents(2)+age,10,2017-09-30,2023-07-01,0,2026-10-07
http://ufcstats.com/fighter-details/8c57c7b8c3bab0eb,Nicolae Negumereanu,ufcstats,gidstats,https://gidstats.com/fighters/nicolae_negumereanu.html,,https://gidstats.com/fighters/nicolae_negumereanu.html,Nicolae Negumereanu,1994-09-04,,32,name+opponents(6)+age,15,2016-10-10,2022-11-12,0,2026-10-07
http://ufcstats.com/fighter-details/8c822811eedc11ad,Anton Zafir,ufcstats,gidstats,https://gidstats.com/fighters/anton_zafir.html,,https://gidstats.com/fighters/anton_zafir.html,Anton Zafir,1987-05-10,,39,name+opponents(2)+age,12,2012-06-01,2018-04-07,0,2026-10-07
http://ufcstats.com/fighter-details/8c8c92a12621d7e0,Chris Cope,ufcstats,gidstats,https://gidstats.com/fighters/chris_cope.html,,https://gidstats.com/fighters/chris_cope.html,Chris Cope,1983-03-05,,43,name+opponents(3)+age,15,2007-11-04,2014-01-24,1,2026-10-07
http://ufcstats.com/fighter-details/8cad40a75e5c97f5,Eddie Gordon,ufcstats,gidstats,https://gidstats.com/fighters/eddie_gordon.html,,https://gidstats.com/fighters/eddie_gordon.html,Eddie Gordon,1983-07-22,,43,name+opponents(4)+age,19,2011-06-17,2018-10-20,0,2026-10-07
http://ufcstats.com/fighter-details/8cb76103cd8a1562,Nick Pace,ufcstats,gidstats,https://gidstats.com/fighters/nick_pace.html,,https://gidstats.com/fighters/nick_pace.html,Nick Pace,1987-04-17,,39,name+opponents(3)+age,11,2008-11-21,2017-02-18,1,2026-10-07
http://ufcstats.com/fighter-details/8cb78f3a6c2a08f7,Leah Letson,ufcstats,gidstats,https://gidstats.com/fighters/leah_letson.html,,https://gidstats.com/fighters/leah_letson.html,Leah Letson,1992-08-21,,34,name+opponents(2)+age,9,2014-11-21,2021-11-13,0,2026-10-07
http://ufcstats.com/fighter-details/8ce87f7e3a9baed2,Tiago dos Santos e Silva,ufcstats,sherdog,https://www.sherdog.com/fighter/Tiago-dos-Santos-e-Silva-78479,https://www.sherdog.com/fighter/Tiago-dos-Santos-e-Silva-78479,,Tiago dos Santos e Silva,1987-04-12,1987-04-12,,name+dob,34,2009-05-29,2026-09-26,,2026-10-07
http://ufcstats.com/fighter-details/8d03ce87ca14e778,Francis Ngannou,ufcstats,gidstats,https://gidstats.com/fighters/francis_ngannou.html,,https://gidstats.com/fighters/francis_ngannou.html,Francis Ngannou,1986-09-05,,40,name+opponents(12)+age,21,2013-11-30,2024-10-19,2,2026-10-07
http://ufcstats.com/fighter-details/8d11d9c13e2ccdf7,Muhammad Naimov,ufcstats,gidstats,https://gidstats.com/fighters/muhammadjon_naimov.html,,https://gidstats.com/fighters/muhammadjon_naimov.html,Muhammadjon Naimov,1994-08-07,,32,alias+opponents(8)+age,17,2018-11-01,2025-12-06,0,2026-10-07
http://ufcstats.com/fighter-details/8d20d76af3f213ce,Joseph Holmes,ufcstats+dwcs,gidstats,https://gidstats.com/fighters/joseph_holmes.html,,https://gidstats.com/fighters/joseph_holmes.html,Joseph Holmes,1995-07-04,,31,name+opponents(5)+age,12,2019-03-22,2023-05-06,1,2026-10-07
http://ufcstats.com/fighter-details/8d3273573b85be09,Asu Almabayev,ufcstats+card,gidstats,https://gidstats.com/fighters/asu_almabaev.html,,https://gidstats.com/fighters/asu_almabaev.html,Asu Almabaev,1994-01-25,,32,alias+opponents(9)+age,27,2013-06-01,2026-06-27,2,2026-10-07
http://ufcstats.com/fighter-details/8d49545dadf9b919,Edgar Garcia,ufcstats,gidstats,https://gidstats.com/fighters/edgar_garcia.html,,https://gidstats.com/fighters/edgar_garcia.html,Edgar Garcia,1984-02-22,,42,name+opponents(2)+age,19,2007-06-30,2016-01-02,0,2026-10-07
http://ufcstats.com/fighter-details/8d5350fa18b79e9a,James Mulheron,ufcstats,gidstats,https://gidstats.com/fighters/james_mulheron.html,,https://gidstats.com/fighters/james_mulheron.html,James Mulheron,1988-02-20,,38,name+opponents(1)+age,15,2012-10-13,2019-05-04,0,2026-10-07
http://ufcstats.com/fighter-details/8d9586726252dbf7,Kevin Casey,ufcstats,gidstats,https://gidstats.com/fighters/kevin_casey.html,,https://gidstats.com/fighters/kevin_casey.html,Kevin Casey,1981-06-15,,45,name+opponents(7)+age,22,2007-09-17,2017-08-25,10,2026-10-07
http://ufcstats.com/fighter-details/8ddf9c51c5fdea75,Rousimar Palhares,ufcstats,gidstats,https://gidstats.com/fighters/rousimar_palhares.html,,https://gidstats.com/fighters/rousimar_palhares.html,Rousimar Palhares,1980-02-26,,46,name+opponents(8)+age,32,2004-05-10,2022-12-16,5,2026-10-07
http://ufcstats.com/fighter-details/8e1f36476ef02a6a,Jennifer Maia,ufcstats,gidstats,https://gidstats.com/fighters/jennifer_maia.html,,https://gidstats.com/fighters/jennifer_maia.html,Jennifer Maia,1988-10-06,,38,name+opponents(10)+age,34,2009-12-05,2024-12-13,2,2026-10-07
http://ufcstats.com/fighter-details/8e382b585a92affe,Phil Rowe,ufcstats,gidstats,https://gidstats.com/fighters/philip_rowe.html,,https://gidstats.com/fighters/philip_rowe.html,Philip Rowe,1990-07-18,,36,alias+opponents(9)+age,18,2014-10-11,2026-02-21,8,2026-10-07
http://ufcstats.com/fighter-details/8e4902b4a8045070,Hector Santiago,ufcstats,gidstats,https://gidstats.com/fighters/hector_santiago.html,,https://gidstats.com/fighters/hector_santiago.html,Hector Santiago,1993-03-21,,33,name+opponents(1)+age,7,2024-07-20,2026-05-23,8,2026-10-07
http://ufcstats.com/fighter-details/8e5bfd4e82352340,Pablo Garza,ufcstats,gidstats,https://gidstats.com/fighters/pablo_garza.html,,https://gidstats.com/fighters/pablo_garza.html,Pablo Garza,1983-09-16,,43,name+opponents(6)+age,17,2007-08-11,2013-04-06,0,2026-10-07
http://ufcstats.com/fighter-details/8e5d953bdb9ae5e7,Loopy Godinez,ufcstats,gidstats,https://gidstats.com/fighters/godinez_lupita.html,,https://gidstats.com/fighters/godinez_lupita.html,Loopy Godinez,1993-09-06,,33,name+opponents(15)+age,20,2018-06-30,2026-04-11,0,2026-10-07
http://ufcstats.com/fighter-details/8e6654e9f0461b8f,Cody Haddon,ufcstats+dwcs,gidstats,https://gidstats.com/fighters/cody_haddon.html,,https://gidstats.com/fighters/cody_haddon.html,Cody Haddon,1998-09-08,,28,name+opponents(3)+age,10,2020-10-10,2026-05-30,0,2026-10-07
http://ufcstats.com/fighter-details/8e893f269d5696b2,Tyler Toner,ufcstats,gidstats,https://gidstats.com/fighters/tyler_toner.html,,https://gidstats.com/fighters/tyler_toner.html,Tyler Toner,1983-03-31,,,name+opponents(1),23,2005-07-30,2014-04-11,1,2026-10-07
http://ufcstats.com/fighter-details/8e8e4487c621aa1c,Joe Ellenberger,ufcstats,gidstats,https://gidstats.com/fighters/joe_ellenberger.html,,https://gidstats.com/fighters/joe_ellenberger.html,Joe Ellenberger,1985-03-28,,41,name+opponents(2)+age,17,2005-04-09,2014-12-13,0,2026-10-07
http://ufcstats.com/fighter-details/8e9eb3fc86db0f7d,Marc-Andre Barriault,ufcstats+card,gidstats,https://gidstats.com/fighters/marc-andre_barriault.html,,https://gidstats.com/fighters/marc-andre_barriault.html,Marc-Andre Barriault,1990-02-18,,36,name+opponents(18)+age,28,2014-06-21,2026-02-07,0,2026-10-07
http://ufcstats.com/fighter-details/8eb046f83e82bf26,Martin Buday,ufcstats+dwcs,gidstats,https://gidstats.com/fighters/martin_buday.html,,https://gidstats.com/fighters/martin_buday.html,Martin Buday,1991-11-11,,34,name+opponents(9)+age,20,2015-10-23,2026-06-06,0,2026-10-07
http://ufcstats.com/fighter-details/8ebc3a8da015d70c,Cam Rowston,ufcstats+dwcs+card,gidstats,https://gidstats.com/fighters/cam_rowston.html,,https://gidstats.com/fighters/cam_rowston.html,Cam Rowston,1995-01-19,,31,name+opponents(4)+age,17,2016-11-26,2026-01-31,1,2026-10-07
http://ufcstats.com/fighter-details/8ef4a91ac694b7ce,Shayna Baszler,ufcstats,gidstats,https://gidstats.com/fighters/shayna_baszler.html,,https://gidstats.com/fighters/shayna_baszler.html,Shayna Baszler,1980-08-08,,46,name+opponents(2)+age,28,2003-10-31,2017-02-25,0,2026-10-07
http://ufcstats.com/fighter-details/8f0d576beba1cfcd,Matt Dwyer,ufcstats,gidstats,https://gidstats.com/fighters/matt_dwyer.html,,https://gidstats.com/fighters/matt_dwyer.html,Matt Dwyer,1989-12-17,,36,name+opponents(4)+age,20,2011-08-20,2022-12-01,0,2026-10-07
http://ufcstats.com/fighter-details/8f2939f5fd9cca1e,TJ Waldburger,ufcstats,gidstats,https://gidstats.com/fighters/tj_waldburger.html,,https://gidstats.com/fighters/tj_waldburger.html,TJ Waldburger,1988-04-25,,38,name+opponents(8)+age,25,2005-11-26,2014-02-22,0,2026-10-07
http://ufcstats.com/fighter-details/8f2deefe8c5dfb5d,Alberto Uda,ufcstats,gidstats,https://gidstats.com/fighters/uda_alberto.html,,https://gidstats.com/fighters/uda_alberto.html,Alberto Uda,1984-08-08,,42,name+opponents(2)+age,18,2011-02-27,2019-06-08,2,2026-10-07
http://ufcstats.com/fighter-details/8f382b3baa954d2a,Jessica Aguilar,ufcstats,gidstats,https://gidstats.com/fighters/jessica_aguilar.html,,https://gidstats.com/fighters/jessica_aguilar.html,Jessica Aguilar,1982-05-08,,44,name+opponents(5)+age,30,2006-02-18,2022-07-31,2,2026-10-07
http://ufcstats.com/fighter-details/8f3df4c579cfbb69,David Mitchell,ufcstats,gidstats,https://gidstats.com/fighters/david_mitchell.html,,https://gidstats.com/fighters/david_mitchell.html,David Mitchell,1979-10-24,,46,name+opponents(5)+age,29,2006-07-08,2017-03-11,3,2026-10-07
http://ufcstats.com/fighter-details/8f4528c10bd34fab,Mandel Nallo,ufcstats+dwcs+card,gidstats,https://gidstats.com/fighters/nallo_mandel.html,,https://gidstats.com/fighters/nallo_mandel.html,Mandel Nallo,1989-07-26,,37,name+opponents(3)+age,19,2012-11-30,2026-04-18,0,2026-10-07
http://ufcstats.com/fighter-details/8f4eeaf7a0df7c1a,Teemu Packalen,ufcstats,gidstats,https://gidstats.com/fighters/teemu_packalen.html,,https://gidstats.com/fighters/teemu_packalen.html,Teemu Packalen,1987-05-22,,39,name+opponents(4)+age,11,2012-10-27,2019-09-07,0,2026-10-07
http://ufcstats.com/fighter-details/8f5c8850b2484173,Mairbek Taisumov,ufcstats,gidstats,https://gidstats.com/fighters/mairbek_taisumov.html,,https://gidstats.com/fighters/mairbek_taisumov.html,Mairbek Taisumov,1988-08-08,,38,name+opponents(9)+age,33,2007-02-23,2019-09-07,0,2026-10-07
http://ufcstats.com/fighter-details/8f6a18831a120817,James Krause,ufcstats,gidstats,https://gidstats.com/fighters/james_krause.html,,https://gidstats.com/fighters/james_krause.html,James Krause,1986-06-04,,40,name+opponents(12)+age,40,2007-11-28,2020-10-17,4,2026-10-07
http://ufcstats.com/fighter-details/8f765fd5775a8873,Rinat Fakhretdinov,ufcstats,gidstats,https://gidstats.com/fighters/rinat_fakhretdinov.html,,https://gidstats.com/fighters/rinat_fakhretdinov.html,Rinat Fakhretdinov,1991-09-28,,35,name+opponents(7)+age,28,2013-06-05,2025-09-06,3,2026-10-07
http://ufcstats.com/fighter-details/8fc9ae9c7527dfcb,Callan Potter,ufcstats,gidstats,https://gidstats.com/fighters/callan_potter.html,,https://gidstats.com/fighters/callan_potter.html,Callan Potter,1984-06-09,,42,name+opponents(3)+age,26,2011-05-20,2020-02-22,0,2026-10-07
http://ufcstats.com/fighter-details/8fd808923cffff82,Andre Fili,ufcstats+card,gidstats,https://gidstats.com/fighters/andre_fili.html,,https://gidstats.com/fighters/andre_fili.html,Andre Fili,1990-06-25,,36,name+opponents(27)+age,40,2009-12-12,2026-06-20,1,2026-10-07
http://ufcstats.com/fighter-details/9014c02eff8b3d62,Carlos Ulberg,ufcstats,gidstats,https://gidstats.com/fighters/carlos_ulberg.html,,https://gidstats.com/fighters/carlos_ulberg.html,Carlos Ulberg,1990-11-07,,30,"name+opponents(10) AGE_CONFLICT(gid 30, dob 1990-11-07)",14,2011-08-26,2025-09-27,4,2026-10-07
http://ufcstats.com/fighter-details/901cddcbfa079097,Will Campuzano,ufcstats,gidstats,https://gidstats.com/fighters/will_campuzano.html,,https://gidstats.com/fighters/will_campuzano.html,Will Campuzano,1986-05-27,,40,name+opponents(4)+age,20,2008-07-18,2014-05-24,0,2026-10-07
http://ufcstats.com/fighter-details/902ab9197b83d0db,Phil Davis,ufcstats,gidstats,https://gidstats.com/fighters/davis_phil.html,,https://gidstats.com/fighters/davis_phil.html,Phil Davis,1984-09-25,,42,name+opponents(11)+age,34,2008-10-11,2025-06-27,0,2026-10-07
http://ufcstats.com/fighter-details/902ec2cc48c8ae8a,Julian Erosa,ufcstats+dwcs+card,gidstats,https://gidstats.com/fighters/julian_erosa.html,,https://gidstats.com/fighters/julian_erosa.html,Julian Erosa,1989-07-31,,37,name+opponents(20)+age,48,2010-10-02,2026-03-28,0,2026-10-07
http://ufcstats.com/fighter-details/907e60fd13407e1e,Bec Rawlings,ufcstats,gidstats,https://gidstats.com/fighters/bec_rawlings.html,,https://gidstats.com/fighters/bec_rawlings.html,Bec Rawlings,1989-02-11,,37,name+opponents(7)+age,18,2011-10-15,2020-02-22,6,2026-10-07
http://ufcstats.com/fighter-details/90da09db03e41748,Sergey Khandozhko,ufcstats,gidstats,https://gidstats.com/fighters/sergey_khandozhko.html,,https://gidstats.com/fighters/sergey_khandozhko.html,Sergey Khandozhko,1992-05-19,,34,name+opponents(3)+age,35,2011-07-30,2022-04-23,0,2026-10-07
http://ufcstats.com/fighter-details/90e0985df05e51bc,Ray Rodriguez,ufcstats+dwcs,gidstats,https://gidstats.com/fighters/ray_rodriguez.html,,https://gidstats.com/fighters/ray_rodriguez.html,Ray Rodriguez,1987-12-10,,38,name+opponents(3)+age,24,2012-06-30,2021-03-13,0,2026-10-07
http://ufcstats.com/fighter-details/91186547a7f3f758,Ricardo Almeida,ufcstats,gidstats,https://gidstats.com/fighters/ricardo_almeida.html,,https://gidstats.com/fighters/ricardo_almeida.html,Ricardo Almeida,1976-11-29,,49,name+opponents(4)+age,18,2000-12-09,2011-03-19,4,2026-10-07
http://ufcstats.com/fighter-details/9123c54d0a2b72dd,Christian Colombo,ufcstats,gidstats,https://gidstats.com/fighters/christian_colombo.html,,https://gidstats.com/fighters/christian_colombo.html,Christian Colombo,1980-07-01,,46,name+opponents(3)+age,13,2010-02-13,2018-06-09,1,2026-10-07
http://ufcstats.com/fighter-details/9147679e1a4ad4a3,Richardson Moreira,ufcstats,gidstats,https://gidstats.com/fighters/richardson_moreira.html,,https://gidstats.com/fighters/richardson_moreira.html,Richardson Moreira,1984-03-31,,42,name+opponents(2)+age,17,2010-11-06,2020-10-30,0,2026-10-07
http://ufcstats.com/fighter-details/914a897455693650,Carl Deaton,ufcstats,gidstats,https://gidstats.com/fighters/carl_deaton_iii.html,,https://gidstats.com/fighters/carl_deaton_iii.html,Carl Deaton III,1989-11-24,,36,name+opponents(2)+age,26,2011-09-03,2023-07-15,1,2026-10-07
http://ufcstats.com/fighter-details/915c8d39d4a0e7d1,Ramiro Hernandez,ufcstats,gidstats,https://gidstats.com/fighters/hernandez_ramiro.html,,https://gidstats.com/fighters/hernandez_ramiro.html,Ramiro Hernandez,1986-07-22,,40,name+opponents(2)+age,32,2008-04-25,2018-05-18,5,2026-10-07
http://ufcstats.com/fighter-details/917a5cb9821df261,Jeremy Kimball,ufcstats,gidstats,https://gidstats.com/fighters/jeremy_kimball.html,,https://gidstats.com/fighters/jeremy_kimball.html,Jeremy Kimball,1991-01-03,,35,name+opponents(4)+age,30,2010-01-30,2024-03-23,0,2026-10-07
http://ufcstats.com/fighter-details/917e53fa0adea0d3,Leonard Garcia,ufcstats,gidstats,https://gidstats.com/fighters/leonard_garcia.html,,https://gidstats.com/fighters/leonard_garcia.html,Leonard Garcia,1979-07-14,,47,name+opponents(5)+age,32,1999-05-01,2014-11-14,3,2026-10-07
http://ufcstats.com/fighter-details/91acd6910b802a9e,Chris Lytle,ufcstats,gidstats,https://gidstats.com/fighters/chris_lytle.html,,https://gidstats.com/fighters/chris_lytle.html,Chris Lytle,1974-08-18,,52,name+opponents(5)+age,54,1999-02-13,2011-08-14,7,2026-10-07
http://ufcstats.com/fighter-details/91dac5e69e28d5b5,Pannie Kianzad,ufcstats,gidstats,https://gidstats.com/fighters/pannie_kianzad.html,,https://gidstats.com/fighters/pannie_kianzad.html,Pannie Kianzad,1991-12-08,,34,name+opponents(10)+age,27,2012-04-14,2024-08-10,0,2026-10-07
http://ufcstats.com/fighter-details/91ea901c458e95dd,Jared Rosholt,ufcstats,gidstats,https://gidstats.com/fighters/jared_rosholt.html,,https://gidstats.com/fighters/jared_rosholt.html,Jared Rosholt,1986-08-04,,40,name+opponents(8)+age,28,2011-02-25,2019-12-31,0,2026-10-07
http://ufcstats.com/fighter-details/92437c6775b3f7d1,John Moraga,ufcstats,gidstats,https://gidstats.com/fighters/john_moraga.html,,https://gidstats.com/fighters/john_moraga.html,John Moraga,1984-03-20,,42,name+opponents(14)+age,26,2009-11-07,2018-08-25,5,2026-10-07
http://ufcstats.com/fighter-details/9256f591b30c073e,Felipe Lima,ufcstats,gidstats,https://gidstats.com/fighters/felipe_lima.html,,https://gidstats.com/fighters/felipe_lima.html,Felipe Lima,1998-05-07,,28,name+opponents(3)+age,16,2015-08-08,2025-06-28,0,2026-10-07
http://ufcstats.com/fighter-details/928ae2e5b5f7a9ec,Justine Kish,ufcstats,gidstats,https://gidstats.com/fighters/justine_kish.html,,https://gidstats.com/fighters/justine_kish.html,Justine Kish,1988-04-13,,38,name+opponents(7)+age,15,2010-12-03,2023-08-11,0,2026-10-07
http://ufcstats.com/fighter-details/92a9aa9c93192871,Darren Elkins,ufcstats,gidstats,https://gidstats.com/fighters/darren_elkins.html,,https://gidstats.com/fighters/darren_elkins.html,Darren Elkins,1984-05-16,,42,name+opponents(29)+age,41,2007-01-24,2025-04-12,0,2026-10-07
http://ufcstats.com/fighter-details/92aafa8f4b26269b,Walel Watson,ufcstats,gidstats,https://gidstats.com/fighters/walel_watson.html,,https://gidstats.com/fighters/walel_watson.html,Walel Watson,1984-07-16,,42,name+opponents(4)+age,30,2008-08-15,2023-06-03,2,2026-10-07
http://ufcstats.com/fighter-details/92aed9d16794f42b,Robert Ruchala,ufcstats,sherdog,https://www.sherdog.com/fighter/Robert-Ruchala-278203,https://www.sherdog.com/fighter/Robert-Ruchala-278203,,Robert Ruchala,1998-05-15,1998-05-15,,name+dob,14,2019-11-09,2026-04-04,,2026-10-07
http://ufcstats.com/fighter-details/92b36014314b028b,Peggy Morgan,ufcstats,gidstats,https://gidstats.com/fighters/peggy_morgan.html,,https://gidstats.com/fighters/peggy_morgan.html,Peggy Morgan,1979-12-16,,46,name+opponents(1)+age,10,2012-06-02,2016-07-29,0,2026-10-07
http://ufcstats.com/fighter-details/92b62174c175ce19,Clint Hester,ufcstats,gidstats,https://gidstats.com/fighters/clint_hester.html,,https://gidstats.com/fighters/clint_hester.html,Clint Hester,1986-11-21,,39,name+opponents(7)+age,19,2008-11-08,2016-04-23,0,2026-10-07
http://ufcstats.com/fighter-details/92fa1401b7927da3,Jake Collier,ufcstats,gidstats,https://gidstats.com/fighters/jake_collier.html,,https://gidstats.com/fighters/jake_collier.html,Jake Collier,1988-10-25,,37,name+opponents(14)+age,23,2010-11-19,2023-09-23,0,2026-10-07
http://ufcstats.com/fighter-details/9310418684bc896f,Pawel Pawlak,ufcstats,gidstats,https://gidstats.com/fighters/pawel_pawlak.html,,https://gidstats.com/fighters/pawel_pawlak.html,Pawel Pawlak,1989-02-08,,37,name+opponents(3)+age,31,2010-05-28,2026-04-18,0,2026-10-07
http://ufcstats.com/fighter-details/934de214814b8ff4,Jesse Bongfeldt,ufcstats,gidstats,https://gidstats.com/fighters/jesse_bongfeldt.html,,https://gidstats.com/fighters/jesse_bongfeldt.html,Jesse Bongfeldt,1980-08-28,,46,name+opponents(2)+age,32,2002-10-05,2019-04-12,0,2026-10-07
http://ufcstats.com/fighter-details/9384e71bca6c409d,Marco Tulio,ufcstats,gidstats,https://gidstats.com/fighters/marco_tulio_silva.html,,https://gidstats.com/fighters/marco_tulio_silva.html,Marco Tulio,1994-06-13,,32,name+opponents(3)+age,16,2017-06-10,2025-11-08,0,2026-10-07
http://ufcstats.com/fighter-details/938ad489fb7a1f31,Levan Makashvili,ufcstats,gidstats,https://gidstats.com/fighters/levan_makashvili.html,,https://gidstats.com/fighters/levan_makashvili.html,Levan Makashvili,1989-01-07,,37,name+opponents(3)+age,31,2011-09-17,2025-06-06,0,2026-10-07
http://ufcstats.com/fighter-details/93b2b7caa457cbea,James Llontop,ufcstats+dwcs,gidstats,https://gidstats.com/fighters/james_llontop.html,,https://gidstats.com/fighters/james_llontop.html,James Llontop,1999-08-02,,27,name+opponents(3)+age,22,2017-04-29,2025-07-24,0,2026-10-07
http://ufcstats.com/fighter-details/93b62c5f2ba18e51,Gustavo Lopez,ufcstats,gidstats,https://gidstats.com/fighters/gustavo_lopez.html,,https://gidstats.com/fighters/gustavo_lopez.html,Gustavo Lopez,1989-06-27,,37,name+opponents(3)+age,26,2012-07-14,2025-10-18,0,2026-10-07
http://ufcstats.com/fighter-details/93b9496275bbbf80,Seth Petruzelli,ufcstats,gidstats,https://gidstats.com/fighters/seth_petruzelli.html,,https://gidstats.com/fighters/seth_petruzelli.html,Seth Petruzelli,1979-12-03,,46,name+opponents(2)+age,24,2000-08-26,2013-06-19,3,2026-10-07
http://ufcstats.com/fighter-details/93f9c19ae41d2a97,Pavel Andrusca,ufcstats,gidstats,https://gidstats.com/fighters/pavel_andrusca.html,,https://gidstats.com/fighters/pavel_andrusca.html,Pavel Andrusca,2002-05-08,,24,name+opponents(1)+age,9,2021-03-13,2026-07-23,0,2026-10-07
http://ufcstats.com/fighter-details/94426bb170c88115,Sodiq Yusuff,ufcstats+dwcs,gidstats,https://gidstats.com/fighters/sodiq_yusuff.html,,https://gidstats.com/fighters/sodiq_yusuff.html,Sodiq Yusuff,1993-05-19,,33,name+opponents(11)+age,18,2016-04-16,2025-05-17,0,2026-10-07
http://ufcstats.com/fighter-details/9450848a71d53776,Lorenz Larkin,ufcstats,gidstats,https://gidstats.com/fighters/lorenz_larkin.html,,https://gidstats.com/fighters/lorenz_larkin.html,Lorenz Larkin,1986-09-03,,40,name+opponents(10)+age,37,2009-08-15,2024-09-07,0,2026-10-07
http://ufcstats.com/fighter-details/94508d80e1f885fc,Augusto Montano,ufcstats,gidstats,https://gidstats.com/fighters/augusto_montano.html,,https://gidstats.com/fighters/augusto_montano.html,Augusto Montano,1984-10-25,,41,name+opponents(3)+age,18,2008-11-28,2016-09-17,0,2026-10-07
http://ufcstats.com/fighter-details/94527830000ab715,Rani Yahya,ufcstats,gidstats,https://gidstats.com/fighters/rani_yahya.html,,https://gidstats.com/fighters/rani_yahya.html,Rani Yahya,1984-09-12,,41,name+opponents(20)+age,42,2002-09-14,2024-04-27,10,2026-10-07
http://ufcstats.com/fighter-details/946db8a378903cc3,Joe Giannetti,ufcstats,gidstats,https://gidstats.com/fighters/joe_giannetti.html,,https://gidstats.com/fighters/joe_giannetti.html,Joe Giannetti,1995-07-05,,31,name+opponents(1)+age,29,2016-06-18,2026-07-18,2,2026-10-07
http://ufcstats.com/fighter-details/947eccadb72f4f6f,Jesse Forbes,ufcstats,gidstats,https://gidstats.com/fighters/jesse_forbes.html,,https://gidstats.com/fighters/jesse_forbes.html,Jesse Forbes,1984-10-24,,41,name+opponents(2)+age,22,2005-07-16,2010-12-10,0,2026-10-07
http://ufcstats.com/fighter-details/948880beac71f028,Felipe Olivieri,ufcstats,gidstats,https://gidstats.com/fighters/felipe_olivieri.html,,https://gidstats.com/fighters/felipe_olivieri.html,Felipe Olivieri,1985-04-12,,40,name+opponents(1)+age,25,2007-07-21,2019-09-27,0,2026-10-07
http://ufcstats.com/fighter-details/9508cc6184cb2450,Eric McConico,ufcstats,gidstats,https://gidstats.com/fighters/eric_mcconico.html,,https://gidstats.com/fighters/eric_mcconico.html,Eric McConico,1990-05-09,,36,name+opponents(5)+age,16,2018-02-10,2026-04-25,2,2026-10-07
http://ufcstats.com/fighter-details/950d0ef5c17157c5,Maxim Grishin,ufcstats,gidstats,https://gidstats.com/fighters/maxim_grishin.html,,https://gidstats.com/fighters/maxim_grishin.html,Maxim Grishin,1984-05-02,,37,"name+opponents(5) AGE_CONFLICT(gid 37, dob 1984-05-02)",48,2008-05-24,2025-11-07,2,2026-10-07
http://ufcstats.com/fighter-details/955da1675ad58a50,Josh Hokit,ufcstats+dwcs+card,gidstats,https://gidstats.com/fighters/josh_hokit.html,,https://gidstats.com/fighters/josh_hokit.html,Josh Hokit,1997-11-12,,28,name+opponents(6)+age,10,2023-10-07,2026-06-14,0,2026-10-07
http://ufcstats.com/fighter-details/9560ff14eb3129f7,Giga Chikadze,ufcstats+dwcs,gidstats,https://gidstats.com/fighters/giga_chikadze.html,,https://gidstats.com/fighters/giga_chikadze.html,Giga Chikadze,1988-08-25,,38,name+opponents(14)+age,21,2015-12-18,2025-12-13,14,2026-10-07
http://ufcstats.com/fighter-details/95aff2fd8d09a5f0,Abdul Rakhman Yakhyaev,ufcstats+dwcs+card,gidstats,https://gidstats.com/fighters/abdulrakhman_yakhyaev.html,,https://gidstats.com/fighters/abdulrakhman_yakhyaev.html,Abdulrakhman Yakhyaev,2001-01-03,,25,name+opponents(4)+age,9,2021-11-12,2026-04-04,0,2026-10-07
http://ufcstats.com/fighter-details/960d6cae8879ba2b,Robert Peralta,ufcstats,gidstats,https://gidstats.com/fighters/robbie_peralta.html,,https://gidstats.com/fighters/robbie_peralta.html,Robbie Peralta,1986-03-14,,40,alias+opponents(8)+age,29,2007-03-03,2018-06-29,3,2026-10-07
http://ufcstats.com/fighter-details/96428b9e9bd048ea,Luke Sanders,ufcstats,gidstats,https://gidstats.com/fighters/luke_sanders.html,,https://gidstats.com/fighters/luke_sanders.html,Luke Sanders,1985-12-12,,40,name+opponents(8)+age,18,2011-01-07,2021-05-01,0,2026-10-07
http://ufcstats.com/fighter-details/9673a497a9da119a,Polyana Viana,ufcstats,gidstats,https://gidstats.com/fighters/polyana_viana.html,,https://gidstats.com/fighters/polyana_viana.html,Polyana Viana,1992-06-14,,34,name+opponents(12)+age,21,2013-12-14,2025-04-26,0,2026-10-07
http://ufcstats.com/fighter-details/96924b0019b3aff1,Gaston Bolanos,ufcstats+card,gidstats,https://gidstats.com/fighters/gaston_bolaos.html,,https://gidstats.com/fighters/gaston_bolaos.html,Gaston Bolaños,1992-09-14,,34,name+opponents(5)+age,14,2017-02-18,2026-06-20,9,2026-10-07
http://ufcstats.com/fighter-details/96c336b463e0662c,Frankie Perez,ufcstats,gidstats,https://gidstats.com/fighters/frankie_perez.html,,https://gidstats.com/fighters/frankie_perez.html,Frankie Perez,1989-05-11,,37,name+opponents(4)+age,15,2011-06-17,2018-06-08,0,2026-10-07
http://ufcstats.com/fighter-details/970beed85bc46b63,Delson Heleno,ufcstats,gidstats,https://gidstats.com/fighters/delson_heleno.html,,https://gidstats.com/fighters/delson_heleno.html,Delson Heleno,1977-11-16,,48,name+opponents(1)+age,43,2001-06-30,2018-08-18,5,2026-10-07
http://ufcstats.com/fighter-details/971246648e162f0d,Chase Hooper,ufcstats+dwcs,gidstats,https://gidstats.com/fighters/chase_hooper.html,,https://gidstats.com/fighters/chase_hooper.html,Chase Hooper,1999-09-13,,27,name+opponents(14)+age,22,2017-10-07,2026-03-28,3,2026-10-07
http://ufcstats.com/fighter-details/971dba22c622af12,Josefine Knutsson,ufcstats,gidstats,https://gidstats.com/fighters/j_knutsson.html,,https://gidstats.com/fighters/j_knutsson.html,Josefine Knutsson,1996-01-16,,,name+opponents(3),9,2021-03-06,2024-12-14,6,2026-10-07
http://ufcstats.com/fighter-details/972c456ff38b2015,Claudio Ribeiro,ufcstats+dwcs,gidstats,https://gidstats.com/fighters/claudio_ribeiro.html,,https://gidstats.com/fighters/claudio_ribeiro.html,Claudio Ribeiro,1992-07-17,,34,name+opponents(5)+age,19,2017-02-10,2025-07-11,0,2026-10-07
http://ufcstats.com/fighter-details/97a6bbe6e6566a94,Francisco Trevino,ufcstats,gidstats,https://gidstats.com/fighters/francisco_trevino.html,,https://gidstats.com/fighters/francisco_trevino.html,Francisco Trevino,1981-12-17,,44,name+opponents(3)+age,16,2008-08-02,2016-06-24,0,2026-10-07
http://ufcstats.com/fighter-details/97a8f39186f489db,Jeff Hougland,ufcstats,gidstats,https://gidstats.com/fighters/jeff_hougland.html,,https://gidstats.com/fighters/jeff_hougland.html,Jeff Hougland,1978-08-02,,48,name+opponents(3)+age,17,2002-07-12,2012-11-10,0,2026-10-07
http://ufcstats.com/fighter-details/97cf1a2c7c5e7889,Steve Garcia,ufcstats+dwcs,gidstats,https://gidstats.com/fighters/steve_garcia.html,,https://gidstats.com/fighters/steve_garcia.html,Steve Garcia,1992-05-22,,34,name+opponents(12)+age,25,2013-04-28,2026-06-14,0,2026-10-07
http://ufcstats.com/fighter-details/981ab7a0576f76a0,Julie Kedzie,ufcstats,gidstats,https://gidstats.com/fighters/julie_kedzie.html,,https://gidstats.com/fighters/julie_kedzie.html,Julie Kedzie,1981-03-18,,45,name+opponents(2)+age,29,2004-03-27,2013-12-06,0,2026-10-07
http://ufcstats.com/fighter-details/98215d037be5bcb7,Cynthia Calvillo,ufcstats,gidstats,https://gidstats.com/fighters/cynthia_calvillo.html,,https://gidstats.com/fighters/cynthia_calvillo.html,Cynthia Calvillo,1987-07-13,,39,name+opponents(12)+age,16,2016-08-27,2023-04-08,1,2026-10-07
http://ufcstats.com/fighter-details/984d15d5dc7bfcf9,James Bochnovic,ufcstats,gidstats,https://gidstats.com/fighters/james_bochnovic.html,,https://gidstats.com/fighters/james_bochnovic.html,James Bochnovic,1989-02-13,,37,name+opponents(2)+age,15,2014-08-09,2019-11-02,0,2026-10-07
http://ufcstats.com/fighter-details/98a58c26c5b1ed17,Patricio Pitbull,ufcstats,gidstats,https://gidstats.com/fighters/pitbull_patricio.html,,https://gidstats.com/fighters/pitbull_patricio.html,Patricio Pitbull,1987-07-07,,39,name+opponents(4)+age,46,2004-03-09,2026-04-11,0,2026-10-07
http://ufcstats.com/fighter-details/98a6b2361045898f,Dong Hyun Ma,ufcstats,gidstats,https://gidstats.com/fighters/dong_hyun_ma.html,,https://gidstats.com/fighters/dong_hyun_ma.html,Dong Hyun Ma,1988-09-09,,38,name+opponents(8)+age,30,2007-03-11,2019-12-21,0,2026-10-07
http://ufcstats.com/fighter-details/98aa60cf58071fd6,Kyoji Horiguchi,ufcstats+card,gidstats,https://gidstats.com/fighters/kyoji_horiguchi.html,,https://gidstats.com/fighters/kyoji_horiguchi.html,Kyoji Horiguchi,1990-10-12,,35,name+opponents(11)+age,44,2010-05-09,2026-06-20,1,2026-10-07
http://ufcstats.com/fighter-details/98b80a717b9bda17,Matt Hamill,ufcstats,gidstats,https://gidstats.com/fighters/matt_hamill.html,,https://gidstats.com/fighters/matt_hamill.html,Matt Hamill,1976-10-05,,50,name+opponents(6)+age,20,2006-06-24,2018-04-14,1,2026-10-07
http://ufcstats.com/fighter-details/98c23cb6da5b3352,Aleksei Oleinik,ufcstats,gidstats,https://gidstats.com/fighters/aleksei_oleinik.html,,https://gidstats.com/fighters/aleksei_oleinik.html,Aleksei Oleinik,1977-06-20,,49,name+opponents(17)+age,79,1996-11-10,2023-05-26,1,2026-10-07
http://ufcstats.com/fighter-details/98d961097baaf308,Shane Burgos,ufcstats,gidstats,https://gidstats.com/fighters/shane_burgos.html,,https://gidstats.com/fighters/shane_burgos.html,Shane Burgos,1991-03-19,,35,name+opponents(9)+age,21,2013-07-26,2023-08-23,0,2026-10-07
http://ufcstats.com/fighter-details/98e946879ba20c0f,Boston Salmon,ufcstats+dwcs,gidstats,https://gidstats.com/fighters/boston_salmon.html,,https://gidstats.com/fighters/boston_salmon.html,Boston Salmon,1990-11-20,,35,name+opponents(3)+age,12,2014-01-24,2022-04-28,0,2026-10-07
http://ufcstats.com/fighter-details/98ec9f385cca47fc,Besam Yousef,ufcstats,gidstats,https://gidstats.com/fighters/besam_yousef.html,,https://gidstats.com/fighters/besam_yousef.html,Besam Yousef,1985-03-25,,41,name+opponents(2)+age,11,2008-05-10,2014-11-29,0,2026-10-07
http://ufcstats.com/fighter-details/98f6da59d765ec94,Charlie Brenneman,ufcstats,gidstats,https://gidstats.com/fighters/charlie_brenneman.html,,https://gidstats.com/fighters/charlie_brenneman.html,Charlie Brenneman,1981-02-09,,45,name+opponents(11)+age,27,2007-07-28,2014-11-08,0,2026-10-07
http://ufcstats.com/fighter-details/990bd63726a577f8,Tim Williams,ufcstats,gidstats,https://gidstats.com/fighters/tim_williams.html,,https://gidstats.com/fighters/tim_williams.html,Tim Williams,1986-07-03,,40,name+opponents(2)+age,23,2009-11-20,2018-08-25,5,2026-10-07
http://ufcstats.com/fighter-details/9911989cf48b195d,Fabia Sintes,ufcstats,sherdog,https://www.sherdog.com/fighter/Fabia-Sintes-258937,https://www.sherdog.com/fighter/Fabia-Sintes-258937,,Fabia Sintes,1994-07-27,1994-07-27,,name+dob,15,2019-06-08,2026-09-05,,2026-10-07
http://ufcstats.com/fighter-details/99223fbb4a05326b,Damian Rzepecki,ufcstats,sherdog,https://www.sherdog.com/fighter/Damian-Rzepecki-343575,https://www.sherdog.com/fighter/Damian-Rzepecki-343575,,Damian Rzepecki,2001-11-23,2001-11-23,,name+dob,11,2021-12-04,2026-07-25,,2026-10-07
http://ufcstats.com/fighter-details/993d385f5a475375,Andy Enz,ufcstats,gidstats,https://gidstats.com/fighters/andy_enz.html,,https://gidstats.com/fighters/andy_enz.html,Andy Enz,1991-08-15,,35,name+opponents(3)+age,15,2010-02-10,2015-01-31,0,2026-10-07
http://ufcstats.com/fighter-details/99506df1af6c8b3b,John Dodson,ufcstats,gidstats,https://gidstats.com/fighters/john_dodson.html,,https://gidstats.com/fighters/john_dodson.html,John Dodson,1984-09-26,,42,name+opponents(16)+age,42,2004-09-03,2025-05-04,5,2026-10-07
http://ufcstats.com/fighter-details/99bcdf5eac39898f,Jordan Johnson,ufcstats,sherdog,https://www.sherdog.com/fighter/Jordan-Johnson-124405,https://www.sherdog.com/fighter/Jordan-Johnson-124405,,Jordan Johnson,1988-11-18,1988-11-18,,name+dob,15,2014-04-05,2019-12-31,,2026-10-07
http://ufcstats.com/fighter-details/99bd51917728c25d,Grant Dawson,ufcstats+dwcs+card,gidstats,https://gidstats.com/fighters/grant_dawson.html,,https://gidstats.com/fighters/grant_dawson.html,Grant Dawson,1994-02-20,,32,name+opponents(16)+age,28,2014-08-29,2026-05-09,1,2026-10-07
http://ufcstats.com/fighter-details/99bd87a300079ed9,Erik Koch,ufcstats,gidstats,https://gidstats.com/fighters/erik_koch.html,,https://gidstats.com/fighters/erik_koch.html,Erik Koch,1988-10-04,,38,name+opponents(9)+age,22,2007-01-06,2019-07-27,0,2026-10-07
http://ufcstats.com/fighter-details/99c7610aa74995d3,Cathal Pendred,ufcstats,gidstats,https://gidstats.com/fighters/cathal_pendred.html,,https://gidstats.com/fighters/cathal_pendred.html,Cathal Pendred,1987-09-02,,39,name+opponents(6)+age,23,2009-02-20,2015-10-24,0,2026-10-07
http://ufcstats.com/fighter-details/99df7d0a2a08a8a8,Jan Blachowicz,ufcstats,gidstats,https://gidstats.com/fighters/jan_blachowicz.html,,https://gidstats.com/fighters/jan_blachowicz.html,Jan Blachowicz,1983-02-24,,43,name+opponents(21)+age,43,2007-02-25,2025-12-06,0,2026-10-07
http://ufcstats.com/fighter-details/9a2d3567abc02e34,Tae Hyun Bang,ufcstats,gidstats,https://gidstats.com/fighters/tae_hyun_bang.html,,https://gidstats.com/fighters/tae_hyun_bang.html,Tae Hyun Bang,1983-04-15,,43,name+opponents(5)+age,28,2004-07-17,2016-09-03,0,2026-10-07
http://ufcstats.com/fighter-details/9a97acbfd5a08bfa,David Martinez,ufcstats+dwcs,gidstats,https://gidstats.com/fighters/david_martinez_1.html,,https://gidstats.com/fighters/david_martinez_1.html,David Martinez,1998-08-03,,28,name+opponents(4)+age,16,2016-02-20,2026-02-28,0,2026-10-07
http://ufcstats.com/fighter-details/9ab9912e0f8fa6d6,Cory Hendricks,ufcstats,gidstats,https://gidstats.com/fighters/hendricks_cory.html,,https://gidstats.com/fighters/hendricks_cory.html,Cory Hendricks,1988-05-10,,38,name+opponents(1)+age,17,2014-11-08,2023-04-01,0,2026-10-07
http://ufcstats.com/fighter-details/9abc648e76c4493a,Bill Algeo,ufcstats+dwcs,gidstats,https://gidstats.com/fighters/bill_algeo.html,,https://gidstats.com/fighters/bill_algeo.html,Bill Algeo,1989-06-09,,37,name+opponents(11)+age,27,2012-06-01,2024-07-20,2,2026-10-07
http://ufcstats.com/fighter-details/9ac4e43ed56429ed,Levi Rodrigues Jr.,ufcstats+dwcs,gidstats,https://gidstats.com/fighters/levi_rodrigues.html,,https://gidstats.com/fighters/levi_rodrigues.html,Levi Rodrigues,1996-10-15,,29,name+opponents(2)+age,6,2022-07-16,2025-10-14,0,2026-10-07
http://ufcstats.com/fighter-details/9ada30894bf04e19,David Dvorak,ufcstats,gidstats,https://gidstats.com/fighters/david_dvorak.html,,https://gidstats.com/fighters/david_dvorak.html,David Dvorak,1992-06-05,,34,name+opponents(6)+age,29,2010-06-06,2025-12-28,1,2026-10-07
http://ufcstats.com/fighter-details/9b198c73e3d0d289,Justin Salas,ufcstats,gidstats,https://gidstats.com/fighters/justin_salas.html,,https://gidstats.com/fighters/justin_salas.html,Justin Salas,1982-03-13,,44,name+opponents(7)+age,19,2006-05-13,2016-03-05,0,2026-10-07
http://ufcstats.com/fighter-details/9b1e3fb4f8cbd5b7,Ricky Rainey,ufcstats,gidstats,https://gidstats.com/fighters/ricky_rainey.html,,https://gidstats.com/fighters/ricky_rainey.html,Ricky Rainey,1983-06-29,,43,name+opponents(2)+age,19,2011-08-06,2018-11-30,2,2026-10-07
http://ufcstats.com/fighter-details/9b68bf67c5695185,Todd Brown,ufcstats,gidstats,https://gidstats.com/fighters/todd_brown.html,,https://gidstats.com/fighters/todd_brown.html,Todd Brown,1976-12-13,,49,name+opponents(2)+age,21,2005-05-28,2013-04-13,0,2026-10-07
http://ufcstats.com/fighter-details/9b74de674c355425,Paul Taylor,ufcstats,gidstats,https://gidstats.com/fighters/paul_taylor.html,,https://gidstats.com/fighters/paul_taylor.html,Paul Taylor,1979-12-15,,46,name+opponents(2)+age,19,2002-09-07,2011-02-05,0,2026-10-07
http://ufcstats.com/fighter-details/9b7694d064a8a0ad,Rustam Khabilov,ufcstats,gidstats,https://gidstats.com/fighters/rustam_khabilov.html,,https://gidstats.com/fighters/rustam_khabilov.html,Rustam Khabilov,1986-11-04,,39,name+opponents(13)+age,28,2007-08-03,2019-11-09,0,2026-10-07
http://ufcstats.com/fighter-details/9b7dfb3b7d99926a,Vanessa Melo,ufcstats,gidstats,https://gidstats.com/fighters/vanessa_melo.html,,https://gidstats.com/fighters/vanessa_melo.html,Vanessa Melo,1988-03-27,,38,name+opponents(4)+age,21,2011-09-14,2022-07-01,0,2026-10-07
http://ufcstats.com/fighter-details/9ba2226646046b63,Frankie Saenz,ufcstats,gidstats,https://gidstats.com/fighters/frankie_saenz.html,,https://gidstats.com/fighters/frankie_saenz.html,Frankie Saenz,1980-08-12,,46,name+opponents(10)+age,19,2010-10-15,2020-08-01,0,2026-10-07
http://ufcstats.com/fighter-details/9bcf8603ceb25680,Dong Hyun Kim,ufcstats,gidstats,https://gidstats.com/fighters/dong_hyun_kim.html,,https://gidstats.com/fighters/dong_hyun_kim.html,Dong Hyun Kim,1981-11-17,,44,name+opponents(14)+age,28,2004-04-10,2017-06-17,0,2026-10-07
http://ufcstats.com/fighter-details/9be6020024133293,Cyril Asker,ufcstats,gidstats,https://gidstats.com/fighters/cyril_asker.html,,https://gidstats.com/fighters/cyril_asker.html,Cyril Asker,1985-12-24,,40,name+opponents(5)+age,13,2012-03-16,2018-02-10,0,2026-10-07
http://ufcstats.com/fighter-details/9c27f3217891f3f0,Kris Moutinho,ufcstats,gidstats,https://gidstats.com/fighters/kris_moutinho.html,,https://gidstats.com/fighters/kris_moutinho.html,Kris Moutinho,1992-08-09,,34,name+opponents(4)+age,22,2016-09-23,2026-02-28,2,2026-10-07
http://ufcstats.com/fighter-details/9c393e836a852f30,Mauricio Ruffy,ufcstats+dwcs,gidstats,https://gidstats.com/fighters/mauricio_ruffy.html,,https://gidstats.com/fighters/mauricio_ruffy.html,Mauricio Ruffy,1996-06-17,,30,name+opponents(6)+age,16,2016-09-18,2026-06-14,0,2026-10-07
http://ufcstats.com/fighter-details/9c42a0de8e012870,Kelly Faszholz,ufcstats,gidstats,https://gidstats.com/fighters/kelly_faszholz.html,,https://gidstats.com/fighters/kelly_faszholz.html,Kelly Faszholz,1985-04-09,,42,name+opponents(2)+age,6,2013-06-22,2017-05-20,0,2026-10-07
http://ufcstats.com/fighter-details/9c442aaf149ea982,Shauna Bannon,ufcstats,gidstats,https://gidstats.com/fighters/shauna_bannon.html,,https://gidstats.com/fighters/shauna_bannon.html,Shauna Bannon,1993-10-23,,32,name+opponents(5)+age,9,2022-04-09,2025-09-06,0,2026-10-07
http://ufcstats.com/fighter-details/9c44f290f5726d95,Martin Bravo,ufcstats,gidstats,https://gidstats.com/fighters/martin_bravo.html,,https://gidstats.com/fighters/martin_bravo.html,Martin Bravo,1993-09-21,,33,name+opponents(4)+age,20,2012-04-28,2023-06-18,0,2026-10-07
http://ufcstats.com/fighter-details/9c65736747ca92ec,Leonardo Santos,ufcstats,gidstats,https://gidstats.com/fighters/leonardo_santos.html,,https://gidstats.com/fighters/leonardo_santos.html,Leonardo Santos,1980-02-05,,46,name+opponents(11)+age,29,2002-06-29,2022-08-20,10,2026-10-07
http://ufcstats.com/fighter-details/9c669abd35b2522f,Greg Soto,ufcstats,gidstats,https://gidstats.com/fighters/greg_soto.html,,https://gidstats.com/fighters/greg_soto.html,Greg Soto,1986-06-03,,40,name+opponents(3)+age,13,2006-09-30,2017-02-18,0,2026-10-07
http://ufcstats.com/fighter-details/9c907996820d2d69,Jimmie Rivera,ufcstats,gidstats,https://gidstats.com/fighters/jimmie_rivera.html,,https://gidstats.com/fighters/jimmie_rivera.html,Jimmie Rivera,1989-06-29,,37,name+opponents(10)+age,29,2008-09-12,2021-02-27,5,2026-10-07
http://ufcstats.com/fighter-details/9ccf8371fd80d45d,Luan Chagas,ufcstats,gidstats,https://gidstats.com/fighters/luan_chagas.html,,https://gidstats.com/fighters/luan_chagas.html,Luan Chagas,1993-06-17,,33,name+opponents(4)+age,19,2012-07-28,2018-04-21,0,2026-10-07
http://ufcstats.com/fighter-details/9cd047a828dd7515,KB Bhullar,ufcstats,gidstats,https://gidstats.com/fighters/kb_bhullar.html,,https://gidstats.com/fighters/kb_bhullar.html,KB Bhullar,1991-10-12,,34,name+opponents(2)+age,17,2012-02-11,2023-03-31,1,2026-10-07
http://ufcstats.com/fighter-details/9cdd2da1a9104a0b,Macy Chiasson,ufcstats+card,gidstats,https://gidstats.com/fighters/macy_chiasson.html,,https://gidstats.com/fighters/macy_chiasson.html,Macy Chiasson,1991-07-27,,35,name+opponents(14)+age,18,2017-10-21,2026-02-28,0,2026-10-07
http://ufcstats.com/fighter-details/9ce6d5a03af801b7,Darren Till,ufcstats,gidstats,https://gidstats.com/fighters/darren_till.html,,https://gidstats.com/fighters/darren_till.html,Darren Till,1992-12-24,,33,name+opponents(12)+age,24,2013-02-23,2022-12-10,0,2026-10-07
http://ufcstats.com/fighter-details/9cfbfae5fa1fdd93,Geraldo de Freitas,ufcstats,gidstats,https://gidstats.com/fighters/geraldo_de_freitas_jr.html,,https://gidstats.com/fighters/geraldo_de_freitas_jr.html,Geraldo de Freitas Jr.,1991-09-30,,35,name+opponents(3)+age,22,2012-05-26,2024-11-23,0,2026-10-07
http://ufcstats.com/fighter-details/9d19d9e4aa2662e8,Nicolas Dalby,ufcstats,gidstats,https://gidstats.com/fighters/nicolas_dalby.html,,https://gidstats.com/fighters/nicolas_dalby.html,Nicolas Dalby,1984-11-16,,41,name+opponents(15)+age,33,2010-03-06,2025-11-22,0,2026-10-07
http://ufcstats.com/fighter-details/9d51798e61f2e0c7,Kurtis Campbell,ufcstats+dwcs,gidstats,https://gidstats.com/fighters/kurtis_campbell.html,,https://gidstats.com/fighters/kurtis_campbell.html,Kurtis Campbell,2002-07-29,,24,name+opponents(2)+age,9,2022-12-17,2026-03-21,0,2026-10-07
http://ufcstats.com/fighter-details/9d62c2d8ee151f08,Karine Silva,ufcstats+dwcs+card,gidstats,https://gidstats.com/fighters/karine_silva.html,,https://gidstats.com/fighters/karine_silva.html,Karine Silva,1993-12-02,,32,name+opponents(10)+age,26,2013-06-15,2026-04-18,0,2026-10-07
http://ufcstats.com/fighter-details/9d83f6da776ff7d6,Roman Kopylov,ufcstats,gidstats,https://gidstats.com/fighters/roman_kopylov.html,,https://gidstats.com/fighters/roman_kopylov.html,Roman Kopylov,1992-05-04,,34,name+opponents(13)+age,20,2016-04-01,2026-05-09,0,2026-10-07
http://ufcstats.com/fighter-details/9ddfb3369a3b0394,Antonio Banuelos,ufcstats,gidstats,https://gidstats.com/fighters/antonio_banuelos.html,,https://gidstats.com/fighters/antonio_banuelos.html,Antonio Banuelos,1979-09-23,,47,name+opponents(1)+age,32,2001-06-15,2014-08-07,0,2026-10-07
http://ufcstats.com/fighter-details/9dedfdd91070ddd8,Victoria Leonardo,ufcstats+dwcs,gidstats,https://gidstats.com/fighters/leonardo_victoria.html,,https://gidstats.com/fighters/leonardo_victoria.html,Victoria Leonardo,1990-02-16,,36,name+opponents(5)+age,18,2018-05-25,2025-02-07,2,2026-10-07
http://ufcstats.com/fighter-details/9deff9e3e8d94d47,Josh Samman,ufcstats,gidstats,https://gidstats.com/fighters/josh_samman.html,,https://gidstats.com/fighters/josh_samman.html,Josh Samman,1988-03-14,,,name+opponents(5),20,2007-06-23,2016-07-13,0,2026-10-07
http://ufcstats.com/fighter-details/9e50097a89442158,Mickey Gall,ufcstats,gidstats,https://gidstats.com/fighters/mickey_gall.html,,https://gidstats.com/fighters/mickey_gall.html,Mickey Gall,1992-01-22,,34,name+opponents(13)+age,14,2015-11-21,2024-11-16,0,2026-10-07
http://ufcstats.com/fighter-details/9e8f6c728eb01124,Justin Gaethje,ufcstats,gidstats,https://gidstats.com/fighters/justin_gaethje.html,,https://gidstats.com/fighters/justin_gaethje.html,Justin Gaethje,1988-11-14,,37,name+opponents(14)+age,33,2011-08-20,2026-06-14,0,2026-10-07
http://ufcstats.com/fighter-details/9e92e1ca498d7244,Fernie Garcia,ufcstats+dwcs,gidstats,https://gidstats.com/fighters/fernie_garcia.html,,https://gidstats.com/fighters/fernie_garcia.html,Fernie Garcia,1992-04-12,,34,name+opponents(5)+age,15,2015-11-07,2024-02-10,0,2026-10-07
http://ufcstats.com/fighter-details/9eb069062a0cfc13,Nolan Ticman,ufcstats,gidstats,https://gidstats.com/fighters/nolan_ticman.html,,https://gidstats.com/fighters/nolan_ticman.html,Nolan Ticman,1988-05-17,,38,name+opponents(2)+age,7,2009-11-28,2015-05-16,1,2026-10-07
http://ufcstats.com/fighter-details/9edf2c9082cc2cd8,Blood Diamond,ufcstats,gidstats,https://gidstats.com/fighters/mike_diamond.html,,https://gidstats.com/fighters/mike_diamond.html,Blood Diamond,1988-07-10,,38,name+opponents(3)+age,6,2017-05-06,2023-09-09,3,2026-10-07
http://ufcstats.com/fighter-details/9eed2bcc9e0b92af,Leon Shahbazyan,ufcstats+dwcs+card,gidstats,https://gidstats.com/fighters/shahbazyan_leon.html,,https://gidstats.com/fighters/shahbazyan_leon.html,Leon Shahbazyan,1995-11-18,,30,name+opponents(3)+age,17,2016-06-25,2026-06-20,0,2026-10-07
http://ufcstats.com/fighter-details/9eef6584fab21fbb,Cindy Dandois,ufcstats,gidstats,https://gidstats.com/fighters/cindy_dandois.html,,https://gidstats.com/fighters/cindy_dandois.html,Cindy Dandois,1984-10-26,,41,name+opponents(1)+age,24,2009-01-24,2022-05-29,1,2026-10-07
http://ufcstats.com/fighter-details/9f1641c08cf8fbe2,Shannon Gugerty,ufcstats,gidstats,https://gidstats.com/fighters/shannon_gugerty.html,,https://gidstats.com/fighters/shannon_gugerty.html,Shannon Gugerty,1981-12-30,,44,name+opponents(1)+age,22,2004-07-25,2012-07-21,0,2026-10-07
http://ufcstats.com/fighter-details/9f5609dba6584ab2,Regina Tarin,ufcstats,gidstats,https://gidstats.com/fighters/regina_tarin.html,,https://gidstats.com/fighters/regina_tarin.html,Regina Tarin,2004-10-19,,21,name+opponents(1)+age,8,2023-12-01,2026-02-28,0,2026-10-07
http://ufcstats.com/fighter-details/9f5e3c20ce40b344,Klaudia Sygula,ufcstats,gidstats,https://gidstats.com/fighters/klaudia_sygua.html,,https://gidstats.com/fighters/klaudia_sygua.html,Klaudia Syguła,1998-12-30,,27,alias+opponents(3)+age,10,2021-01-22,2026-02-07,2,2026-10-07
http://ufcstats.com/fighter-details/9f755fb04cc21499,Noad Lahat,ufcstats,gidstats,https://gidstats.com/fighters/noad_lahat.html,,https://gidstats.com/fighters/noad_lahat.html,Noad Lahat,1984-06-08,,42,name+opponents(3)+age,18,2008-07-26,2021-03-20,0,2026-10-07
http://ufcstats.com/fighter-details/9f7787e56a6bc0f4,Sako Chivitchian,ufcstats,gidstats,https://gidstats.com/fighters/sako_chivitchian.html,,https://gidstats.com/fighters/sako_chivitchian.html,Sako Chivitchian,1984-03-11,,42,name+opponents(1)+age,11,1999-04-05,2013-06-21,0,2026-10-07
http://ufcstats.com/fighter-details/9f842be1a5337be6,Michihiro Omigawa,ufcstats,gidstats,https://gidstats.com/fighters/michihiro_omigawa.html,,https://gidstats.com/fighters/michihiro_omigawa.html,Michihiro Omigawa,1975-12-19,,50,name+opponents(5)+age,34,2005-05-22,2019-10-22,12,2026-10-07
http://ufcstats.com/fighter-details/9fa3bd637edd9aa2,Patrick Cote,ufcstats,gidstats,https://gidstats.com/fighters/patrick_cote.html,,https://gidstats.com/fighters/patrick_cote.html,Patrick Cote,1980-02-29,,46,name+opponents(12)+age,36,2002-11-03,2017-04-08,0,2026-10-07
http://ufcstats.com/fighter-details/9fa568ad2bf2cb0b,Justin Scoggins,ufcstats,gidstats,https://gidstats.com/fighters/justin_scoggins.html,,https://gidstats.com/fighters/justin_scoggins.html,Justin Scoggins,1992-05-02,,34,name+opponents(8)+age,21,2012-02-25,2023-05-03,1,2026-10-07
http://ufcstats.com/fighter-details/9fe7af8b3fbe00a0,Preston Parsons,ufcstats,gidstats,https://gidstats.com/fighters/preston_parsons.html,,https://gidstats.com/fighters/preston_parsons.html,Preston Parsons,1995-07-15,,31,name+opponents(6)+age,17,2014-09-06,2025-01-11,0,2026-10-07
http://ufcstats.com/fighter-details/9fe85152f351e737,Mike Swick,ufcstats,gidstats,https://gidstats.com/fighters/mike_swick.html,,https://gidstats.com/fighters/mike_swick.html,Mike Swick,1979-06-19,,47,name+opponents(4)+age,22,1998-11-07,2015-07-11,0,2026-10-07
http://ufcstats.com/fighter-details/a00ec21cfbba17b6,Yui Chul Nam,ufcstats,gidstats,https://gidstats.com/fighters/yui_chul_nam.html,,https://gidstats.com/fighters/yui_chul_nam.html,Yui Chul Nam,1981-07-16,,45,name+opponents(3)+age,29,2006-02-11,2019-12-14,1,2026-10-07
http://ufcstats.com/fighter-details/a01a62132460a98d,Adam Fugitt,ufcstats,gidstats,https://gidstats.com/fighters/adam_fugitt.html,,https://gidstats.com/fighters/adam_fugitt.html,Adam Fugitt,1989-01-12,,37,name+opponents(6)+age,15,2016-10-08,2025-07-19,1,2026-10-07
http://ufcstats.com/fighter-details/a01e84abefd85ec0,Pascal Krauss,ufcstats,gidstats,https://gidstats.com/fighters/pascal_krauss.html,,https://gidstats.com/fighters/pascal_krauss.html,Pascal Krauss,1987-04-19,,39,name+opponents(4)+age,13,2008-01-27,2013-08-31,0,2026-10-07
http://ufcstats.com/fighter-details/a0602dd050bebefc,Jon Manley,ufcstats,gidstats,https://gidstats.com/fighters/jon_manley.html,,https://gidstats.com/fighters/jon_manley.html,Jon Manley,1986-07-07,,40,name+opponents(1)+age,23,2007-09-29,2019-10-25,4,2026-10-07
http://ufcstats.com/fighter-details/a08d909a5be6f410,Eliot Marshall,ufcstats,gidstats,https://gidstats.com/fighters/eliot_marshall.html,,https://gidstats.com/fighters/eliot_marshall.html,Eliot Marshall,1980-07-07,,46,name+opponents(3)+age,18,2006-02-11,2011-10-29,1,2026-10-07
http://ufcstats.com/fighter-details/a08ddd04eaffd81d,Mariya Agapova,ufcstats+dwcs,gidstats,https://gidstats.com/fighters/mariya_agapova.html,,https://gidstats.com/fighters/mariya_agapova.html,Mariya Agapova,1997-04-07,,29,name+opponents(7)+age,15,2015-08-29,2024-07-13,1,2026-10-07
http://ufcstats.com/fighter-details/a09ed60aa67a3f67,Farid Basharat,ufcstats+dwcs,gidstats,https://gidstats.com/fighters/farid_basharat.html,,https://gidstats.com/fighters/farid_basharat.html,Farid Basharat,1997-08-02,,29,name+opponents(8)+age,15,2018-04-14,2026-02-07,0,2026-10-07
http://ufcstats.com/fighter-details/a0c139b34f11421a,John Gunderson,ufcstats,gidstats,https://gidstats.com/fighters/john_gunderson.html,,https://gidstats.com/fighters/john_gunderson.html,John Gunderson,1979-01-05,,47,name+opponents(3)+age,38,2004-04-03,2014-06-07,0,2026-10-07
http://ufcstats.com/fighter-details/a0c64f272b65d441,Eric Shelton,ufcstats,gidstats,https://gidstats.com/fighters/eric_shelton.html,,https://gidstats.com/fighters/eric_shelton.html,Eric Shelton,1991-02-02,,35,name+opponents(6)+age,32,2013-07-20,2025-08-22,2,2026-10-07
http://ufcstats.com/fighter-details/a0e6753c42698f13,Omar Morales,ufcstats+dwcs,gidstats,https://gidstats.com/fighters/omar_antonio_morales_ferrer.html,,https://gidstats.com/fighters/omar_antonio_morales_ferrer.html,Omar Morales,1985-10-17,,40,name+opponents(8)+age,15,2011-11-26,2023-03-18,0,2026-10-07
http://ufcstats.com/fighter-details/a0e75f4a13eb73f1,Megan Anderson,ufcstats,gidstats,https://gidstats.com/fighters/megan_anderson.html,,https://gidstats.com/fighters/megan_anderson.html,Megan Anderson,1990-02-11,,36,name+opponents(6)+age,15,2013-11-16,2021-03-06,0,2026-10-07
http://ufcstats.com/fighter-details/a0f0004aadf10b71,Alexandre Pantoja,ufcstats,gidstats,https://gidstats.com/fighters/alexandre_pantoja.html,,https://gidstats.com/fighters/alexandre_pantoja.html,Alexandre Pantoja,1990-04-16,,36,name+opponents(15)+age,39,2007-07-21,2025-12-06,0,2026-10-07
http://ufcstats.com/fighter-details/a112097ad877a48f,Alberto Montes,ufcstats+dwcs,gidstats,https://gidstats.com/fighters/alberto_montes.html,,https://gidstats.com/fighters/alberto_montes.html,Alberto Montes,1994-05-31,,32,name+opponents(3)+age,12,2012-10-20,2026-03-07,0,2026-10-07
http://ufcstats.com/fighter-details/a12a8314adc1c1c9,Laureano Staropoli,ufcstats,gidstats,https://gidstats.com/fighters/laureano_staropoli.html,,https://gidstats.com/fighters/laureano_staropoli.html,Laureano Staropoli,1993-02-27,,33,name+opponents(6)+age,20,2013-07-27,2024-12-14,0,2026-10-07
http://ufcstats.com/fighter-details/a13d755965a4ec9f,Rongzhu,ufcstats,gidstats,https://gidstats.com/fighters/rong_zhu.html,,https://gidstats.com/fighters/rong_zhu.html,Rong Zhu,2000-03-07,,26,name+opponents(7)+age,34,2016-03-26,2026-05-28,0,2026-10-07
http://ufcstats.com/fighter-details/a149d6bc670cdb60,Dustin Hazelett,ufcstats,gidstats,https://gidstats.com/fighters/dustin_hazelett.html,,https://gidstats.com/fighters/dustin_hazelett.html,Dustin Hazelett,1986-04-29,,40,name+opponents(3)+age,19,2004-10-23,2010-12-11,0,2026-10-07
http://ufcstats.com/fighter-details/a17322f99ddfd8e9,Bristol Marunde,ufcstats,gidstats,https://gidstats.com/fighters/bristol_marunde.html,,https://gidstats.com/fighters/bristol_marunde.html,Bristol Marunde,1982-04-20,,44,name+opponents(2)+age,29,2005-05-14,2015-10-09,0,2026-10-07
http://ufcstats.com/fighter-details/a17ad5a5048e8c3f,Darren Stewart,ufcstats,gidstats,https://gidstats.com/fighters/darren_stewart.html,,https://gidstats.com/fighters/darren_stewart.html,Darren Stewart,1990-12-30,,35,name+opponents(12)+age,28,2014-06-07,2024-03-30,0,2026-10-07
http://ufcstats.com/fighter-details/a1ad35b98a9136e5,Lawrence Lui,ufcstats,gidstats,https://gidstats.com/fighters/lawrence_lui.html,,https://gidstats.com/fighters/lawrence_lui.html,Lawrence Lui,1996-08-04,,30,name+opponents(2)+age,9,2021-07-10,2026-01-31,0,2026-10-07
http://ufcstats.com/fighter-details/a1b0715c4fd2dbd3,Azamat Gashimov,ufcstats,gidstats,https://gidstats.com/fighters/azamat_gashimov.html,,https://gidstats.com/fighters/azamat_gashimov.html,Azamat Gashimov,1990-04-07,,36,name+opponents(2)+age,12,2007-11-14,2014-03-29,0,2026-10-07
http://ufcstats.com/fighter-details/a1f6999fe57236e0,Wanderlei Silva,ufcstats,gidstats,https://gidstats.com/fighters/wanderlei_silva.html,,https://gidstats.com/fighters/wanderlei_silva.html,Wanderlei Silva,1976-07-03,,50,name+opponents(5)+age,51,1996-11-01,2018-09-29,0,2026-10-07
http://ufcstats.com/fighter-details/a20d7dfaba74c067,Rodrigo Damm,ufcstats,gidstats,https://gidstats.com/fighters/rodrigo_damm.html,,https://gidstats.com/fighters/rodrigo_damm.html,Rodrigo Damm,1980-02-03,,46,name+opponents(7)+age,23,2004-10-23,2015-01-03,0,2026-10-07
http://ufcstats.com/fighter-details/a20f234df70f2182,Ji Yeon Kim,ufcstats,gidstats,https://gidstats.com/fighters/ji_yeon_kim.html,,https://gidstats.com/fighters/ji_yeon_kim.html,Ji Yeon Kim,1989-10-18,,36,name+opponents(10)+age,18,2013-11-24,2023-05-13,1,2026-10-07
http://ufcstats.com/fighter-details/a26198ba5093147e,TJ Grant,ufcstats,gidstats,https://gidstats.com/fighters/tj_grant.html,,https://gidstats.com/fighters/tj_grant.html,TJ Grant,1984-02-26,,42,name+opponents(8)+age,26,2006-04-29,2013-05-25,0,2026-10-07
http://ufcstats.com/fighter-details/a264d4e9a4d6bfe4,Sangwook Kim,ufcstats,gidstats,https://gidstats.com/fighters/sang_uk_kim.html,,https://gidstats.com/fighters/sang_uk_kim.html,Sang Uk Kim,1993-10-17,,32,alias+opponents(1)+age,16,2020-01-11,2025-08-22,0,2026-10-07
http://ufcstats.com/fighter-details/a29db9cd4f9ccea5,Natan Levy,ufcstats+dwcs,gidstats,https://gidstats.com/fighters/levy_natan.html,,https://gidstats.com/fighters/levy_natan.html,Natan Levy,1991-09-30,,35,name+opponents(5)+age,10,2018-03-23,2024-03-16,0,2026-10-07
http://ufcstats.com/fighter-details/a2b12c3f3d60ff69,Alex Garcia,ufcstats,gidstats,https://gidstats.com/fighters/alex_garcia.html,,https://gidstats.com/fighters/alex_garcia.html,Alex Garcia,1987-07-14,,39,name+opponents(10)+age,23,2009-08-28,2020-03-06,0,2026-10-07
http://ufcstats.com/fighter-details/a2ccf35a88346a91,Erick Gonzalez,ufcstats,gidstats,https://gidstats.com/fighters/erick_gonzalez.html,,https://gidstats.com/fighters/erick_gonzalez.html,Erick Gonzalez,1992-01-20,,34,name+opponents(3)+age,22,2015-01-09,2023-02-25,0,2026-10-07
http://ufcstats.com/fighter-details/a2d342ffc83913ed,Nathan Fletcher,ufcstats,gidstats,https://gidstats.com/fighters/nathan_fletcher.html,,https://gidstats.com/fighters/nathan_fletcher.html,Nathan Fletcher,1998-01-03,,28,name+opponents(3)+age,15,2019-05-31,2026-06-20,0,2026-10-07
http://ufcstats.com/fighter-details/a2ea77e974c5889f,Carlos Felipe,ufcstats,gidstats,https://gidstats.com/fighters/carlos_felipe.html,,https://gidstats.com/fighters/carlos_felipe.html,Carlos Felipe,1995-01-12,,26,"name+opponents(5) AGE_CONFLICT(gid 26, dob 1995-01-12)",20,2014-11-29,2026-02-06,7,2026-10-07
http://ufcstats.com/fighter-details/a331233f597090a5,Bryan Barberena,ufcstats,gidstats,https://gidstats.com/fighters/bryan_barberena.html,,https://gidstats.com/fighters/bryan_barberena.html,Bryan Barberena,1989-05-03,,37,name+opponents(19)+age,30,2009-10-10,2024-03-16,0,2026-10-07
http://ufcstats.com/fighter-details/a36556bb1565e32d,Joe Proctor,ufcstats,gidstats,https://gidstats.com/fighters/joe_proctor.html,,https://gidstats.com/fighters/joe_proctor.html,Joe Proctor,1985-08-10,,41,name+opponents(8)+age,19,2009-11-07,2017-04-22,0,2026-10-07
http://ufcstats.com/fighter-details/a390eb8a9b2df298,Chuck Liddell,ufcstats,gidstats,https://gidstats.com/fighters/chuck_liddell.html,,https://gidstats.com/fighters/chuck_liddell.html,Chuck Liddell,1969-12-17,,56,name+opponents(1)+age,30,1998-05-15,2018-11-24,2,2026-10-07
http://ufcstats.com/fighter-details/a3a542074109b347,Luana Pinheiro,ufcstats+dwcs,gidstats,https://gidstats.com/fighters/luana_pinheiro.html,,https://gidstats.com/fighters/luana_pinheiro.html,Luana Pinheiro,1992-11-18,,32,name+opponents(8)+age,16,2016-10-09,2025-05-17,1,2026-10-07
http://ufcstats.com/fighter-details/a3be148af5c7b088,Piotr Hallmann,ufcstats,gidstats,https://gidstats.com/fighters/piotr_hallmann.html,,https://gidstats.com/fighters/piotr_hallmann.html,Piotr Hallmann,1987-08-25,,39,name+opponents(6)+age,27,2009-11-14,2025-02-08,0,2026-10-07
http://ufcstats.com/fighter-details/a3dda21be645be93,Jean-Paul Lebosnoyani,ufcstats+dwcs+card,gidstats,https://gidstats.com/fighters/jean-paul_bosnoyan.html,,https://gidstats.com/fighters/jean-paul_bosnoyan.html,Jean-Paul Lebosnoyani,1999-01-27,,27,name+opponents(4)+age,13,2018-11-16,2026-07-18,2,2026-10-07
http://ufcstats.com/fighter-details/a44020ea2e8cd026,JooSang Yoo,ufcstats,gidstats,https://gidstats.com/fighters/sang_yoo_joo.html,,https://gidstats.com/fighters/sang_yoo_joo.html,Joo Sang Yoo,1994-01-21,,32,name+opponents(2)+age,10,2021-05-31,2025-10-04,0,2026-10-07
http://ufcstats.com/fighter-details/a474aade8eb3a8f0,SuYoung You,ufcstats+card,gidstats,https://gidstats.com/fighters/soo_young_yoo.html,,https://gidstats.com/fighters/soo_young_yoo.html,SuYoung Yu,1995-12-11,,30,alias+opponents(4)+age,21,2014-11-15,2026-03-14,0,2026-10-07
http://ufcstats.com/fighter-details/a495f599e787614f,Alonzo Menifield,ufcstats+dwcs,gidstats,https://gidstats.com/fighters/alonzo_menifield.html,,https://gidstats.com/fighters/alonzo_menifield.html,Alonzo Menifield,1987-10-18,,38,name+opponents(20)+age,25,2015-11-20,2026-05-30,0,2026-10-07
http://ufcstats.com/fighter-details/a4a80dd7336ffd59,Melissa Gatto,ufcstats+card,gidstats,https://gidstats.com/fighters/melissa_gatto.html,,https://gidstats.com/fighters/melissa_gatto.html,Melissa Gatto,1996-05-02,,30,name+opponents(7)+age,14,2016-12-10,2026-04-04,0,2026-10-07
http://ufcstats.com/fighter-details/a4dc0f2b95df4cc1,Bekzat Almakhan,ufcstats,gidstats,https://gidstats.com/fighters/bekzat_almakhan.html,,https://gidstats.com/fighters/bekzat_almakhan.html,Bekzat Almakhan,1997-10-08,,29,name+opponents(4)+age,25,2016-09-10,2025-11-22,0,2026-10-07
http://ufcstats.com/fighter-details/a4dc47001f202bcd,Rodrigo de Lima,ufcstats,gidstats,https://gidstats.com/fighters/rodrigo_de_lima.html,,https://gidstats.com/fighters/rodrigo_de_lima.html,Rodrigo de Lima,1991-03-12,,27,"name+opponents(2) AGE_CONFLICT(gid 27, dob 1991-03-12)",13,2004-03-06,2018-06-29,0,2026-10-07
http://ufcstats.com/fighter-details/a4de54ea806fb525,Ray Borg,ufcstats,gidstats,https://gidstats.com/fighters/ray_borg.html,,https://gidstats.com/fighters/ray_borg.html,Ray Borg,1993-08-04,,33,name+opponents(12)+age,21,2012-08-11,2022-03-11,0,2026-10-07
http://ufcstats.com/fighter-details/a4e85a58fbce64b2,Joe Soto,ufcstats,gidstats,https://gidstats.com/fighters/joe_soto.html,,https://gidstats.com/fighters/joe_soto.html,Joe Soto,1987-03-22,,39,name+opponents(8)+age,25,2006-07-16,2018-02-03,0,2026-10-07
http://ufcstats.com/fighter-details/a52bc1e62cf0b7c6,Melsik Baghdasaryan,ufcstats+dwcs,gidstats,https://gidstats.com/fighters/melsik_baghdasaryan.html,,https://gidstats.com/fighters/melsik_baghdasaryan.html,Melsik Baghdasaryan,1992-01-28,,34,name+opponents(7)+age,12,2014-04-12,2026-06-20,6,2026-10-07
http://ufcstats.com/fighter-details/a53d30163304aa6e,Carlston Harris,ufcstats,gidstats,https://gidstats.com/fighters/harris_carlston.html,,https://gidstats.com/fighters/harris_carlston.html,Carlston Harris,1987-07-09,,39,name+opponents(8)+age,27,2011-10-08,2026-05-30,0,2026-10-07
http://ufcstats.com/fighter-details/a54660deb6a8489c,Muin Gafurov,ufcstats+dwcs,gidstats,https://gidstats.com/fighters/muin_gafurov.html,,https://gidstats.com/fighters/muin_gafurov.html,Muin Gafurov,1996-05-17,,30,name+opponents(5)+age,27,2013-11-15,2026-02-07,1,2026-10-07
http://ufcstats.com/fighter-details/a54b961a1f8be1d5,John Garza,ufcstats,gidstats,https://gidstats.com/fighters/john_garza.html,,https://gidstats.com/fighters/john_garza.html,John Garza,2002-10-30,,23,name+age,3,2024-02-02,2024-08-24,0,2026-10-07
http://ufcstats.com/fighter-details/a54fc2d6fc224dc3,Jamie Varner,ufcstats,gidstats,https://gidstats.com/fighters/jamie_varner.html,,https://gidstats.com/fighters/jamie_varner.html,Jamie Varner,1984-10-12,,41,name+opponents(7)+age,35,2003-03-27,2014-12-13,0,2026-10-07
http://ufcstats.com/fighter-details/a566371ba2ad7152,Josh Thomson,ufcstats,gidstats,https://gidstats.com/fighters/josh_thomson.html,,https://gidstats.com/fighters/josh_thomson.html,Josh Thomson,1978-09-21,,48,name+opponents(3)+age,33,2001-01-18,2017-02-18,1,2026-10-07
http://ufcstats.com/fighter-details/a57cb948c4c70a47,Isaac Dulgarian,ufcstats,gidstats,https://gidstats.com/fighters/isaac_dulgarian.html,,https://gidstats.com/fighters/isaac_dulgarian.html,Isaac Dulgarian,1996-07-04,,30,name+opponents(4)+age,9,2021-03-05,2025-11-01,0,2026-10-07
http://ufcstats.com/fighter-details/a66395395b5f1394,Danny Downes,ufcstats,gidstats,https://gidstats.com/fighters/dan_downes.html,,https://gidstats.com/fighters/dan_downes.html,Dan Downes,1986-04-08,,40,alias+opponents(2)+age,11,2007-10-06,2011-10-29,0,2026-10-07
http://ufcstats.com/fighter-details/a67d071163962af8,Michael Page,ufcstats,gidstats,https://gidstats.com/fighters/page_michael.html,,https://gidstats.com/fighters/page_michael.html,Michael Page,1987-04-07,,39,name+opponents(6)+age,28,2012-02-04,2026-03-21,4,2026-10-07
http://ufcstats.com/fighter-details/a67f5afa8d6a1b80,Ryan Spann,ufcstats+dwcs,gidstats,https://gidstats.com/fighters/ryan_spann.html,,https://gidstats.com/fighters/ryan_spann.html,Ryan Spann,1991-08-24,,35,name+opponents(17)+age,35,2013-02-16,2026-04-25,0,2026-10-07
http://ufcstats.com/fighter-details/a68575214ecad140,SeungWoo Choi,ufcstats,gidstats,https://gidstats.com/fighters/seungwoo_choi.html,,https://gidstats.com/fighters/seungwoo_choi.html,Seungwoo Choi,1992-11-03,,33,name+opponents(11)+age,19,2015-08-15,2025-03-15,0,2026-10-07
http://ufcstats.com/fighter-details/a6959da32f0e6b5d,Kyle Bradley,ufcstats,gidstats,https://gidstats.com/fighters/kyle_bradley.html,,https://gidstats.com/fighters/kyle_bradley.html,Kyle Bradley,1982-08-19,,44,name+opponents(1)+age,33,2003-07-11,2016-01-09,0,2026-10-07
http://ufcstats.com/fighter-details/a69a7120cf26669d,Levan Chokheli,ufcstats,gidstats,https://gidstats.com/fighters/levan_chokheli.html,,https://gidstats.com/fighters/levan_chokheli.html,Levan Chokheli,1996-10-02,,30,name+opponents(1)+age,19,2016-04-03,2026-06-20,0,2026-10-07
http://ufcstats.com/fighter-details/a6bbd3df469c6bea,Roger Gracie,ufcstats,gidstats,https://gidstats.com/fighters/roger_gracie.html,,https://gidstats.com/fighters/roger_gracie.html,Roger Gracie,1981-09-26,,45,name+opponents(1)+age,10,2006-12-02,2016-05-06,45,2026-10-07
http://ufcstats.com/fighter-details/a6c20202c701e5ca,Sasha Palatnikov,ufcstats,gidstats,https://gidstats.com/fighters/sasha_palatnikov.html,,https://gidstats.com/fighters/sasha_palatnikov.html,Sasha Palatnikov,1989-03-15,,37,name+opponents(3)+age,13,2017-04-07,2022-07-23,3,2026-10-07
http://ufcstats.com/fighter-details/a6cba6bb66c1a8c9,Danny Roberts,ufcstats,gidstats,https://gidstats.com/fighters/danny_roberts.html,,https://gidstats.com/fighters/danny_roberts.html,Danny Roberts,1987-07-14,,39,name+opponents(14)+age,26,2010-12-04,2023-07-22,0,2026-10-07
http://ufcstats.com/fighter-details/a6eb54ae17a551be,Gabriella Fernandes,ufcstats+card,gidstats,https://gidstats.com/fighters/gabriella_hermgenes.html,,https://gidstats.com/fighters/gabriella_hermgenes.html,Gabriella Fernandes,1993-08-13,,33,name+opponents(6)+age,15,2018-03-24,2026-03-28,0,2026-10-07
http://ufcstats.com/fighter-details/a6f3d15cb84334bb,Dean Barry,ufcstats,gidstats,https://gidstats.com/fighters/barry_dean.html,,https://gidstats.com/fighters/barry_dean.html,Dean Barry,1992-07-03,,34,name+opponents(1)+age,6,2017-09-16,2022-04-23,1,2026-10-07
http://ufcstats.com/fighter-details/a7151778b3381036,Kurt Holobaugh,ufcstats+dwcs,gidstats,https://gidstats.com/fighters/kurt_holobaugh.html,,https://gidstats.com/fighters/kurt_holobaugh.html,Kurt Holobaugh,1986-09-08,,40,name+opponents(10)+age,34,2011-03-12,2025-05-31,1,2026-10-07
http://ufcstats.com/fighter-details/a72a2a769fa5a2be,Anshul Jubli,ufcstats,gidstats,https://gidstats.com/fighters/anshul_jubli.html,,https://gidstats.com/fighters/anshul_jubli.html,Anshul Jubli,1995-01-13,,31,name+opponents(3)+age,9,2019-06-29,2025-02-08,0,2026-10-07
http://ufcstats.com/fighter-details/a75a48bfe776b2c2,Jesse Butler,ufcstats,gidstats,https://gidstats.com/fighters/jesse_butler.html,,https://gidstats.com/fighters/jesse_butler.html,Jesse Butler,1992-05-24,,34,name+opponents(2)+age,18,2015-11-14,2024-06-08,0,2026-10-07
http://ufcstats.com/fighter-details/a780d16cf7eed44d,Lucio Linhares,ufcstats,gidstats,https://gidstats.com/fighters/lucio_linhares.html,,https://gidstats.com/fighters/lucio_linhares.html,Lucio Linhares,1973-12-08,,52,name+opponents(1)+age,28,2004-05-29,2013-10-05,0,2026-10-07
http://ufcstats.com/fighter-details/a7897d200692ab64,Kyung Ho Kang,ufcstats,gidstats,https://gidstats.com/fighters/kyung_ho_kang.html,,https://gidstats.com/fighters/kyung_ho_kang.html,Kyung Ho Kang,1987-09-09,,39,name+opponents(13)+age,31,2007-04-22,2024-06-22,0,2026-10-07
http://ufcstats.com/fighter-details/a78a87d8c2bbb1cb,Julija Stoliarenko,ufcstats,gidstats,https://gidstats.com/fighters/julija_stoliarenko.html,,https://gidstats.com/fighters/julija_stoliarenko.html,Julija Stoliarenko,1993-04-08,,33,name+opponents(9)+age,23,2013-09-07,2025-08-09,6,2026-10-07
http://ufcstats.com/fighter-details/a7d687e6ecb30981,Rob Broughton,ufcstats,gidstats,https://gidstats.com/fighters/rob_broughton.html,,https://gidstats.com/fighters/rob_broughton.html,Rob Broughton,1983-03-03,,43,name+opponents(3)+age,24,2004-07-11,2015-06-12,0,2026-10-07
http://ufcstats.com/fighter-details/a7ddae0be8b78147,Jessamyn Duke,ufcstats,gidstats,https://gidstats.com/fighters/jessamyn_duke.html,,https://gidstats.com/fighters/jessamyn_duke.html,Jessamyn Duke,1986-06-24,,40,name+opponents(4)+age,11,2012-07-28,2016-07-29,0,2026-10-07
http://ufcstats.com/fighter-details/a7de976620f2ed13,Shane Howell,ufcstats,gidstats,https://gidstats.com/fighters/shane_howell.html,,https://gidstats.com/fighters/shane_howell.html,Shane Howell,1983-11-28,,42,name+opponents(2)+age,23,2007-01-20,2015-09-19,0,2026-10-07
http://ufcstats.com/fighter-details/a7e3f02fe2b2fe30,Danyelle Wolf,ufcstats+dwcs,gidstats,https://gidstats.com/fighters/wolf_danyelle.html,,https://gidstats.com/fighters/wolf_danyelle.html,Danyelle Wolf,1983-09-08,,43,name+opponents(2)+age,2,2020-09-15,2022-09-10,0,2026-10-07
http://ufcstats.com/fighter-details/a7f4d0902bb64092,James Irvin,ufcstats,gidstats,https://gidstats.com/fighters/james_irvin.html,,https://gidstats.com/fighters/james_irvin.html,James Irvin,1978-09-12,,48,name+opponents(2)+age,29,2003-06-01,2012-04-29,0,2026-10-07
http://ufcstats.com/fighter-details/a817e238b2747404,Dylan Budka,ufcstats+dwcs,gidstats,https://gidstats.com/fighters/dylan_budka.html,,https://gidstats.com/fighters/dylan_budka.html,Dylan Budka,2000-01-14,,26,name+opponents(4)+age,12,2022-01-21,2025-02-15,1,2026-10-07
http://ufcstats.com/fighter-details/a8283a4f415e1eb9,Francisco Trinaldo,ufcstats,gidstats,https://gidstats.com/fighters/francisco_trinaldo.html,,https://gidstats.com/fighters/francisco_trinaldo.html,Francisco Trinaldo,1978-08-24,,48,name+opponents(25)+age,39,2006-05-13,2022-10-01,0,2026-10-07
http://ufcstats.com/fighter-details/a845f0735bc67405,Jake Matthews,ufcstats+card,gidstats,https://gidstats.com/fighters/jake_matthews.html,,https://gidstats.com/fighters/jake_matthews.html,Jake Matthews,1994-08-19,,32,name+opponents(24)+age,32,2012-09-15,2026-05-30,0,2026-10-07
http://ufcstats.com/fighter-details/a851c35f58199231,Syuri Kondo,ufcstats,gidstats,https://gidstats.com/fighters/syuri_kondo.html,,https://gidstats.com/fighters/syuri_kondo.html,Syuri Kondo,1989-02-08,,37,name+opponents(3)+age,9,2016-04-24,2019-06-22,11,2026-10-07
http://ufcstats.com/fighter-details/a8c9d16fe2a14d72,CM Punk,ufcstats,gidstats,https://gidstats.com/fighters/cm_punk.html,,https://gidstats.com/fighters/cm_punk.html,CM Punk,1978-10-26,,47,name+opponents(2)+age,2,2016-09-10,2018-06-09,0,2026-10-07
http://ufcstats.com/fighter-details/a8e6a69796280f17,Nate Marquardt,ufcstats,gidstats,https://gidstats.com/fighters/nate_marquardt.html,,https://gidstats.com/fighters/nate_marquardt.html,Nate Marquardt,1979-04-20,,47,name+opponents(15)+age,58,1999-04-17,2021-10-23,1,2026-10-07
http://ufcstats.com/fighter-details/a8ea84cbe1655f0a,Jeff Curran,ufcstats,gidstats,https://gidstats.com/fighters/jeff_curran.html,,https://gidstats.com/fighters/jeff_curran.html,Jeff Curran,1977-09-02,,49,name+opponents(2)+age,56,1998-01-16,2016-11-23,2,2026-10-07
http://ufcstats.com/fighter-details/a93f94c923c3a9cb,Christian Leroy Duncan,ufcstats+card,gidstats,https://gidstats.com/fighters/christian_leroy_duncan.html,,https://gidstats.com/fighters/christian_leroy_duncan.html,Christian Leroy Duncan,1995-07-24,,31,name+opponents(11)+age,17,2020-09-26,2026-07-18,0,2026-10-07
http://ufcstats.com/fighter-details/a9936818d709e2d7,Liu Ce,ufcstats,sherdog,https://www.sherdog.com/fighter/Ce-Liu-426225,https://www.sherdog.com/fighter/Ce-Liu-426225,,Ce Liu,1996-09-04,1996-09-04,,name+dob,5,2023-05-17,2026-08-29,,2026-10-07
http://ufcstats.com/fighter-details/a9bcf8717dd12532,Mats Nilsson,ufcstats,gidstats,https://gidstats.com/fighters/mats_nilsson.html,,https://gidstats.com/fighters/mats_nilsson.html,Mats Nilsson,1983-12-05,,42,name+opponents(2)+age,16,2008-05-10,2015-01-03,0,2026-10-07
http://ufcstats.com/fighter-details/a9d6e047ce48ab63,Allen Crowder,ufcstats+dwcs,gidstats,https://gidstats.com/fighters/allen_crowder.html,,https://gidstats.com/fighters/allen_crowder.html,Allen Crowder,1989-11-08,,36,name+opponents(4)+age,15,2014-01-24,2019-06-22,0,2026-10-07
http://ufcstats.com/fighter-details/a9da3158dd2c2b5a,Jack Jenkins,ufcstats,gidstats,https://gidstats.com/fighters/jack_jenkins.html,,https://gidstats.com/fighters/jack_jenkins.html,Jack Jenkins,1993-11-03,,32,name+opponents(6)+age,18,2016-06-17,2025-09-27,0,2026-10-07
http://ufcstats.com/fighter-details/a9e260472d321361,Jasmine Jasudavicius,ufcstats+dwcs+card,gidstats,https://gidstats.com/fighters/jasmine_jasudavicius.html,,https://gidstats.com/fighters/jasmine_jasudavicius.html,Jasmine Jasudavicius,1989-03-01,,37,name+opponents(14)+age,19,2019-07-13,2026-04-18,0,2026-10-07
http://ufcstats.com/fighter-details/aa0c573da7119292,Juliana Miller,ufcstats,gidstats,https://gidstats.com/fighters/miller_juliana.html,,https://gidstats.com/fighters/miller_juliana.html,Juliana Miller,1996-05-07,,30,name+opponents(6)+age,10,2019-06-09,2026-02-21,7,2026-10-07
http://ufcstats.com/fighter-details/aa171d55d4b5208f,Billy Quarantillo,ufcstats+dwcs,gidstats,https://gidstats.com/fighters/billy_quarantillo.html,,https://gidstats.com/fighters/billy_quarantillo.html,Billy Quarantillo,1988-12-08,,37,name+opponents(13)+age,27,2013-02-15,2024-12-14,2,2026-10-07
http://ufcstats.com/fighter-details/aa1952ec0b3dd8e1,Kurt Pellegrino,ufcstats,gidstats,https://gidstats.com/fighters/kurt_pellegrino.html,,https://gidstats.com/fighters/kurt_pellegrino.html,Kurt Pellegrino,1979-05-07,,47,name+opponents(3)+age,23,2002-08-31,2011-11-26,1,2026-10-07
http://ufcstats.com/fighter-details/aa5b4eff51bdc7d1,Gilbert Melendez,ufcstats,gidstats,https://gidstats.com/fighters/gilbert_melendez.html,,https://gidstats.com/fighters/gilbert_melendez.html,Gilbert Melendez,1982-04-12,,44,name+opponents(7)+age,30,2002-10-18,2019-07-06,4,2026-10-07
http://ufcstats.com/fighter-details/aa6e591c2a2cdecd,Ricardo Abreu,ufcstats,gidstats,https://gidstats.com/fighters/ricardo_abreu.html,,https://gidstats.com/fighters/ricardo_abreu.html,Ricardo Abreu,1984-04-27,,42,name+opponents(2)+age,9,2011-07-09,2015-06-06,4,2026-10-07
http://ufcstats.com/fighter-details/aa72b0f831d0bfe5,Deiveson Figueiredo,ufcstats,gidstats,https://gidstats.com/fighters/deiveson_figueiredo.html,,https://gidstats.com/fighters/deiveson_figueiredo.html,Deiveson Figueiredo,1987-12-18,,38,name+opponents(19)+age,33,2012-02-17,2026-05-30,1,2026-10-07
http://ufcstats.com/fighter-details/aac5ac38148f0528,Paul Kelly,ufcstats,gidstats,https://gidstats.com/fighters/paul_kelly.html,,https://gidstats.com/fighters/paul_kelly.html,Paul Kelly,1984-09-12,,42,name+opponents(4)+age,20,2005-07-29,2020-03-07,0,2026-10-07
http://ufcstats.com/fighter-details/aac6edb0d5e0b7e9,Marcin Wrzosek,ufcstats,gidstats,https://gidstats.com/fighters/marcin_wrzosek.html,,https://gidstats.com/fighters/marcin_wrzosek.html,Marcin Wrzosek,1987-10-14,,38,name+opponents(1)+age,26,2011-10-01,2025-02-08,9,2026-10-07
http://ufcstats.com/fighter-details/aae0897825336b1a,Renzo Gracie,ufcstats,gidstats,https://gidstats.com/fighters/renzo_gracie.html,,https://gidstats.com/fighters/renzo_gracie.html,Renzo Gracie,1967-03-11,,59,name+opponents(1)+age,23,1992-01-01,2018-07-27,9,2026-10-07
http://ufcstats.com/fighter-details/aae99701b21554e4,Ryan Jensen,ufcstats,gidstats,https://gidstats.com/fighters/ryan_jensen.html,,https://gidstats.com/fighters/ryan_jensen.html,Ryan Jensen,1977-09-20,,49,name+opponents(4)+age,29,1997-02-22,2015-04-04,0,2026-10-07
http://ufcstats.com/fighter-details/ab2a4b5e04dc5fe9,Alvin Hines,ufcstats+card,gidstats,https://gidstats.com/fighters/alvin_hines.html,,https://gidstats.com/fighters/alvin_hines.html,Alvin Hines,1991-10-20,,34,name+opponents(2)+age,9,2023-01-21,2026-07-18,0,2026-10-07
http://ufcstats.com/fighter-details/ab2b4ff41d6ebe0f,Alex Perez,ufcstats+dwcs,gidstats,https://gidstats.com/fighters/alex_perez.html,,https://gidstats.com/fighters/alex_perez.html,Alex Perez,1992-03-21,,34,name+opponents(15)+age,37,2011-05-06,2026-05-30,1,2026-10-07
http://ufcstats.com/fighter-details/ab850a77a0fa487d,Sean Spencer,ufcstats,gidstats,https://gidstats.com/fighters/sean_spencer.html,,https://gidstats.com/fighters/sean_spencer.html,Sean Spencer,1987-06-25,,39,name+opponents(8)+age,19,2009-05-02,2018-08-10,0,2026-10-07
http://ufcstats.com/fighter-details/ab8900ae1f1dfd4c,Yoshiyuki Yoshida,ufcstats,gidstats,https://gidstats.com/fighters/yoshiyuki_yoshida.html,,https://gidstats.com/fighters/yoshiyuki_yoshida.html,Yoshiyuki Yoshida,1974-05-10,,52,name+opponents(1)+age,27,2005-02-06,2016-12-17,3,2026-10-07
http://ufcstats.com/fighter-details/ab943cd2c3c17825,Marcos Rogerio de Lima,ufcstats,gidstats,https://gidstats.com/fighters/marcos_rogerio_de_lima.html,,https://gidstats.com/fighters/marcos_rogerio_de_lima.html,Marcos Rogerio De Lima,1985-06-25,,41,name+opponents(18)+age,35,2009-03-14,2024-02-17,0,2026-10-07
http://ufcstats.com/fighter-details/abb68e3c7ca128f2,Julia Polastri,ufcstats+dwcs,gidstats,https://gidstats.com/fighters/julia_polastri.html,,https://gidstats.com/fighters/julia_polastri.html,Julia Polastri,1998-03-05,,28,name+opponents(7)+age,20,2017-09-23,2026-04-25,0,2026-10-07
http://ufcstats.com/fighter-details/abcf2cc6efc42031,Iasmin Lucindo,ufcstats,gidstats,https://gidstats.com/fighters/iasmin_lucindo.html,,https://gidstats.com/fighters/iasmin_lucindo.html,Iasmin Lucindo,2002-01-08,,24,name+opponents(7)+age,24,2017-05-10,2025-08-09,0,2026-10-07
http://ufcstats.com/fighter-details/abd2109bc4cb0291,Bentley Syler,ufcstats,gidstats,https://gidstats.com/fighters/bentley_syler.html,,https://gidstats.com/fighters/bentley_syler.html,Bentley Syler,1982-12-22,,40,"name+opponents(1) AGE_CONFLICT(gid 40, dob 1982-12-22)",7,2010-04-13,2015-03-21,0,2026-10-07
http://ufcstats.com/fighter-details/abd5fb12437eda21,Ramazan Emeev,ufcstats,gidstats,https://gidstats.com/fighters/ramazan_emeev.html,,https://gidstats.com/fighters/ramazan_emeev.html,Ramazan Emeev,1987-05-23,,39,name+opponents(8)+age,29,2009-10-24,2026-01-16,0,2026-10-07
http://ufcstats.com/fighter-details/abde3388a589103c,Richie Miranda,ufcstats,gidstats,https://gidstats.com/fighters/richie_miranda.html,,https://gidstats.com/fighters/richie_miranda.html,Richie Miranda,1994-08-12,,32,name+age,13,2021-02-27,2025-08-22,0,2026-10-07
http://ufcstats.com/fighter-details/ac026518a9b4dc0f,Jordan Leavitt,ufcstats+dwcs,gidstats,https://gidstats.com/fighters/jordan_leavitt.html,,https://gidstats.com/fighters/jordan_leavitt.html,Jordan Leavitt,1995-06-02,,31,name+opponents(10)+age,17,2017-10-07,2026-06-06,1,2026-10-07
http://ufcstats.com/fighter-details/ac0874309da489b9,Marek Bujlo,ufcstats,gidstats,https://gidstats.com/fighters/marek_bujo.html,,https://gidstats.com/fighters/marek_bujo.html,Marek Bujło,1992-10-10,,32,alias+opponents(1)+age,7,2021-11-13,2025-11-22,0,2026-10-07
http://ufcstats.com/fighter-details/ac29d508d78384c9,Marcelo Golm,ufcstats,gidstats,https://gidstats.com/fighters/marcelo_golm.html,,https://gidstats.com/fighters/marcelo_golm.html,Marcelo Golm,1992-09-15,,34,name+opponents(4)+age,16,2015-04-25,2024-06-13,0,2026-10-07
http://ufcstats.com/fighter-details/ac40f7e3cbecdda4,Parker Porter,ufcstats,gidstats,https://gidstats.com/fighters/parker_porter.html,,https://gidstats.com/fighters/parker_porter.html,Parker Porter,1985-04-22,,41,name+opponents(8)+age,23,2007-10-13,2023-08-26,0,2026-10-07
http://ufcstats.com/fighter-details/ac5a7400da3a9a41,Elias Garcia,ufcstats,gidstats,https://gidstats.com/fighters/elias_garcia_1.html,,https://gidstats.com/fighters/elias_garcia_1.html,Elias Garcia,1992-09-13,,34,name+opponents(2)+age,12,2013-12-07,2023-11-04,0,2026-10-07
http://ufcstats.com/fighter-details/ac7c765882f2c68c,Elise Reed,ufcstats,gidstats,https://gidstats.com/fighters/elise_reed.html,,https://gidstats.com/fighters/elise_reed.html,Elise Reed,1992-12-05,,33,name+opponents(10)+age,13,2019-10-25,2025-05-17,0,2026-10-07
http://ufcstats.com/fighter-details/acb36c908d415c4a,Vinicius Moreira,ufcstats,gidstats,https://gidstats.com/fighters/vinicius_moreira.html,,https://gidstats.com/fighters/vinicius_moreira.html,Vinicius Moreira,1989-02-28,,37,name+opponents(4)+age,23,2015-10-11,2025-06-13,0,2026-10-07
http://ufcstats.com/fighter-details/acd9513399a8b09b,Ednaldo Oliveira,ufcstats,gidstats,https://gidstats.com/fighters/ednaldo_oliveira.html,,https://gidstats.com/fighters/ednaldo_oliveira.html,Ednaldo Oliveira,1984-02-19,,42,name+opponents(2)+age,39,2005-09-09,2025-05-24,0,2026-10-07
http://ufcstats.com/fighter-details/aceffa19749c4dc0,Zubaira Tukhugov,ufcstats,gidstats,https://gidstats.com/fighters/zubaira_tukhugov.html,,https://gidstats.com/fighters/zubaira_tukhugov.html,Zubaira Tukhugov,1991-01-15,,35,name+opponents(8)+age,27,2010-03-10,2023-02-11,0,2026-10-07
http://ufcstats.com/fighter-details/acff437707625fc7,Yushin Okami,ufcstats,gidstats,https://gidstats.com/fighters/yushin_okami.html,,https://gidstats.com/fighters/yushin_okami.html,Yushin Okami,1981-07-21,,45,name+opponents(12)+age,52,2002-07-20,2019-10-12,0,2026-10-07
http://ufcstats.com/fighter-details/ad3f53c454cbbead,Josh Barnett,ufcstats,gidstats,https://gidstats.com/fighters/josh_barnett.html,,https://gidstats.com/fighters/josh_barnett.html,Josh Barnett,1977-11-10,,48,name+opponents(5)+age,43,1997-01-11,2016-09-03,15,2026-10-07
http://ufcstats.com/fighter-details/ad56b3f00ca38dfd,Mark Godbeer,ufcstats,gidstats,https://gidstats.com/fighters/mark_godbeer.html,,https://gidstats.com/fighters/mark_godbeer.html,Mark Godbeer,1983-11-22,,42,name+opponents(4)+age,18,2009-08-07,2019-04-27,4,2026-10-07
http://ufcstats.com/fighter-details/ad5cb64af10fc946,Donte Johnson,ufcstats+dwcs+card,gidstats,https://gidstats.com/fighters/donte_johnson.html,,https://gidstats.com/fighters/donte_johnson.html,Donte Johnson,1999-01-25,,27,name+opponents(4)+age,9,2024-08-17,2026-08-15,0,2026-10-07
http://ufcstats.com/fighter-details/adccbc19b22e19af,SeungGuk Choi,ufcstats,gidstats,https://gidstats.com/fighters/seung_guk_choi.html,,https://gidstats.com/fighters/seung_guk_choi.html,SeungGuk Choi,1996-12-26,,29,name+opponents(1)+age,9,2018-05-25,2023-05-27,0,2026-10-07
http://ufcstats.com/fighter-details/ae071698e1a3ccd4,Christian Aguilera,ufcstats,gidstats,https://gidstats.com/fighters/christian_aguilera.html,,https://gidstats.com/fighters/christian_aguilera.html,Christian Aguilera,1991-11-25,,34,name+opponents(3)+age,22,2013-10-25,2021-05-08,0,2026-10-07
http://ufcstats.com/fighter-details/ae7fe94f117f98cf,Joaquim Silva,ufcstats,gidstats,https://gidstats.com/fighters/joaquim_silva.html,,https://gidstats.com/fighters/joaquim_silva.html,Joaquim Silva,1989-02-05,,37,name+opponents(12)+age,22,2010-10-15,2025-09-13,1,2026-10-07
http://ufcstats.com/fighter-details/ae81a3ac7b260411,Tofiq Musayev,ufcstats,gidstats,https://gidstats.com/fighters/tofiq_musayev.html,,https://gidstats.com/fighters/tofiq_musayev.html,Tofiq Musayev,1989-12-15,,36,name+opponents(2)+age,29,2013-05-28,2026-03-28,0,2026-10-07
http://ufcstats.com/fighter-details/aebaa8cec15b083d,Kody Steele,ufcstats+dwcs,gidstats,https://gidstats.com/fighters/kody_steele.html,,https://gidstats.com/fighters/kody_steele.html,Kody Steele,1995-04-21,,31,name+opponents(3)+age,9,2022-02-06,2026-05-02,34,2026-10-07
http://ufcstats.com/fighter-details/aec185309b4843d0,Siyar Bahadurzada,ufcstats,gidstats,https://gidstats.com/fighters/siyar_bahadurzada.html,,https://gidstats.com/fighters/siyar_bahadurzada.html,Siyar Bahadurzada,1984-04-17,,42,name+opponents(8)+age,34,2002-03-08,2019-09-28,0,2026-10-07
http://ufcstats.com/fighter-details/aed06011bf62237b,Dongi Yang,ufcstats,gidstats,https://gidstats.com/fighters/dongi_yang.html,,https://gidstats.com/fighters/dongi_yang.html,Dongi Yang,1984-12-07,,41,name+opponents(5)+age,18,2007-06-02,2019-03-30,0,2026-10-07
http://ufcstats.com/fighter-details/af62f99eb7606308,Erik Perez,ufcstats,gidstats,https://gidstats.com/fighters/erik_perez.html,,https://gidstats.com/fighters/erik_perez.html,Erik Perez,1989-11-19,,36,name+opponents(9)+age,29,2008-05-03,2023-03-10,1,2026-10-07
http://ufcstats.com/fighter-details/af65aa688d13eedf,Joe Solecki,ufcstats+dwcs,gidstats,https://gidstats.com/fighters/joe_solecki.html,,https://gidstats.com/fighters/joe_solecki.html,Joe Solecki,1993-08-27,,33,name+opponents(10)+age,19,2016-10-29,2025-01-11,4,2026-10-07
http://ufcstats.com/fighter-details/af90b10c785ced3e,Mike Rio,ufcstats,gidstats,https://gidstats.com/fighters/mike_rio.html,,https://gidstats.com/fighters/mike_rio.html,Mike Rio,1981-07-06,,45,name+opponents(4)+age,17,2008-03-01,2014-08-29,0,2026-10-07
http://ufcstats.com/fighter-details/af997f7611673880,Gadzhimurad Antigulov,ufcstats,gidstats,https://gidstats.com/fighters/gadzhimurad_antigulov.html,,https://gidstats.com/fighters/gadzhimurad_antigulov.html,Gadzhimurad Antigulov,1987-02-09,,39,name+opponents(6)+age,31,2009-09-25,2023-11-03,0,2026-10-07
http://ufcstats.com/fighter-details/af9efbfd63d39734,Chelsea Chandler,ufcstats+card,gidstats,https://gidstats.com/fighters/chelsea_chandler.html,,https://gidstats.com/fighters/chelsea_chandler.html,Chelsea Chandler,1990-11-23,,35,name+opponents(6)+age,11,2018-03-24,2026-06-06,0,2026-10-07
http://ufcstats.com/fighter-details/af9f42e6894047fc,Jamie Mullarkey,ufcstats,gidstats,https://gidstats.com/fighters/jamie_mullarkey.html,,https://gidstats.com/fighters/jamie_mullarkey.html,Jamie Mullarkey,1994-08-17,,32,name+opponents(13)+age,27,2013-10-26,2025-09-27,0,2026-10-07
http://ufcstats.com/fighter-details/afc2a7ce0c763bd5,Yoislandy Izquierdo,ufcstats,gidstats,https://gidstats.com/fighters/yoislandy_izquierdo.html,,https://gidstats.com/fighters/yoislandy_izquierdo.html,Yoislandy Izquierdo,1984-01-09,,42,name+opponents(2)+age,18,2010-04-30,2019-06-28,0,2026-10-07
http://ufcstats.com/fighter-details/afe8d5b39ff7fca2,Louis Cosce,ufcstats+dwcs,gidstats,https://gidstats.com/fighters/louis_cosce.html,,https://gidstats.com/fighters/louis_cosce.html,Louis Cosce,1995-08-27,,31,name+opponents(3)+age,10,2017-01-14,2023-05-27,0,2026-10-07
http://ufcstats.com/fighter-details/b01a5e0dcd9f231d,Muhammad Saidov,ufcstats,sherdog,https://www.sherdog.com/fighter/Muhammad-Saidov-319053,https://www.sherdog.com/fighter/Muhammad-Saidov-319053,,Muhammad Saidov,1996-01-10,1996-01-10,,name+dob,10,2022-06-26,2026-07-25,,2026-10-07
http://ufcstats.com/fighter-details/b0550072e5f0afa7,Yoshihiro Akiyama,ufcstats,gidstats,https://gidstats.com/fighters/yoshihiro_akiyama.html,,https://gidstats.com/fighters/yoshihiro_akiyama.html,Yoshihiro Akiyama,1975-07-29,,51,name+opponents(6)+age,24,2004-12-31,2020-02-28,0,2026-10-07
http://ufcstats.com/fighter-details/b07aed698fba8624,Ikram Aliskerov,ufcstats+dwcs+card,gidstats,https://gidstats.com/fighters/ikram_aliskerov.html,,https://gidstats.com/fighters/ikram_aliskerov.html,Ikram Aliskerov,1992-12-07,,33,name+opponents(8)+age,20,2012-04-26,2026-06-27,0,2026-10-07
http://ufcstats.com/fighter-details/b08012bbe542592a,Tatiana Suarez,ufcstats+card,gidstats,https://gidstats.com/fighters/tatiana_suarez.html,,https://gidstats.com/fighters/tatiana_suarez.html,Tatiana Suarez,1990-12-19,,35,name+opponents(11)+age,16,2014-07-19,2026-04-11,0,2026-10-07
http://ufcstats.com/fighter-details/b0a6124751a56bc4,Jonathan Brookins,ufcstats,gidstats,https://gidstats.com/fighters/jonathan_brookins.html,,https://gidstats.com/fighters/jonathan_brookins.html,Jonathan Brookins,1985-08-13,,41,name+opponents(5)+age,30,2006-07-15,2017-02-24,0,2026-10-07
http://ufcstats.com/fighter-details/b0bd0c5425668b8f,Henrique da Silva,ufcstats,gidstats,https://gidstats.com/fighters/henrique_da_silva.html,,https://gidstats.com/fighters/henrique_da_silva.html,Henrique da Silva,1989-09-01,,37,name+opponents(6)+age,30,2013-12-15,2025-06-22,0,2026-10-07
http://ufcstats.com/fighter-details/b0d6a1d8ac3d563d,Max Griffin,ufcstats,gidstats,https://gidstats.com/fighters/max_griffin.html,,https://gidstats.com/fighters/max_griffin.html,Max Griffin,1985-11-29,,40,name+opponents(18)+age,33,2009-10-10,2025-07-12,0,2026-10-07
http://ufcstats.com/fighter-details/b0f316c60f8d3b47,Josh Ferguson,ufcstats,gidstats,https://gidstats.com/fighters/josh_ferguson.html,,https://gidstats.com/fighters/josh_ferguson.html,Josh Ferguson,1988-05-13,,38,name+opponents(2)+age,18,2007-07-27,2020-02-01,0,2026-10-07
http://ufcstats.com/fighter-details/b102c26727306ab6,Jussier Formiga,ufcstats,gidstats,https://gidstats.com/fighters/jussier_formiga.html,,https://gidstats.com/fighters/jussier_formiga.html,Jussier Formiga,1985-04-14,,41,name+opponents(14)+age,32,2005-05-13,2022-02-11,0,2026-10-07
http://ufcstats.com/fighter-details/b12a1d19ee383b7c,Tonya Evinger,ufcstats,gidstats,https://gidstats.com/fighters/tonya_evinger.html,,https://gidstats.com/fighters/tonya_evinger.html,Tonya Evinger,1981-06-04,,45,name+opponents(2)+age,30,2006-05-13,2019-06-01,0,2026-10-07
http://ufcstats.com/fighter-details/b12fb759e02378de,Gilbert Urbina,ufcstats,gidstats,https://gidstats.com/fighters/urbina_gilbert.html,,https://gidstats.com/fighters/urbina_gilbert.html,Gilbert Urbina,1996-04-05,,30,name+opponents(5)+age,14,2014-05-16,2026-08-01,0,2026-10-07
http://ufcstats.com/fighter-details/b12fc8a41e82d3a2,Joby Sanchez,ufcstats+dwcs,gidstats,https://gidstats.com/fighters/joby_sanchez.html,,https://gidstats.com/fighters/joby_sanchez.html,Joby Sanchez,1991-06-24,,35,name+opponents(7)+age,18,2011-02-11,2019-10-11,0,2026-10-07
http://ufcstats.com/fighter-details/b13da0b1a3aed3e7,Nick Ring,ufcstats,gidstats,https://gidstats.com/fighters/nick_ring.html,,https://gidstats.com/fighters/nick_ring.html,Nick Ring,1979-02-10,,47,name+opponents(6)+age,20,2002-02-23,2015-06-26,0,2026-10-07
http://ufcstats.com/fighter-details/b15862fcd6ded451,Carlos Mota,ufcstats,gidstats,https://gidstats.com/fighters/carlos_mota.html,,https://gidstats.com/fighters/carlos_mota.html,Carlos Mota,1995-04-15,,31,name+opponents(1)+age,10,2016-07-31,2022-10-29,0,2026-10-07
http://ufcstats.com/fighter-details/b1a3e0aca758b322,Derek Brunson,ufcstats,gidstats,https://gidstats.com/fighters/derek_brunson.html,,https://gidstats.com/fighters/derek_brunson.html,Derek Brunson,1984-01-04,,42,name+opponents(21)+age,33,2010-05-22,2023-11-24,1,2026-10-07
http://ufcstats.com/fighter-details/b1b0729d27936f2f,Belal Muhammad,ufcstats,gidstats,https://gidstats.com/fighters/belal_muhammad.html,,https://gidstats.com/fighters/belal_muhammad.html,Belal Muhammad,1988-07-09,,38,name+opponents(20)+age,31,2012-08-18,2026-06-06,1,2026-10-07
http://ufcstats.com/fighter-details/b1d19449397541dc,Askar Askarov,ufcstats,gidstats,https://gidstats.com/fighters/askar_askarov.html,,https://gidstats.com/fighters/askar_askarov.html,Askar Askarov,1992-10-09,,33,name+opponents(5)+age,16,2013-07-07,2022-03-26,0,2026-10-07
http://ufcstats.com/fighter-details/b1de86d835638319,Luke Riley,ufcstats,gidstats,https://gidstats.com/fighters/luke_riley.html,,https://gidstats.com/fighters/luke_riley.html,Luke Riley,1999-06-30,,27,name+opponents(3)+age,13,2021-10-01,2026-03-21,0,2026-10-07
http://ufcstats.com/fighter-details/b1e5bcaad32a3cac,Priscila Cachoeira,ufcstats+card,gidstats,https://gidstats.com/fighters/priscila_cachoeira.html,,https://gidstats.com/fighters/priscila_cachoeira.html,Priscila Cachoeira,1988-08-19,,38,name+opponents(14)+age,22,2016-06-11,2026-06-06,0,2026-10-07
http://ufcstats.com/fighter-details/b1f21ce050035d58,Andre Lima,ufcstats+dwcs,gidstats,https://gidstats.com/fighters/andr_lima.html,,https://gidstats.com/fighters/andr_lima.html,André Lima,1999-02-04,,27,name+opponents(6)+age,12,2022-10-08,2026-06-20,8,2026-10-07
http://ufcstats.com/fighter-details/b26d3e3746fb4024,Brian Bowles,ufcstats,gidstats,https://gidstats.com/fighters/brian_bowles.html,,https://gidstats.com/fighters/brian_bowles.html,Brian Bowles,1980-06-22,,46,name+opponents(4)+age,13,2006-05-12,2013-05-25,0,2026-10-07
http://ufcstats.com/fighter-details/b27a1fcb56a3035a,Trevin Giles,ufcstats,gidstats,https://gidstats.com/fighters/trevin_giles.html,,https://gidstats.com/fighters/trevin_giles.html,Trevin Giles,1992-08-06,,34,name+opponents(14)+age,23,2014-01-31,2024-11-02,1,2026-10-07
http://ufcstats.com/fighter-details/b27b8881d7444114,Adam Cella,ufcstats,gidstats,https://gidstats.com/fighters/adam_cella.html,,https://gidstats.com/fighters/adam_cella.html,Adam Cella,1985-06-26,,41,name+opponents(1)+age,22,2011-09-16,2020-10-24,0,2026-10-07
http://ufcstats.com/fighter-details/b2a2da86546ddb19,Buddy Roberts,ufcstats,gidstats,https://gidstats.com/fighters/buddy_roberts.html,,https://gidstats.com/fighters/buddy_roberts.html,Buddy Roberts,1982-10-17,,43,name+opponents(2)+age,15,2007-03-03,2012-08-11,3,2026-10-07
http://ufcstats.com/fighter-details/b2a78df161bd67f9,Gauge Young,ufcstats+dwcs,gidstats,https://gidstats.com/fighters/gauge_young.html,,https://gidstats.com/fighters/gauge_young.html,Gauge Young,2000-07-14,,26,name+opponents(3)+age,13,2020-12-11,2025-08-23,1,2026-10-07
http://ufcstats.com/fighter-details/b2e3aca4cd363477,Chris Cariaso,ufcstats,gidstats,https://gidstats.com/fighters/chris_cariaso.html,,https://gidstats.com/fighters/chris_cariaso.html,Chris Cariaso,1981-05-27,,45,name+opponents(13)+age,25,2006-05-13,2015-10-03,2,2026-10-07
http://ufcstats.com/fighter-details/b2f88c04c4dd43ce,Jason Miller,ufcstats,gidstats,https://gidstats.com/fighters/jason_miller.html,,https://gidstats.com/fighters/jason_miller.html,Jason Miller,1980-12-24,,45,name+opponents(2)+age,35,2001-04-28,2016-05-21,0,2026-10-07
http://ufcstats.com/fighter-details/b34976c022b24568,Anthony Wint,ufcstats,gidstats,https://gidstats.com/fighters/anthony_wint.html,,https://gidstats.com/fighters/anthony_wint.html,Anthony Wint,1995-09-14,,31,name+opponents(2)+age,8,2023-04-14,2026-08-22,0,2026-10-07
http://ufcstats.com/fighter-details/b35a159f525764eb,Chris Saunders,ufcstats,gidstats,https://gidstats.com/fighters/chris_saunders.html,,https://gidstats.com/fighters/chris_saunders.html,Chris Saunders,1986-03-11,,40,name+opponents(1)+age,27,2009-07-17,2017-04-29,0,2026-10-07
http://ufcstats.com/fighter-details/b35ba64b6a2bbcb3,Jose Maria,ufcstats,gidstats,https://gidstats.com/fighters/jose_maria.html,,https://gidstats.com/fighters/jose_maria.html,Jose Maria,1982-01-04,,44,name+opponents(2)+age,54,2004-08-10,2023-05-13,0,2026-10-07
http://ufcstats.com/fighter-details/b39f7a6c2be17ee8,Charlie Campbell,ufcstats,gidstats,https://gidstats.com/fighters/charlie_campbell.html,,https://gidstats.com/fighters/charlie_campbell.html,Charlie Campbell,1995-07-03,,31,name+opponents(3)+age,12,2019-05-31,2025-09-27,2,2026-10-07
http://ufcstats.com/fighter-details/b3cb9dfccff3be76,Salahdine Parnasse,ufcstats,gidstats,https://gidstats.com/fighters/salahdine_parnasse.html,,https://gidstats.com/fighters/salahdine_parnasse.html,Salahdine Parnasse,1997-12-04,,28,name+opponents(1)+age,25,2015-06-20,2026-05-16,3,2026-10-07
http://ufcstats.com/fighter-details/b3d21b2610dcfaeb,Emily Whitmire,ufcstats,gidstats,https://gidstats.com/fighters/emily_whitmire.html,,https://gidstats.com/fighters/emily_whitmire.html,Emily Whitmire,1991-05-24,,35,name+opponents(6)+age,11,2015-09-19,2021-09-18,0,2026-10-07
http://ufcstats.com/fighter-details/b406da701c479076,Ernest Chavez,ufcstats,gidstats,https://gidstats.com/fighters/ernest_chavez.html,,https://gidstats.com/fighters/ernest_chavez.html,Ernest Chavez,1983-06-27,,43,name+opponents(3)+age,12,2009-06-13,2015-12-11,0,2026-10-07
http://ufcstats.com/fighter-details/b4192a975027aab6,Maryna Moroz,ufcstats,gidstats,https://gidstats.com/fighters/maryna_moroz.html,,https://gidstats.com/fighters/maryna_moroz.html,Maryna Moroz,1991-09-08,,35,name+opponents(11)+age,17,2013-11-23,2024-03-09,0,2026-10-07
http://ufcstats.com/fighter-details/b4443fae47e7eb9d,Wes Schultz,ufcstats+dwcs+card,gidstats,https://gidstats.com/fighters/wes_schultz.html,,https://gidstats.com/fighters/wes_schultz.html,Wes Schultz,1996-08-09,,30,name+opponents(5)+age,13,2021-10-23,2026-08-22,0,2026-10-07
http://ufcstats.com/fighter-details/b4537562f88ac582,Khalid Taha,ufcstats,gidstats,https://gidstats.com/fighters/khalid_taha.html,,https://gidstats.com/fighters/khalid_taha.html,Khalid Taha,1992-02-15,,34,name+opponents(6)+age,22,2013-04-06,2025-09-13,0,2026-10-07
http://ufcstats.com/fighter-details/b45d6b73f4ca4467,Andre Winner,ufcstats,gidstats,https://gidstats.com/fighters/andre_winner.html,,https://gidstats.com/fighters/andre_winner.html,Andre Winner,1981-11-09,,45,name+opponents(4)+age,41,2004-12-12,2019-06-08,0,2026-10-07
http://ufcstats.com/fighter-details/b4880ef2f838d4e1,Silvana Gomez Juarez,ufcstats,gidstats,https://gidstats.com/fighters/silvana_gmez_jurez.html,,https://gidstats.com/fighters/silvana_gmez_jurez.html,Silvana Gómez Juárez,1984-12-06,,41,name+opponents(3)+age,16,2010-03-27,2022-11-12,0,2026-10-07
http://ufcstats.com/fighter-details/b4ad3a06ee4d660c,Alistair Overeem,ufcstats,gidstats,https://gidstats.com/fighters/alistair_overeem.html,,https://gidstats.com/fighters/alistair_overeem.html,Alistair Overeem,1980-05-17,,46,name+opponents(20)+age,67,1999-10-24,2021-02-06,15,2026-10-07
http://ufcstats.com/fighter-details/b4b496ec2197ee3e,Navajo Stirling,ufcstats+dwcs+card,gidstats,https://gidstats.com/fighters/navajo_stirling.html,,https://gidstats.com/fighters/navajo_stirling.html,Navajo Stirling,1997-11-07,,28,name+opponents(8)+age,11,2022-09-23,2026-08-01,2,2026-10-07
http://ufcstats.com/fighter-details/b4c57a8c2b773e82,Michal Figlak,ufcstats,gidstats,https://gidstats.com/fighters/mike_figlak.html,,https://gidstats.com/fighters/mike_figlak.html,Mike Figlak,1996-08-15,,30,alias+opponents(2)+age,10,2018-03-11,2024-04-27,0,2026-10-07
http://ufcstats.com/fighter-details/b4c6c904a9ffc5e8,Ashley Yoder,ufcstats,gidstats,https://gidstats.com/fighters/ashley_yoder.html,,https://gidstats.com/fighters/ashley_yoder.html,Ashley Yoder,1987-10-20,,38,name+opponents(10)+age,20,2014-02-01,2024-08-23,1,2026-10-07
http://ufcstats.com/fighter-details/b4c96c3d9139bf0e,Patrick Walsh,ufcstats,gidstats,https://gidstats.com/fighters/patrick_walsh.html,,https://gidstats.com/fighters/patrick_walsh.html,Patrick Walsh,1988-11-28,,37,name+opponents(2)+age,16,2012-09-15,2017-03-31,0,2026-10-07
http://ufcstats.com/fighter-details/b4eeac608fc82f88,Yves Jabouin,ufcstats,gidstats,https://gidstats.com/fighters/yves_jabouin.html,,https://gidstats.com/fighters/yves_jabouin.html,Yves Jabouin,1979-05-30,,47,name+opponents(10)+age,31,2001-05-12,2015-08-23,1,2026-10-07
http://ufcstats.com/fighter-details/b50a426a33da0012,Sean O'Malley,ufcstats+dwcs,gidstats,https://gidstats.com/fighters/sean_omalley.html,,https://gidstats.com/fighters/sean_omalley.html,Sean O'Malley,1994-10-24,,31,name+opponents(15)+age,24,2015-03-06,2026-06-14,4,2026-10-07
http://ufcstats.com/fighter-details/b53c46f613f6f248,Brianna Fortino,ufcstats,gidstats,https://gidstats.com/fighters/brianna_van_buren.html,,https://gidstats.com/fighters/brianna_van_buren.html,Brianna Fortino,1993-08-04,,33,name+opponents(2)+age,12,2012-10-20,2020-06-20,1,2026-10-07
http://ufcstats.com/fighter-details/b57edace7b647f07,Matt Hobar,ufcstats,gidstats,https://gidstats.com/fighters/matt_hobar.html,,https://gidstats.com/fighters/matt_hobar.html,Matt Hobar,1987-01-07,,39,name+opponents(3)+age,12,2011-03-11,2014-12-06,0,2026-10-07
http://ufcstats.com/fighter-details/b59037262c8fe060,Ryan Janes,ufcstats,gidstats,https://gidstats.com/fighters/ryan_janes.html,,https://gidstats.com/fighters/ryan_janes.html,Ryan Janes,1981-08-22,,45,name+opponents(4)+age,13,2008-10-18,2017-12-01,0,2026-10-07
http://ufcstats.com/fighter-details/b5b684eac99ae0a3,Chad Mendes,ufcstats,gidstats,https://gidstats.com/fighters/chad_mendes.html,,https://gidstats.com/fighters/chad_mendes.html,Chad Mendes,1985-05-01,,41,name+opponents(13)+age,23,2008-09-26,2018-12-29,5,2026-10-07
http://ufcstats.com/fighter-details/b5c19c34f12c917e,Denzel Freeman,ufcstats,gidstats,https://gidstats.com/fighters/denzel_freeman.html,,https://gidstats.com/fighters/denzel_freeman.html,Denzel Freeman,1991-11-10,,34,name+opponents(1)+age,8,2017-12-15,2025-11-22,1,2026-10-07
http://ufcstats.com/fighter-details/b5da8f7d05e85a55,Josh Parisian,ufcstats+dwcs,gidstats,https://gidstats.com/fighters/josh_parisian.html,,https://gidstats.com/fighters/josh_parisian.html,Josh Parisian,1989-06-28,,37,name+opponents(9)+age,25,2014-11-22,2025-12-05,0,2026-10-07
http://ufcstats.com/fighter-details/b60c980f79b87ce8,Bea Malecki,ufcstats,gidstats,https://gidstats.com/fighters/bea_malecki.html,,https://gidstats.com/fighters/bea_malecki.html,Bea Malecki,1991-08-23,,35,name+opponents(3)+age,4,2018-07-26,2021-08-21,0,2026-10-07
http://ufcstats.com/fighter-details/b6203e0492a9336c,Marnic Mann,ufcstats+dwcs,gidstats,https://gidstats.com/fighters/marnic_mann.html,,https://gidstats.com/fighters/marnic_mann.html,Marnic Mann,1993-03-05,,33,name+opponents(3)+age,9,2019-04-06,2024-04-27,0,2026-10-07
http://ufcstats.com/fighter-details/b62d5280966b2460,Clayton Carpenter,ufcstats,gidstats,https://gidstats.com/fighters/clayton_carpenter.html,,https://gidstats.com/fighters/clayton_carpenter.html,Clayton Carpenter,1996-06-09,,30,name+opponents(5)+age,10,2019-08-24,2025-10-11,0,2026-10-07
http://ufcstats.com/fighter-details/b6452706b373eea1,Renato Moicano,ufcstats+card,gidstats,https://gidstats.com/fighters/renato_moicano.html,,https://gidstats.com/fighters/renato_moicano.html,Renato Moicano,1989-05-21,,37,name+opponents(21)+age,29,2010-03-20,2026-04-04,3,2026-10-07
http://ufcstats.com/fighter-details/b671bdf981ad527d,HyunSung Park,ufcstats,gidstats,https://gidstats.com/fighters/hyun_sung_park.html,,https://gidstats.com/fighters/hyun_sung_park.html,HyunSung Park,1995-11-04,,30,name+opponents(5)+age,12,2018-11-18,2025-10-18,1,2026-10-07
http://ufcstats.com/fighter-details/b67d6bacc68d4c92,Daniel Santos,ufcstats,gidstats,https://gidstats.com/fighters/daniel_santos.html,,https://gidstats.com/fighters/daniel_santos.html,Daniel Santos,1995-03-12,,31,name+opponents(6)+age,16,2013-08-17,2026-05-16,0,2026-10-07
http://ufcstats.com/fighter-details/b6850671a008bf9a,Felice Herrig,ufcstats,gidstats,https://gidstats.com/fighters/felice_herrig.html,,https://gidstats.com/fighters/felice_herrig.html,Felice Herrig,1984-09-18,,42,name+opponents(9)+age,26,2009-02-21,2022-06-04,1,2026-10-07
http://ufcstats.com/fighter-details/b69f24c500d783e7,Francimar Barroso,ufcstats,gidstats,https://gidstats.com/fighters/francimar_barroso.html,,https://gidstats.com/fighters/francimar_barroso.html,Francimar Barroso,1980-02-28,,46,name+opponents(8)+age,36,2005-05-16,2026-05-30,0,2026-10-07
http://ufcstats.com/fighter-details/b6c37948cb226e8c,Benardo Sopaj,ufcstats,gidstats,https://gidstats.com/fighters/benardo_sopaj.html,,https://gidstats.com/fighters/benardo_sopaj.html,Benardo Sopaj,2000-09-25,,26,name+opponents(3)+age,17,2016-06-11,2026-05-16,0,2026-10-07
http://ufcstats.com/fighter-details/b6c4451cb13c9303,Andy Ogle,ufcstats,gidstats,https://gidstats.com/fighters/andy_ogle.html,,https://gidstats.com/fighters/andy_ogle.html,Andy Ogle,1989-02-16,,37,name+opponents(6)+age,18,2009-10-18,2015-01-24,0,2026-10-07
http://ufcstats.com/fighter-details/b6e6c3b1dcaae0a1,Will Brooks,ufcstats,gidstats,https://gidstats.com/fighters/will_brooks.html,,https://gidstats.com/fighters/will_brooks.html,Will Brooks,1986-10-08,,39,name+opponents(4)+age,32,2011-01-21,2023-06-02,0,2026-10-07
http://ufcstats.com/fighter-details/b701f095e6ccb149,Ollie Schmid,ufcstats+card,gidstats,https://gidstats.com/fighters/oliver_schmid.html,,https://gidstats.com/fighters/oliver_schmid.html,Oliver Schmid,2000-12-28,,25,alias+opponents(2)+age,7,2023-05-06,2026-05-02,0,2026-10-07
http://ufcstats.com/fighter-details/b71ce838b01f2cad,Rony Jason,ufcstats,gidstats,https://gidstats.com/fighters/rony_jason.html,,https://gidstats.com/fighters/rony_jason.html,Rony Jason,1984-03-21,,42,name+opponents(8)+age,30,2006-05-04,2023-05-28,2,2026-10-07
http://ufcstats.com/fighter-details/b72a60a0cadff408,Louis Gaudinot,ufcstats,gidstats,https://gidstats.com/fighters/louis_gaudinot.html,,https://gidstats.com/fighters/louis_gaudinot.html,Louis Gaudinot,1984-08-28,,42,name+opponents(5)+age,16,2009-04-17,2018-09-21,0,2026-10-07
http://ufcstats.com/fighter-details/b76c6268dc1d3c05,Danielle Taylor,ufcstats,gidstats,https://gidstats.com/fighters/danielle_taylor.html,,https://gidstats.com/fighters/danielle_taylor.html,Danielle Taylor,1989-10-25,,36,name+opponents(5)+age,20,2014-03-06,2023-05-03,0,2026-10-07
http://ufcstats.com/fighter-details/b788862dd1c11eac,Brendan Loughnane,ufcstats+dwcs,gidstats,https://gidstats.com/fighters/brendan_loughnane.html,,https://gidstats.com/fighters/brendan_loughnane.html,Brendan Loughnane,1989-12-05,,36,name+opponents(2)+age,38,2010-06-26,2024-11-29,0,2026-10-07
http://ufcstats.com/fighter-details/b7ad576b8ae115e6,Mike Rhodes,ufcstats,gidstats,https://gidstats.com/fighters/mike_rhodes.html,,https://gidstats.com/fighters/mike_rhodes.html,Mike Rhodes,1989-12-04,,36,name+opponents(3)+age,20,2012-05-04,2019-11-22,0,2026-10-07
http://ufcstats.com/fighter-details/b7b84ccd221be298,Nasrat Haqparast,ufcstats,gidstats,https://gidstats.com/fighters/nasrat_haqparast.html,,https://gidstats.com/fighters/nasrat_haqparast.html,Nasrat Haqparast,1995-08-22,,31,name+opponents(15)+age,24,2012-12-15,2025-10-25,0,2026-10-07
http://ufcstats.com/fighter-details/b7c5eb7cdbac6a63,Danny Barlow,ufcstats+dwcs,gidstats,https://gidstats.com/fighters/danny_barlow.html,,https://gidstats.com/fighters/danny_barlow.html,Danny Barlow,1995-08-02,,31,name+opponents(5)+age,11,2021-10-29,2025-10-18,1,2026-10-07
http://ufcstats.com/fighter-details/b7d524c77c27389b,Marcus Davis,ufcstats,gidstats,https://gidstats.com/fighters/marcus_davis.html,,https://gidstats.com/fighters/marcus_davis.html,Marcus Davis,1973-08-24,,53,name+opponents(3)+age,34,2003-08-22,2014-02-08,1,2026-10-07
http://ufcstats.com/fighter-details/b7f38813485745da,Michael Kuiper,ufcstats,gidstats,https://gidstats.com/fighters/michael_kuiper.html,,https://gidstats.com/fighters/michael_kuiper.html,Michael Kuiper,1989-06-07,,37,name+opponents(4)+age,21,2009-02-14,2018-04-07,0,2026-10-07
http://ufcstats.com/fighter-details/b7ffa72aa148599a,KJ Noons,ufcstats,gidstats,https://gidstats.com/fighters/kj_noons.html,,https://gidstats.com/fighters/kj_noons.html,KJ Noons,1982-12-07,,43,name+opponents(6)+age,23,2002-10-12,2016-02-06,1,2026-10-07
http://ufcstats.com/fighter-details/b852ad2b35354fcb,Ezra Elliott,ufcstats,gidstats,https://gidstats.com/fighters/ezra_elliott.html,,https://gidstats.com/fighters/ezra_elliott.html,Ezra Elliott,2000-05-18,,26,name+age,4,2024-04-12,2025-03-06,0,2026-10-07
http://ufcstats.com/fighter-details/b8592b4a383696cd,Mitch Gagnon,ufcstats,gidstats,https://gidstats.com/fighters/mitch_gagnon.html,,https://gidstats.com/fighters/mitch_gagnon.html,Mitch Gagnon,1984-10-10,,41,name+opponents(8)+age,17,2008-09-13,2019-05-04,0,2026-10-07
http://ufcstats.com/fighter-details/b8a85389d115e35a,Jack Shore,ufcstats,gidstats,https://gidstats.com/fighters/jack_shore.html,,https://gidstats.com/fighters/jack_shore.html,Jack Shore,1995-02-06,,31,name+opponents(9)+age,20,2016-03-05,2024-11-02,0,2026-10-07
http://ufcstats.com/fighter-details/b8aef0faf4ce9b31,Sam Sicilia,ufcstats,gidstats,https://gidstats.com/fighters/sam_sicilia.html,,https://gidstats.com/fighters/sam_sicilia.html,Sam Sicilia,1986-02-01,,40,name+opponents(11)+age,30,2011-01-15,2021-08-26,0,2026-10-07
http://ufcstats.com/fighter-details/b8bbdeff718dbb7d,Pat Sabatini,ufcstats,gidstats,https://gidstats.com/fighters/sabatini_pat.html,,https://gidstats.com/fighters/sabatini_pat.html,Pat Sabatini,1990-11-09,,35,name+opponents(10)+age,26,2014-04-26,2025-11-15,7,2026-10-07
http://ufcstats.com/fighter-details/b8c0f30ee9a98b69,Fernando Bruno,ufcstats,gidstats,https://gidstats.com/fighters/bruno_fernando.html,,https://gidstats.com/fighters/bruno_fernando.html,Fernando Bruno,1982-02-24,,44,name+opponents(2)+age,26,2007-10-27,2024-06-29,0,2026-10-07
http://ufcstats.com/fighter-details/b909a9a9688b5284,Gabriel Miranda,ufcstats,gidstats,https://gidstats.com/fighters/gabriel_miranda.html,,https://gidstats.com/fighters/gabriel_miranda.html,Gabriel Miranda,1990-03-25,,36,name+opponents(4)+age,25,2012-10-20,2025-03-29,0,2026-10-07
http://ufcstats.com/fighter-details/b9124c308671e303,Otari Tanzilovi,ufcstats+dwcs+card,gidstats,https://gidstats.com/fighters/otar_tanzilov.html,,https://gidstats.com/fighters/otar_tanzilov.html,Otar Tanzilov,1998-04-09,,28,alias+opponents(2)+age,12,2018-10-02,2026-06-20,0,2026-10-07
http://ufcstats.com/fighter-details/b93c06d09d1c4ac0,Steven Peterson,ufcstats+dwcs,gidstats,https://gidstats.com/fighters/steven_peterson.html,,https://gidstats.com/fighters/steven_peterson.html,Steven Peterson,1990-05-29,,36,name+opponents(9)+age,30,2010-08-04,2023-03-25,0,2026-10-07
http://ufcstats.com/fighter-details/b9415726dc3ec526,Rodney Wallace,ufcstats,gidstats,https://gidstats.com/fighters/rodney_wallace.html,,https://gidstats.com/fighters/rodney_wallace.html,Rodney Wallace,1981-11-21,,44,name+opponents(2)+age,43,2008-04-18,2017-09-10,1,2026-10-07
http://ufcstats.com/fighter-details/b9437600497350f3,Joaquin Buckley,ufcstats+card,gidstats,https://gidstats.com/fighters/joaquin_buckley.html,,https://gidstats.com/fighters/joaquin_buckley.html,Joaquin Buckley,1994-04-27,,32,name+opponents(18)+age,29,2014-09-13,2026-05-09,1,2026-10-07
http://ufcstats.com/fighter-details/b959e8c7fd8390d2,Kyle Kingsbury,ufcstats,gidstats,https://gidstats.com/fighters/kyle_kingsbury.html,,https://gidstats.com/fighters/kyle_kingsbury.html,Kyle Kingsbury,1982-03-22,,44,name+opponents(7)+age,20,2006-06-10,2014-07-26,0,2026-10-07
http://ufcstats.com/fighter-details/b96619b3acd7d9da,Miesha Tate,ufcstats,gidstats,https://gidstats.com/fighters/miesha_tate.html,,https://gidstats.com/fighters/miesha_tate.html,Miesha Tate,1986-08-18,,40,name+opponents(14)+age,30,2007-11-24,2025-05-03,2,2026-10-07
http://ufcstats.com/fighter-details/b9664eae2ac75262,Eric Spicely,ufcstats,gidstats,https://gidstats.com/fighters/eric_spicely.html,,https://gidstats.com/fighters/eric_spicely.html,Eric Spicely,1986-09-29,,40,name+opponents(7)+age,24,2013-02-01,2023-02-25,0,2026-10-07
http://ufcstats.com/fighter-details/b96939f2b8d88e82,Ariel Beck,ufcstats,gidstats,https://gidstats.com/fighters/ariel_beck.html,,https://gidstats.com/fighters/ariel_beck.html,Ariel Beck,1990-09-16,,36,name+opponents(1)+age,10,2014-05-16,2017-12-01,1,2026-10-07
http://ufcstats.com/fighter-details/b9706f80d005036c,Ketlen Vieira,ufcstats,gidstats,https://gidstats.com/fighters/ketlen_vieira.html,,https://gidstats.com/fighters/ketlen_vieira.html,Ketlen Vieira,1991-08-26,,35,name+opponents(15)+age,21,2014-10-02,2026-05-16,0,2026-10-07
http://ufcstats.com/fighter-details/b997be68943010fc,Geoff Neal,ufcstats+dwcs,gidstats,https://gidstats.com/fighters/geoff_neal.html,,https://gidstats.com/fighters/geoff_neal.html,Geoff Neal,1990-08-28,,36,name+opponents(15)+age,24,2012-08-25,2026-02-21,0,2026-10-07
http://ufcstats.com/fighter-details/b9c03e7a4557e542,Royston Wee,ufcstats,gidstats,https://gidstats.com/fighters/royston_wee.html,,https://gidstats.com/fighters/royston_wee.html,Royston Wee,1986-11-15,,39,name+opponents(2)+age,5,2011-11-12,2015-05-16,0,2026-10-07
http://ufcstats.com/fighter-details/b9d0fd83bb8a147a,Keith Jardine,ufcstats,gidstats,https://gidstats.com/fighters/keith_jardine.html,,https://gidstats.com/fighters/keith_jardine.html,Keith Jardine,1975-10-31,,50,name+opponents(2)+age,30,2001-08-19,2012-07-14,2,2026-10-07
http://ufcstats.com/fighter-details/b9f28e7045fdfce7,Raoni Barcelos,ufcstats,gidstats,https://gidstats.com/fighters/raoni_barcelos.html,,https://gidstats.com/fighters/raoni_barcelos.html,Raoni Barcelos,1987-05-01,,39,name+opponents(16)+age,27,2012-03-10,2026-04-25,3,2026-10-07
http://ufcstats.com/fighter-details/ba043b03eb799063,Phil Harris,ufcstats,gidstats,https://gidstats.com/fighters/phil_harris.html,,https://gidstats.com/fighters/phil_harris.html,Phil Harris,1983-09-04,,43,name+opponents(5)+age,36,2003-11-02,2014-07-19,4,2026-10-07
http://ufcstats.com/fighter-details/ba15006c804a8de0,Guilherme Pat,ufcstats,gidstats,https://gidstats.com/fighters/guilherme_pat.html,,https://gidstats.com/fighters/guilherme_pat.html,Guilherme Pat,1994-04-20,,32,name+opponents(3)+age,7,2022-11-26,2026-04-04,0,2026-10-07
http://ufcstats.com/fighter-details/ba1e6cb3d43f7430,Justin Ledet,ufcstats,gidstats,https://gidstats.com/fighters/justin_ledet.html,,https://gidstats.com/fighters/justin_ledet.html,Justin Ledet,1988-09-28,,38,name+opponents(6)+age,14,2010-10-16,2020-10-31,0,2026-10-07
http://ufcstats.com/fighter-details/ba280572acfba13f,Matt Mitrione,ufcstats,gidstats,https://gidstats.com/fighters/mitrione_matt.html,,https://gidstats.com/fighters/mitrione_matt.html,Matt Mitrione,1978-07-15,,48,name+opponents(12)+age,25,2009-06-23,2021-07-16,2,2026-10-07
http://ufcstats.com/fighter-details/ba5e253af86db1a8,Terrion Ware,ufcstats,gidstats,https://gidstats.com/fighters/terrion_ware.html,,https://gidstats.com/fighters/terrion_ware.html,Terrion Ware,1986-03-31,,40,name+opponents(4)+age,30,2012-06-10,2022-08-20,1,2026-10-07
http://ufcstats.com/fighter-details/baa9be02c3e3e038,Jose Daniel Medina,ufcstats+dwcs,gidstats,https://gidstats.com/fighters/jos_daniel_medina.html,,https://gidstats.com/fighters/jos_daniel_medina.html,José Medina,1991-05-17,,35,alias+opponents(5)+age,18,2017-04-01,2026-02-28,1,2026-10-07
http://ufcstats.com/fighter-details/bad8be5827ea1bf1,Chris Heatherly,ufcstats,gidstats,https://gidstats.com/fighters/chris_heatherly.html,,https://gidstats.com/fighters/chris_heatherly.html,Chris Heatherly,1987-11-24,,38,name+opponents(2)+age,14,2012-05-19,2016-06-24,0,2026-10-07
http://ufcstats.com/fighter-details/baed16f18348908e,Kris McCray,ufcstats,gidstats,https://gidstats.com/fighters/kris_mccray.html,,https://gidstats.com/fighters/kris_mccray.html,Kris McCray,1981-09-24,,45,name+opponents(3)+age,19,2008-10-11,2015-10-03,0,2026-10-07
http://ufcstats.com/fighter-details/bb1a2cdad6ff34db,Jason Knight,ufcstats,gidstats,https://gidstats.com/fighters/jason_knight.html,,https://gidstats.com/fighters/jason_knight.html,Jason Knight,1992-07-14,,34,name+opponents(9)+age,29,2009-09-24,2022-03-19,4,2026-10-07
http://ufcstats.com/fighter-details/bb2c3c3a466224af,Lone'er Kavanagh,ufcstats+dwcs+card,gidstats,https://gidstats.com/fighters/loneer_kavanagh.html,,https://gidstats.com/fighters/loneer_kavanagh.html,Lone'er Kavanagh,1999-06-09,,27,name+opponents(6)+age,11,2019-03-02,2026-02-28,0,2026-10-07
http://ufcstats.com/fighter-details/bb61823f76361297,Kyle Stewart,ufcstats+dwcs,gidstats,https://gidstats.com/fighters/kyle_stewart.html,,https://gidstats.com/fighters/kyle_stewart.html,Kyle Stewart,1989-01-31,,37,name+opponents(3)+age,21,2015-07-25,2022-05-06,0,2026-10-07
http://ufcstats.com/fighter-details/bbab3baf66128ae2,Javid Basharat,ufcstats+dwcs,gidstats,https://gidstats.com/fighters/javid_basharat.html,,https://gidstats.com/fighters/javid_basharat.html,Javid Basharat,1995-09-07,,31,name+opponents(8)+age,18,2016-04-23,2026-02-07,0,2026-10-07
http://ufcstats.com/fighter-details/bbc9ab95fa766493,Anderson Dos Santos,ufcstats,gidstats,https://gidstats.com/fighters/anderson_dos_santos.html,,https://gidstats.com/fighters/anderson_dos_santos.html,Anderson dos Santos,1985-07-24,,41,name+opponents(4)+age,37,2011-09-14,2023-12-24,2,2026-10-07
http://ufcstats.com/fighter-details/bbfca6d5c27d9cd8,Edwin Figueroa,ufcstats,gidstats,https://gidstats.com/fighters/edwin_figueroa.html,,https://gidstats.com/fighters/edwin_figueroa.html,Edwin Figueroa,1984-07-31,,42,name+opponents(6)+age,14,2007-05-11,2016-06-24,0,2026-10-07
http://ufcstats.com/fighter-details/bc3ec52ef70fc155,Ryan Jimmo,ufcstats,gidstats,https://gidstats.com/fighters/ryan_jimmo.html,,https://gidstats.com/fighters/ryan_jimmo.html,Ryan Jimmo,1981-11-27,,,name+opponents(7),25,2007-02-03,2015-05-30,0,2026-10-07
http://ufcstats.com/fighter-details/bc5a51159ec2fdf2,Magomed Tuchalov,ufcstats,gidstats,https://gidstats.com/fighters/magomed_tuchalov.html,,https://gidstats.com/fighters/magomed_tuchalov.html,Magomed Tuchalov,1999-12-30,,26,name+opponents(1)+age,6,2023-08-27,2026-03-28,1,2026-10-07
http://ufcstats.com/fighter-details/bc656db347f31e19,Mike Santiago,ufcstats+dwcs,gidstats,https://gidstats.com/fighters/mike_santiago.html,,https://gidstats.com/fighters/mike_santiago.html,Mike Santiago,1989-07-28,,37,name+opponents(4)+age,36,2010-04-30,2020-07-31,0,2026-10-07
http://ufcstats.com/fighter-details/bc711b6dd95c1af6,Mario Bautista,ufcstats,gidstats,https://gidstats.com/fighters/mario_bautista.html,,https://gidstats.com/fighters/mario_bautista.html,Mario Bautista,1993-07-01,,33,name+opponents(14)+age,20,2017-05-20,2026-02-07,0,2026-10-07
http://ufcstats.com/fighter-details/bc7230f231701d66,Mike Easton,ufcstats,gidstats,https://gidstats.com/fighters/mike_easton.html,,https://gidstats.com/fighters/mike_easton.html,Mike Easton,1984-01-25,,42,name+opponents(7)+age,19,2003-02-08,2017-04-08,3,2026-10-07
http://ufcstats.com/fighter-details/bc7d1ad49fcb2d08,Jaqueline Amorim,ufcstats,gidstats,https://gidstats.com/fighters/jaqueline_amorim.html,,https://gidstats.com/fighters/jaqueline_amorim.html,Jaqueline Amorim,1995-06-24,,31,name+opponents(6)+age,13,2020-09-04,2026-05-30,1,2026-10-07
http://ufcstats.com/fighter-details/bc7f4b2d4c2724a2,Tyrell Fortune,ufcstats,gidstats,https://gidstats.com/fighters/fortune_tyrell.html,,https://gidstats.com/fighters/fortune_tyrell.html,Tyrell Fortune,1990-07-04,,36,name+opponents(2)+age,23,2016-11-04,2026-03-28,0,2026-10-07
http://ufcstats.com/fighter-details/bc8f6b42767e28df,Naoyuki Kotani,ufcstats,gidstats,https://gidstats.com/fighters/naoyuki_kotani.html,,https://gidstats.com/fighters/naoyuki_kotani.html,Naoyuki Kotani,1981-12-08,,44,name+opponents(3)+age,62,2000-09-05,2023-02-11,8,2026-10-07
http://ufcstats.com/fighter-details/bcad7223af3c19da,Martin Svensson,ufcstats,gidstats,https://gidstats.com/fighters/martin_svensson.html,,https://gidstats.com/fighters/martin_svensson.html,Martin Svensson,1985-04-25,,41,name+opponents(1)+age,23,2008-03-15,2016-10-15,0,2026-10-07
http://ufcstats.com/fighter-details/bd21a1e3d41c97ee,Ronny Markes,ufcstats,gidstats,https://gidstats.com/fighters/ronny_markes.html,,https://gidstats.com/fighters/ronny_markes.html,Ronny Markes,1988-04-21,,38,name+opponents(5)+age,36,2007-01-26,2025-07-23,4,2026-10-07
http://ufcstats.com/fighter-details/bd532e9a2b93870c,Melissa Mullins,ufcstats,gidstats,https://gidstats.com/fighters/melissa_dixon.html,,https://gidstats.com/fighters/melissa_dixon.html,Melissa Mullins,1991-07-23,,35,name+opponents(3)+age,10,2021-06-26,2026-06-20,3,2026-10-07
http://ufcstats.com/fighter-details/bd5403efbaa445c0,Sean Soriano,ufcstats,gidstats,https://gidstats.com/fighters/sean_soriano.html,,https://gidstats.com/fighters/sean_soriano.html,Sean Soriano,1989-10-06,,37,name+opponents(5)+age,23,2009-06-05,2022-05-20,1,2026-10-07
http://ufcstats.com/fighter-details/bd58d34e39b7b12a,Ben Rothwell,ufcstats,gidstats,https://gidstats.com/fighters/ben_rothwell.html,,https://gidstats.com/fighters/ben_rothwell.html,Ben Rothwell,1981-10-17,,44,name+opponents(16)+age,51,2001-01-06,2021-11-13,4,2026-10-07
http://ufcstats.com/fighter-details/bd878a638e0e3be3,Angela Magana,ufcstats,gidstats,https://gidstats.com/fighters/angela_magana.html,,https://gidstats.com/fighters/angela_magana.html,Angela Magana,1983-08-02,,43,name+opponents(3)+age,22,2007-03-23,2018-08-12,1,2026-10-07
http://ufcstats.com/fighter-details/bda04c573563cc2e,Todd Duffee,ufcstats,gidstats,https://gidstats.com/fighters/todd_duffee.html,,https://gidstats.com/fighters/todd_duffee.html,Todd Duffee,1985-12-06,,40,name+opponents(5)+age,14,2007-02-09,2023-02-25,1,2026-10-07
http://ufcstats.com/fighter-details/bdcbb976816fd256,Daniel Kelly,ufcstats,gidstats,https://gidstats.com/fighters/daniel_kelly.html,,https://gidstats.com/fighters/daniel_kelly.html,Daniel Kelly,1977-10-31,,48,name+opponents(10)+age,18,2006-07-22,2018-05-27,0,2026-10-07
http://ufcstats.com/fighter-details/be0b310a12eb80b4,Enrique Barzola,ufcstats,gidstats,https://gidstats.com/fighters/enrique_barzola.html,,https://gidstats.com/fighters/enrique_barzola.html,Enrique Barzola,1989-04-28,,37,name+opponents(10)+age,38,2012-12-12,2026-08-15,0,2026-10-07
http://ufcstats.com/fighter-details/be4076c9e8d791e3,Joao Zeferino,ufcstats,gidstats,https://gidstats.com/fighters/joao_zeferino.html,,https://gidstats.com/fighters/joao_zeferino.html,Joao Zeferino,1986-01-15,,40,name+opponents(2)+age,35,2005-11-26,2022-05-06,0,2026-10-07
http://ufcstats.com/fighter-details/be5cfd73617a5b1a,Javier Vazquez,ufcstats,gidstats,https://gidstats.com/fighters/javier_vazquez.html,,https://gidstats.com/fighters/javier_vazquez.html,Javier Vazquez,1977-07-16,,50,name+opponents(1)+age,21,1998-06-28,2011-06-26,0,2026-10-07
http://ufcstats.com/fighter-details/be68b375707dcb85,Spike Carlyle,ufcstats,gidstats,https://gidstats.com/fighters/spike_carlyle.html,,https://gidstats.com/fighters/spike_carlyle.html,Spike Carlyle,1993-05-06,,33,name+opponents(3)+age,21,2017-09-03,2024-06-09,0,2026-10-07
http://ufcstats.com/fighter-details/be9bdec19b7e9ffe,Austen Lane,ufcstats+dwcs,gidstats,https://gidstats.com/fighters/austen_lane.html,,https://gidstats.com/fighters/austen_lane.html,Austen Lane,1987-11-09,,,name+opponents(8),21,2017-04-01,2025-07-12,0,2026-10-07
http://ufcstats.com/fighter-details/bebb4ae55ac2bf6f,Chris Fishgold,ufcstats,gidstats,https://gidstats.com/fighters/chris_fishgold.html,,https://gidstats.com/fighters/chris_fishgold.html,Chris Fishgold,1992-06-06,,34,name+opponents(4)+age,25,2010-03-06,2023-10-14,3,2026-10-07
http://ufcstats.com/fighter-details/beecb672a279223e,Amanda Ribas,ufcstats,gidstats,https://gidstats.com/fighters/amanda_ribas.html,,https://gidstats.com/fighters/amanda_ribas.html,Amanda Ribas,1993-08-26,,33,name+opponents(11)+age,19,2014-09-27,2025-07-26,0,2026-10-07
http://ufcstats.com/fighter-details/bf0e700106d00e55,Austin Arnett,ufcstats+dwcs,gidstats,https://gidstats.com/fighters/austin_arnett.html,,https://gidstats.com/fighters/austin_arnett.html,Austin Arnett,1991-10-22,,34,name+opponents(5)+age,25,2012-08-11,2022-08-06,0,2026-10-07
http://ufcstats.com/fighter-details/bf2c8e01b07d3eb1,Myktybek Orolbai,ufcstats,gidstats,https://gidstats.com/fighters/myktybek_orolbay_uulu.html,,https://gidstats.com/fighters/myktybek_orolbay_uulu.html,Myktybek Orolbay,1998-02-10,,28,alias+opponents(6)+age,19,2018-08-11,2026-03-14,0,2026-10-07
http://ufcstats.com/fighter-details/bf43fed8f29e1671,Marcin Held,ufcstats,gidstats,https://gidstats.com/fighters/marcin_held.html,,https://gidstats.com/fighters/marcin_held.html,Marcin Held,1992-01-18,,34,name+opponents(4)+age,42,2008-09-28,2026-01-17,14,2026-10-07
http://ufcstats.com/fighter-details/bf60dd3256801649,Nilson Rojas,ufcstats,sherdog,https://www.sherdog.com/fighter/Nilson-Rojas-232247,https://www.sherdog.com/fighter/Nilson-Rojas-232247,,Nilson Rojas,1999-04-21,1999-04-21,,name+dob,10,2018-07-15,2026-08-29,,2026-10-07
http://ufcstats.com/fighter-details/bf7ad5628363eec9,Cody Stamann,ufcstats,gidstats,https://gidstats.com/fighters/cody_stamann.html,,https://gidstats.com/fighters/cody_stamann.html,Cody Stamann,1989-11-09,,36,name+opponents(15)+age,30,2011-11-19,2024-11-09,0,2026-10-07
http://ufcstats.com/fighter-details/bf9bc96336922271,Alex Ricci,ufcstats,gidstats,https://gidstats.com/fighters/alessandro_ricci.html,,https://gidstats.com/fighters/alessandro_ricci.html,Alessandro Ricci,1982-07-21,,44,alias+opponents(2)+age,15,2010-12-10,2017-02-19,2,2026-10-07
http://ufcstats.com/fighter-details/bfc2fc38a0e20211,Matt Grice,ufcstats,gidstats,https://gidstats.com/fighters/matt_grice.html,,https://gidstats.com/fighters/matt_grice.html,Matt Grice,1981-07-29,,45,name+opponents(3)+age,20,2005-10-01,2013-02-23,0,2026-10-07
http://ufcstats.com/fighter-details/bffeb123b21c9aad,Darrell Montague,ufcstats,gidstats,https://gidstats.com/fighters/darrell_montague.html,,https://gidstats.com/fighters/darrell_montague.html,Darrell Montague,1987-11-03,,38,name+opponents(3)+age,18,2008-06-20,2015-07-12,0,2026-10-07
http://ufcstats.com/fighter-details/c03520b5c88ed6b4,Merab Dvalishvili,ufcstats+card,gidstats,https://gidstats.com/fighters/merab_dvalishvili.html,,https://gidstats.com/fighters/merab_dvalishvili.html,Merab Dvalishvili,1991-01-10,,35,name+opponents(15)+age,26,2014-01-24,2025-12-06,8,2026-10-07
http://ufcstats.com/fighter-details/c0386644627a7ee5,Mana Martinez,ufcstats+dwcs,gidstats,https://gidstats.com/fighters/mana_martinez.html,,https://gidstats.com/fighters/mana_martinez.html,Mana Martinez,1996-03-25,,30,name+opponents(5)+age,15,2016-09-16,2023-06-25,0,2026-10-07
http://ufcstats.com/fighter-details/c03a5022f8439f2a,Chad Laprise,ufcstats,gidstats,https://gidstats.com/fighters/chad_laprise.html,,https://gidstats.com/fighters/chad_laprise.html,Chad Laprise,1986-07-23,,40,name+opponents(10)+age,19,2010-06-26,2018-12-08,0,2026-10-07
http://ufcstats.com/fighter-details/c051c2e12d692b8a,Jesus Aguilar,ufcstats,gidstats,https://gidstats.com/fighters/jesus_santos_aguilar.html,,https://gidstats.com/fighters/jesus_santos_aguilar.html,Jesus Aguilar,1996-03-13,,30,name+opponents(7)+age,16,2015-08-07,2026-03-07,0,2026-10-07
http://ufcstats.com/fighter-details/c06a9b48d4132c8e,James Moontasri,ufcstats,gidstats,https://gidstats.com/fighters/james_moontasri.html,,https://gidstats.com/fighters/james_moontasri.html,James Moontasri,1988-04-10,,38,name+opponents(6)+age,14,2008-08-29,2016-12-17,0,2026-10-07
http://ufcstats.com/fighter-details/c06d554ce1713fd3,Danny Mitchell,ufcstats,gidstats,https://gidstats.com/fighters/danny_mitchell.html,,https://gidstats.com/fighters/danny_mitchell.html,Danny Mitchell,1986-08-08,,40,name+opponents(1)+age,30,2008-11-01,2017-07-15,1,2026-10-07
http://ufcstats.com/fighter-details/c06d6b18862f9a53,Rodrigo Sezinando,ufcstats+card,gidstats,https://gidstats.com/fighters/rodrigo_sezinando.html,,https://gidstats.com/fighters/rodrigo_sezinando.html,Rodrigo Sezinando,1997-12-11,,28,name+opponents(2)+age,12,2020-10-25,2025-09-13,0,2026-10-07
http://ufcstats.com/fighter-details/c07efc18b231f170,Jordan Rinaldi,ufcstats,gidstats,https://gidstats.com/fighters/jordan_rinaldi.html,,https://gidstats.com/fighters/jordan_rinaldi.html,Jordan Rinaldi,1987-09-25,,39,name+opponents(5)+age,22,2010-05-07,2019-03-16,0,2026-10-07
http://ufcstats.com/fighter-details/c0ab242c40decc55,Ryan Bader,ufcstats,gidstats,https://gidstats.com/fighters/bader_ryan.html,,https://gidstats.com/fighters/bader_ryan.html,Ryan Bader,1983-06-07,,43,name+opponents(15)+age,43,2007-03-31,2024-02-24,2,2026-10-07
http://ufcstats.com/fighter-details/c0ac37a4a1133da9,Marcus McGhee,ufcstats,gidstats,https://gidstats.com/fighters/marcus_mcghee.html,,https://gidstats.com/fighters/marcus_mcghee.html,Marcus McGhee,1990-05-07,,36,name+opponents(7)+age,13,2020-02-15,2026-06-06,0,2026-10-07
http://ufcstats.com/fighter-details/c0badf3243907e59,Alexandr Romanov,ufcstats,gidstats,https://gidstats.com/fighters/alexandr_romanov.html,,https://gidstats.com/fighters/alexandr_romanov.html,Alexandr Romanov,1990-12-11,,35,name+opponents(10)+age,24,2016-11-19,2025-08-21,3,2026-10-07
http://ufcstats.com/fighter-details/c0c36a5b3d5bbdd5,Mike Stumpf,ufcstats,gidstats,https://gidstats.com/fighters/mike_stumpf.html,,https://gidstats.com/fighters/mike_stumpf.html,Mike Stumpf,1986-08-01,,43,"name+opponents(2) AGE_CONFLICT(gid 43, dob 1986-08-01)",15,2007-01-27,2013-01-26,0,2026-10-07
http://ufcstats.com/fighter-details/c0d5c0c95c59050b,Ariane Carnelossi,ufcstats,gidstats,https://gidstats.com/fighters/ariane_carnelossi.html,,https://gidstats.com/fighters/ariane_carnelossi.html,Ariane Carnelossi,1992-11-17,,33,name+opponents(6)+age,20,2014-09-27,2026-06-06,0,2026-10-07
http://ufcstats.com/fighter-details/c0eecd851dbf3146,CJ Keith,ufcstats,gidstats,https://gidstats.com/fighters/cj_keith.html,,https://gidstats.com/fighters/cj_keith.html,C.J. Keith,1986-08-09,,40,name+opponents(2)+age,12,2007-09-16,2016-06-17,0,2026-10-07
http://ufcstats.com/fighter-details/c1085e1701b13eca,Joe Pyfer,ufcstats+dwcs+card,gidstats,https://gidstats.com/fighters/joseph_pyfer.html,,https://gidstats.com/fighters/joseph_pyfer.html,Joseph Pyfer,1996-09-17,,30,alias+opponents(11)+age,19,2018-05-18,2026-03-28,4,2026-10-07
http://ufcstats.com/fighter-details/c10eb2f12c489f6d,Tim Gorman,ufcstats,gidstats,https://gidstats.com/fighters/tim_gorman.html,,https://gidstats.com/fighters/tim_gorman.html,Tim Gorman,1983-04-29,,43,name+opponents(2)+age,15,2005-02-02,2015-06-19,0,2026-10-07
http://ufcstats.com/fighter-details/c11f50e9c1513ce9,Mark Holst,ufcstats,gidstats,https://gidstats.com/fighters/mark_holst.html,,https://gidstats.com/fighters/mark_holst.html,Mark Holst,1985-08-14,,41,name+opponents(2)+age,18,2006-01-14,2013-12-15,2,2026-10-07
http://ufcstats.com/fighter-details/c13042265355a290,Kwan Ho Kwak,ufcstats,gidstats,https://gidstats.com/fighters/kwan_ho_kwak.html,,https://gidstats.com/fighters/kwan_ho_kwak.html,Kwan Ho Kwak,1989-06-18,,37,name+opponents(2)+age,11,2013-12-13,2017-06-17,0,2026-10-07
http://ufcstats.com/fighter-details/c136b2a8852da5bd,Akbarh Arreola,ufcstats,gidstats,https://gidstats.com/fighters/akbarh_arreola.html,,https://gidstats.com/fighters/akbarh_arreola.html,Akbarh Arreola,1983-01-14,,43,name+opponents(3)+age,39,2002-09-08,2022-06-24,0,2026-10-07
http://ufcstats.com/fighter-details/c15fa95b9a12fde4,Junior Tafa,ufcstats,gidstats,https://gidstats.com/fighters/junior_tafa.html,,https://gidstats.com/fighters/junior_tafa.html,Junior Tafa,1996-09-21,,30,name+opponents(9)+age,13,2022-07-09,2026-06-06,11,2026-10-07
http://ufcstats.com/fighter-details/c169545ab0825f44,Geane Herrera,ufcstats,gidstats,https://gidstats.com/fighters/geane_herrera.html,,https://gidstats.com/fighters/geane_herrera.html,Geane Herrera,1990-05-27,,36,name+opponents(4)+age,13,2011-03-18,2018-04-21,2,2026-10-07
http://ufcstats.com/fighter-details/c17041f1bb5768d8,Alex White,ufcstats,gidstats,https://gidstats.com/fighters/alex_white.html,,https://gidstats.com/fighters/alex_white.html,Alex White,1988-10-22,,37,name+opponents(10)+age,20,2010-11-19,2022-03-12,1,2026-10-07
http://ufcstats.com/fighter-details/c1a5d3843596df92,Thiago Perpetuo,ufcstats,gidstats,https://gidstats.com/fighters/thiago_perptuo.html,,https://gidstats.com/fighters/thiago_perptuo.html,Thiago Perpétuo,1987-12-14,,39,name+opponents(3)+age,17,2009-04-18,2015-12-05,0,2026-10-07
http://ufcstats.com/fighter-details/c1ea9d56cd953586,Emily Kagan,ufcstats,gidstats,https://gidstats.com/fighters/emily_peters_kagan.html,,https://gidstats.com/fighters/emily_peters_kagan.html,Emily Peters Kagan,1981-07-14,,45,alias+opponents(2)+age,7,2012-09-08,2015-12-10,0,2026-10-07
http://ufcstats.com/fighter-details/c21a036b4e012f1c,John Makdessi,ufcstats,gidstats,https://gidstats.com/fighters/john_makdessi.html,,https://gidstats.com/fighters/john_makdessi.html,John Makdessi,1985-05-03,,41,name+opponents(20)+age,27,2008-09-13,2023-09-09,0,2026-10-07
http://ufcstats.com/fighter-details/c21f26bbde777573,Johnny Walker,ufcstats,gidstats,https://gidstats.com/fighters/johnny_walker.html,,https://gidstats.com/fighters/johnny_walker.html,Johnny Walker,1992-03-30,,34,name+opponents(16)+age,33,2013-12-14,2026-04-11,0,2026-10-07
http://ufcstats.com/fighter-details/c2299ec916bc7c56,Benoit Saint Denis,ufcstats,gidstats,https://gidstats.com/fighters/benoit_saint-denis.html,,https://gidstats.com/fighters/benoit_saint-denis.html,Benoit Saint-Denis,1995-12-18,,30,name+opponents(13)+age,21,2019-02-16,2026-01-31,1,2026-10-07
http://ufcstats.com/fighter-details/c23e3d4875340d8d,Zhang Tiequan,ufcstats,gidstats,https://gidstats.com/fighters/tiequan_zhang.html,,https://gidstats.com/fighters/tiequan_zhang.html,Tiequan Zhang,1978-07-25,,48,name+opponents(4)+age,19,2005-11-06,2012-11-10,0,2026-10-07
http://ufcstats.com/fighter-details/c268b2cfebccf652,John Lineker,ufcstats,gidstats,https://gidstats.com/fighters/john_lineker.html,,https://gidstats.com/fighters/john_lineker.html,John Lineker,1990-06-12,,36,name+opponents(16)+age,47,2008-09-05,2023-08-04,1,2026-10-07
http://ufcstats.com/fighter-details/c295de4e10acd4c9,Isaac Vallie-Flagg,ufcstats,gidstats,https://gidstats.com/fighters/isaac_vallie-flagg.html,,https://gidstats.com/fighters/isaac_vallie-flagg.html,Isaac Vallie-Flagg,1978-04-08,,48,name+opponents(4)+age,24,2003-08-03,2016-08-06,5,2026-10-07
http://ufcstats.com/fighter-details/c2a670b22d2e196f,Aleksa Camur,ufcstats+dwcs,gidstats,https://gidstats.com/fighters/aleksa_camur.html,,https://gidstats.com/fighters/aleksa_camur.html,Aleksa Camur,1995-09-25,,31,name+opponents(5)+age,9,2017-09-16,2023-08-05,0,2026-10-07
http://ufcstats.com/fighter-details/c2e3e67b5911bfb7,Diego Brandao,ufcstats,gidstats,https://gidstats.com/fighters/diego_brandao.html,,https://gidstats.com/fighters/diego_brandao.html,Diego Brandao,1987-05-27,,39,name+opponents(10)+age,54,2005-10-01,2024-07-13,1,2026-10-07
http://ufcstats.com/fighter-details/c3218c810959d279,Khadis Ibragimov,ufcstats,gidstats,https://gidstats.com/fighters/khadis_ibragimov.html,,https://gidstats.com/fighters/khadis_ibragimov.html,Khadis Ibragimov,1995-05-21,,31,name+opponents(4)+age,25,2017-05-25,2026-06-19,8,2026-10-07
http://ufcstats.com/fighter-details/c32aeb1a59e6272d,Michael Morales,ufcstats+dwcs,gidstats,https://gidstats.com/fighters/michael_morales.html,,https://gidstats.com/fighters/michael_morales.html,Michael Morales,1999-06-24,,27,name+opponents(8)+age,19,2017-08-19,2025-11-15,0,2026-10-07
http://ufcstats.com/fighter-details/c32fb8c0f6471a4d,Mirko Filipovic,ufcstats,sherdog,https://www.sherdog.com/fighter/Mirko-Filipovic-2326,https://www.sherdog.com/fighter/Mirko-Filipovic-2326,,Mirko Filipovic,1974-09-10,1974-09-10,,name+dob,52,2001-08-19,2019-02-16,,2026-10-07
http://ufcstats.com/fighter-details/c34e5849184b08c3,Yasuhiro Urushitani,ufcstats,gidstats,https://gidstats.com/fighters/yasuhiro_urushitani.html,,https://gidstats.com/fighters/yasuhiro_urushitani.html,Yasuhiro Urushitani,1976-09-08,,50,name+opponents(2)+age,34,2001-01-19,2016-11-12,1,2026-10-07
http://ufcstats.com/fighter-details/c3bd649a9194e50c,Jeremy Larsen,ufcstats,gidstats,https://gidstats.com/fighters/jeremy_larsen.html,,https://gidstats.com/fighters/jeremy_larsen.html,Jeremy Larsen,1984-05-18,,42,name+opponents(3)+age,16,2006-11-11,2013-10-19,0,2026-10-07
http://ufcstats.com/fighter-details/c3d2b9bcb4cead6b,Yuneisy Duben,ufcstats+dwcs,gidstats,https://gidstats.com/fighters/yuneisy_duben.html,,https://gidstats.com/fighters/yuneisy_duben.html,Yuneisy Duben,1996-07-08,,30,name+opponents(3)+age,9,2019-02-01,2026-06-06,0,2026-10-07
http://ufcstats.com/fighter-details/c3ded6f7155f9ea4,Alex Da Silva,ufcstats,gidstats,https://gidstats.com/fighters/alex_da_silva.html,,https://gidstats.com/fighters/alex_da_silva.html,Alex da Silva,1996-02-04,,30,name+opponents(4)+age,31,2014-01-18,2026-03-28,0,2026-10-07
http://ufcstats.com/fighter-details/c3f6db17cea09ca7,Danilo Belluardo,ufcstats,gidstats,https://gidstats.com/fighters/danilo_belluardo.html,,https://gidstats.com/fighters/danilo_belluardo.html,Danilo Belluardo,1994-07-21,,32,name+opponents(2)+age,20,2014-06-07,2025-07-12,0,2026-10-07
http://ufcstats.com/fighter-details/c41d426cc7326d1b,Yan Xiaonan,ufcstats,gidstats,https://gidstats.com/fighters/yan_xiaonan.html,,https://gidstats.com/fighters/yan_xiaonan.html,Xiaonan Yan,1989-06-16,,37,name+opponents(14)+age,25,2008-11-10,2025-04-12,0,2026-10-07
http://ufcstats.com/fighter-details/c451d67c09c55418,Chan Sung Jung,ufcstats,gidstats,https://gidstats.com/fighters/chan_sung_jung.html,,https://gidstats.com/fighters/chan_sung_jung.html,Chan Sung Jung,1987-03-17,,39,name+opponents(12)+age,25,2007-06-24,2023-08-26,1,2026-10-07
http://ufcstats.com/fighter-details/c4731f43693b96b8,Rodolfo Rubio Perez,ufcstats,gidstats,https://gidstats.com/fighters/rodolfo_rubio.html,,https://gidstats.com/fighters/rodolfo_rubio.html,Rodolfo Rubio,1987-01-29,,39,alias+opponents(1)+age,35,2008-04-19,2023-06-30,1,2026-10-07
http://ufcstats.com/fighter-details/c47df9303d318c67,Clay Guida,ufcstats,gidstats,https://gidstats.com/fighters/clay_guida.html,,https://gidstats.com/fighters/clay_guida.html,Clay Guida,1981-12-08,,44,name+opponents(26)+age,63,2003-07-26,2024-12-07,6,2026-10-07
http://ufcstats.com/fighter-details/c482c8605455a213,Junior Albini,ufcstats,gidstats,https://gidstats.com/fighters/junior_albini.html,,https://gidstats.com/fighters/junior_albini.html,Junior Albini,1991-03-15,,35,name+opponents(5)+age,23,2009-08-07,2021-08-31,0,2026-10-07
http://ufcstats.com/fighter-details/c487223b0289bda9,Hector Aldana,ufcstats,gidstats,https://gidstats.com/fighters/hector_aldana.html,,https://gidstats.com/fighters/hector_aldana.html,Hector Aldana,1988-08-17,,38,name+opponents(3)+age,9,2011-07-16,2019-10-12,0,2026-10-07
http://ufcstats.com/fighter-details/c4af2feb4b58bc3b,Kazuki Tokudome,ufcstats,gidstats,https://gidstats.com/fighters/kazuki_tokudome.html,,https://gidstats.com/fighters/kazuki_tokudome.html,Kazuki Tokudome,1987-03-04,,39,name+opponents(4)+age,33,2007-11-23,2024-06-09,4,2026-10-07
http://ufcstats.com/fighter-details/c4b81cdecd5d6abe,Gerald Harris,ufcstats,gidstats,https://gidstats.com/fighters/gerald_harris.html,,https://gidstats.com/fighters/gerald_harris.html,Gerald Harris,1979-11-19,,46,name+opponents(4)+age,37,2006-08-11,2019-11-23,0,2026-10-07
http://ufcstats.com/fighter-details/c4d039123e62f6a9,Dennis Buzukja,ufcstats+dwcs,gidstats,https://gidstats.com/fighters/buzukja_dennis.html,,https://gidstats.com/fighters/buzukja_dennis.html,Dennis Buzukja,1997-10-01,,29,name+opponents(8)+age,18,2018-10-13,2026-04-18,1,2026-10-07
http://ufcstats.com/fighter-details/c4fe2e9a06ea5bcb,Ben Alloway,ufcstats,gidstats,https://gidstats.com/fighters/benny_alloway.html,,https://gidstats.com/fighters/benny_alloway.html,Benny Alloway,1981-02-19,,45,alias+opponents(3)+age,30,2010-02-26,2019-05-11,0,2026-10-07
http://ufcstats.com/fighter-details/c549573c0df4d676,Maki Pitolo,ufcstats+dwcs,gidstats,https://gidstats.com/fighters/maki_pitolo.html,,https://gidstats.com/fighters/maki_pitolo.html,Maki Pitolo,1990-11-24,,35,name+opponents(7)+age,25,2013-02-16,2022-11-20,0,2026-10-07
http://ufcstats.com/fighter-details/c575ab451e3c5b1d,Mickael Lebout,ufcstats,gidstats,https://gidstats.com/fighters/mickael_lebout.html,,https://gidstats.com/fighters/mickael_lebout.html,Mickael Lebout,1987-08-16,,39,name+opponents(3)+age,40,2011-05-28,2025-05-10,0,2026-10-07
http://ufcstats.com/fighter-details/c58f51dedb310998,Michael Chiesa,ufcstats,gidstats,https://gidstats.com/fighters/michael_chiesa.html,,https://gidstats.com/fighters/michael_chiesa.html,Michael Chiesa,1987-12-07,,38,name+opponents(22)+age,31,2010-10-30,2026-03-28,0,2026-10-07
http://ufcstats.com/fighter-details/c5a126ace82a6025,Anthony Birchak,ufcstats,gidstats,https://gidstats.com/fighters/anthony_birchak.html,,https://gidstats.com/fighters/anthony_birchak.html,Anthony Birchak,1986-05-16,,40,name+opponents(6)+age,23,2010-04-24,2021-04-17,5,2026-10-07
http://ufcstats.com/fighter-details/c5af5750e8bae4f0,Kyle Bochniak,ufcstats,gidstats,https://gidstats.com/fighters/kyle_bochniak.html,,https://gidstats.com/fighters/kyle_bochniak.html,Kyle Bochniak,1987-02-05,,39,name+opponents(7)+age,18,2014-01-24,2022-06-24,0,2026-10-07
http://ufcstats.com/fighter-details/c5ccd878231c5407,Ramon Taveras,ufcstats+dwcs,gidstats,https://gidstats.com/fighters/ramon_taveras.html,,https://gidstats.com/fighters/ramon_taveras.html,Ramon Taveras,1994-01-09,,32,name+opponents(4)+age,14,2019-11-09,2025-09-27,0,2026-10-07
http://ufcstats.com/fighter-details/c62fbc117d57b943,Tai Tuivasa,ufcstats,gidstats,https://gidstats.com/fighters/tai_tuivasa.html,,https://gidstats.com/fighters/tai_tuivasa.html,Tai Tuivasa,1993-03-16,,33,name+opponents(19)+age,24,2012-07-06,2026-05-02,10,2026-10-07
http://ufcstats.com/fighter-details/c68c68efaa5ca6ef,Chidi Njokuani,ufcstats+dwcs,gidstats,https://gidstats.com/fighters/chidi_njokuani.html,,https://gidstats.com/fighters/chidi_njokuani.html,Chidi Njokuani,1988-12-31,,37,name+opponents(12)+age,39,2007-11-03,2026-08-15,0,2026-10-07
http://ufcstats.com/fighter-details/c6a33ff198aaaeeb,Stephan Bonnar,ufcstats,gidstats,https://gidstats.com/fighters/stephan_bonnar.html,,https://gidstats.com/fighters/stephan_bonnar.html,Stephan Bonnar,1977-04-04,,49,name+opponents(4)+age,24,2001-11-10,2014-11-15,2,2026-10-07
http://ufcstats.com/fighter-details/c6aee362c7a7d482,Randy Brown,ufcstats+card,gidstats,https://gidstats.com/fighters/randy_brown.html,,https://gidstats.com/fighters/randy_brown.html,Randy Brown,1990-07-08,,36,name+opponents(23)+age,28,2014-05-16,2026-04-11,1,2026-10-07
http://ufcstats.com/fighter-details/c7011de4765d2497,Paul Bradley,ufcstats,gidstats,https://gidstats.com/fighters/paul_bradley.html,,https://gidstats.com/fighters/paul_bradley.html,Paul Bradley,1983-06-13,,43,name+opponents(2)+age,36,2006-10-28,2018-08-30,0,2026-10-07
http://ufcstats.com/fighter-details/c727c7d31c50c4cf,Anthony Hamilton,ufcstats,gidstats,https://gidstats.com/fighters/anthony_hamilton.html,,https://gidstats.com/fighters/anthony_hamilton.html,Anthony Hamilton,1980-04-14,,46,name+opponents(10)+age,32,2010-10-02,2023-07-29,0,2026-10-07
http://ufcstats.com/fighter-details/c730a0be691dc081,Jared Gooden,ufcstats,gidstats,https://gidstats.com/fighters/jared_gooden.html,,https://gidstats.com/fighters/jared_gooden.html,Jared Gooden,1993-12-05,,32,name+opponents(7)+age,34,2015-08-08,2025-03-29,0,2026-10-07
http://ufcstats.com/fighter-details/c739c2995a275314,Yanal Ashmouz,ufcstats,gidstats,https://gidstats.com/fighters/yanal_ashmoz.html,,https://gidstats.com/fighters/yanal_ashmoz.html,Yanal Ashmoz,1995-03-31,,31,alias+opponents(4)+age,10,2017-04-22,2025-06-07,0,2026-10-07
http://ufcstats.com/fighter-details/c742287ed86a09bc,Jessica Penne,ufcstats,gidstats,https://gidstats.com/fighters/jessica_penne.html,,https://gidstats.com/fighters/jessica_penne.html,Jessica Penne,1983-01-30,,43,name+opponents(9)+age,25,2006-11-18,2024-10-19,2,2026-10-07
http://ufcstats.com/fighter-details/c76ec2bc3a57666a,Mitch Clarke,ufcstats,gidstats,https://gidstats.com/fighters/mitch_clarke.html,,https://gidstats.com/fighters/mitch_clarke.html,Mitch Clarke,1985-11-24,,40,name+opponents(7)+age,16,2007-05-12,2017-09-09,0,2026-10-07
http://ufcstats.com/fighter-details/c77a953488e5607d,Vinc Pichel,ufcstats,gidstats,https://gidstats.com/fighters/vinc_pichel.html,,https://gidstats.com/fighters/vinc_pichel.html,Vinc Pichel,1982-11-23,,43,name+opponents(12)+age,23,2009-08-15,2025-03-29,0,2026-10-07
http://ufcstats.com/fighter-details/c7be22a47a58365a,Christina Marks,ufcstats,gidstats,https://gidstats.com/fighters/christina_marks.html,,https://gidstats.com/fighters/christina_marks.html,Christina Marks,1985-11-08,,40,name+opponents(1)+age,21,2009-05-30,2022-11-06,1,2026-10-07
http://ufcstats.com/fighter-details/c7c39e2fb70248b3,Chad Anheliger,ufcstats+dwcs+card,gidstats,https://gidstats.com/fighters/chad_anheliger.html,,https://gidstats.com/fighters/chad_anheliger.html,Chad Anheliger,1986-12-01,,39,name+opponents(6)+age,21,2010-12-10,2024-11-02,0,2026-10-07
http://ufcstats.com/fighter-details/c7d297714d9ab1a4,Marion Reneau,ufcstats,gidstats,https://gidstats.com/fighters/marion_reneau.html,,https://gidstats.com/fighters/marion_reneau.html,Marion Reneau,1977-06-20,,49,name+opponents(13)+age,18,2010-03-07,2021-07-17,0,2026-10-07
http://ufcstats.com/fighter-details/c7d7fda69ec410d3,Kamuela Kirk,ufcstats+dwcs,gidstats,https://gidstats.com/fighters/kamuela_kirk.html,,https://gidstats.com/fighters/kamuela_kirk.html,Kamuela Kirk,1994-04-13,,32,name+opponents(4)+age,18,2014-02-01,2024-11-08,0,2026-10-07
http://ufcstats.com/fighter-details/c80095f6092271a7,Tim Boetsch,ufcstats,gidstats,https://gidstats.com/fighters/tim_boetsch.html,,https://gidstats.com/fighters/tim_boetsch.html,Tim Boetsch,1981-01-28,,45,name+opponents(20)+age,34,2006-10-14,2019-03-09,0,2026-10-07
http://ufcstats.com/fighter-details/c8097968da5e5f13,Chris Wade,ufcstats,gidstats,https://gidstats.com/fighters/chris_wade.html,,https://gidstats.com/fighters/chris_wade.html,Chris Wade,1987-09-30,,39,name+opponents(7)+age,33,2011-11-18,2023-08-04,0,2026-10-07
http://ufcstats.com/fighter-details/c814b4c899793af6,Rafael Fiziev,ufcstats,gidstats,https://gidstats.com/fighters/rafael_fiziev.html,,https://gidstats.com/fighters/rafael_fiziev.html,Rafael Fiziev,1993-03-05,,33,name+opponents(11)+age,18,2015-07-18,2026-01-31,5,2026-10-07
http://ufcstats.com/fighter-details/c849740a3ff51931,TJ Dillashaw,ufcstats,gidstats,https://gidstats.com/fighters/tj_dillashaw.html,,https://gidstats.com/fighters/tj_dillashaw.html,TJ Dillashaw,1986-02-07,,40,name+opponents(15)+age,25,2010-03-26,2022-10-22,0,2026-10-07
http://ufcstats.com/fighter-details/c85bad793cd14e28,Marcio Barbosa,ufcstats+dwcs,gidstats,https://gidstats.com/fighters/mrcio_dos_santos.html,,https://gidstats.com/fighters/mrcio_dos_santos.html,Márcio Barbosa,1998-05-22,,28,name+opponents(2)+age,19,2016-02-13,2025-08-26,0,2026-10-07
http://ufcstats.com/fighter-details/c878270af633eb11,Jordan Wright,ufcstats+dwcs,gidstats,https://gidstats.com/fighters/jordan_wright.html,,https://gidstats.com/fighters/jordan_wright.html,Jordan Wright,1991-10-07,,35,name+opponents(8)+age,19,2014-11-08,2024-03-24,0,2026-10-07
http://ufcstats.com/fighter-details/c88f8a9c1ea7165d,Farman Hasanov,ufcstats+card,gidstats,https://gidstats.com/fighters/farman_hasanov.html,,https://gidstats.com/fighters/farman_hasanov.html,Farman Hasanov,1995-08-01,,31,name+opponents(2)+age,6,2022-07-03,2026-06-27,1,2026-10-07
http://ufcstats.com/fighter-details/c940b42df95bbd28,Feng Xiaocan,ufcstats,gidstats,https://gidstats.com/fighters/xiaocan_feng.html,,https://gidstats.com/fighters/xiaocan_feng.html,Feng Xiaocan,2001-10-27,,24,name+opponents(1)+age,16,2019-12-28,2026-05-29,1,2026-10-07
http://ufcstats.com/fighter-details/c945adc22c2bfe8f,Brad Pickett,ufcstats,gidstats,https://gidstats.com/fighters/brad_pickett.html,,https://gidstats.com/fighters/brad_pickett.html,Brad Pickett,1978-09-24,,48,name+opponents(14)+age,40,2004-08-14,2017-03-18,1,2026-10-07
http://ufcstats.com/fighter-details/c9587d81e1d33925,Jerome Rivera,ufcstats+dwcs,gidstats,https://gidstats.com/fighters/rivera_jerome.html,,https://gidstats.com/fighters/rivera_jerome.html,Jerome Rivera,1995-04-22,,31,name+opponents(5)+age,16,2014-03-29,2021-07-10,0,2026-10-07
http://ufcstats.com/fighter-details/c96d9178c9ed9e62,Tim Elliott,ufcstats,gidstats,https://gidstats.com/fighters/tim_elliott.html,,https://gidstats.com/fighters/tim_elliott.html,Tim Elliott,1986-12-24,,39,name+opponents(23)+age,40,2009-05-08,2026-05-02,1,2026-10-07
http://ufcstats.com/fighter-details/c96e2ae6021144a1,Damacio Page,ufcstats,gidstats,https://gidstats.com/fighters/damacio_page.html,,https://gidstats.com/fighters/damacio_page.html,Damacio Page,1982-09-30,,44,name+opponents(3)+age,31,2005-02-05,2017-12-01,2,2026-10-07
http://ufcstats.com/fighter-details/c9a94278df042f46,Alan Baudot,ufcstats,gidstats,https://gidstats.com/fighters/alan_baudot.html,,https://gidstats.com/fighters/alan_baudot.html,Alan Baudot,1988-02-01,,38,name+opponents(4)+age,13,2013-07-15,2022-06-25,1,2026-10-07
http://ufcstats.com/fighter-details/c9cf753cfdf77fc2,Marcin Tybura,ufcstats,gidstats,https://gidstats.com/fighters/marcin_tybura.html,,https://gidstats.com/fighters/marcin_tybura.html,Marcin Tybura,1985-11-09,,40,name+opponents(24)+age,38,2011-11-05,2026-03-28,0,2026-10-07
http://ufcstats.com/fighter-details/c9f6385af6df66d7,Papy Abedi,ufcstats,gidstats,https://gidstats.com/fighters/papy_abedi.html,,https://gidstats.com/fighters/papy_abedi.html,Papy Abedi,1978-06-30,,48,name+opponents(4)+age,14,2006-12-16,2017-04-01,0,2026-10-07
http://ufcstats.com/fighter-details/ca28cdf526d6b6e9,Nurullo Aliev,ufcstats,gidstats,https://gidstats.com/fighters/nurullo_aliev.html,,https://gidstats.com/fighters/nurullo_aliev.html,Nurullo Aliev,2000-12-08,,25,name+opponents(4)+age,11,2018-02-03,2025-11-22,0,2026-10-07
http://ufcstats.com/fighter-details/ca2efc9d7d523c43,Shawn Jordan,ufcstats,gidstats,https://gidstats.com/fighters/shawn_jordan.html,,https://gidstats.com/fighters/shawn_jordan.html,Shawn Jordan,1984-10-21,,41,name+opponents(10)+age,28,2009-05-29,2018-07-19,0,2026-10-07
http://ufcstats.com/fighter-details/ca36633b80be4a78,Kaynan Kruschewsky,ufcstats+dwcs,gidstats,https://gidstats.com/fighters/kaynan_kruschewsky.html,,https://gidstats.com/fighters/kaynan_kruschewsky.html,Kaynan Kruschewsky,1991-04-04,,35,name+opponents(2)+age,19,2013-11-23,2024-07-20,0,2026-10-07
http://ufcstats.com/fighter-details/ca43de99b07b6b40,Josh Fremd,ufcstats,gidstats,https://gidstats.com/fighters/josh_fremd.html,,https://gidstats.com/fighters/josh_fremd.html,Josh Fremd,1994-01-15,,32,name+opponents(6)+age,18,2017-07-29,2026-03-28,1,2026-10-07
http://ufcstats.com/fighter-details/ca80d72da81d7224,Michelle Montague,ufcstats,gidstats,https://gidstats.com/fighters/michelle_montague.html,,https://gidstats.com/fighters/michelle_montague.html,Michelle Montague,1993-11-25,,32,name+opponents(1)+age,7,2022-03-04,2025-09-27,0,2026-10-07
http://ufcstats.com/fighter-details/cac08b8685387ca5,James McSweeney,ufcstats,gidstats,https://gidstats.com/fighters/james_mcsweeney.html,,https://gidstats.com/fighters/james_mcsweeney.html,James McSweeney,1980-10-24,,45,name+opponents(2)+age,36,2007-07-14,2019-06-22,11,2026-10-07
http://ufcstats.com/fighter-details/cad24459b28592ca,Eryk Anders,ufcstats,gidstats,https://gidstats.com/fighters/eryk_anders.html,,https://gidstats.com/fighters/eryk_anders.html,Eryk Anders,1987-04-21,,39,name+opponents(19)+age,28,2015-08-22,2026-03-14,5,2026-10-07
http://ufcstats.com/fighter-details/cb139171ed1b69fe,Kenny Florian,ufcstats,gidstats,https://gidstats.com/fighters/kenny_florian.html,,https://gidstats.com/fighters/kenny_florian.html,Kenny Florian,1976-05-26,,50,name+opponents(4)+age,20,2003-01-25,2011-10-08,1,2026-10-07
http://ufcstats.com/fighter-details/cb46dface0e28a2c,Jorge Rivera,ufcstats,gidstats,https://gidstats.com/fighters/jorge_rivera.html,,https://gidstats.com/fighters/jorge_rivera.html,Jorge Rivera,1972-02-28,,54,name+opponents(4)+age,29,2001-06-23,2012-01-20,1,2026-10-07
http://ufcstats.com/fighter-details/cb52f9490c2dc069,Sean O'Connell,ufcstats,gidstats,https://gidstats.com/fighters/sean_oconnell.html,,https://gidstats.com/fighters/sean_oconnell.html,Sean O'Connell,1983-09-02,,43,name+opponents(7)+age,32,2007-04-13,2018-12-31,0,2026-10-07
http://ufcstats.com/fighter-details/cb696ebfb6598724,Aljamain Sterling,ufcstats+card,gidstats,https://gidstats.com/fighters/aljamain_sterling.html,,https://gidstats.com/fighters/aljamain_sterling.html,Aljamain Sterling,1989-07-31,,37,name+opponents(23)+age,31,2011-04-21,2026-04-25,5,2026-10-07
http://ufcstats.com/fighter-details/cbb682f5fcc44bfc,Anthony Pettis,ufcstats,gidstats,https://gidstats.com/fighters/anthony_pettis.html,,https://gidstats.com/fighters/anthony_pettis.html,Anthony Pettis,1987-01-27,,39,name+opponents(19)+age,39,2007-01-27,2022-08-05,4,2026-10-07
http://ufcstats.com/fighter-details/cbd3e590a85b18c5,Mirsad Bektic,ufcstats,gidstats,https://gidstats.com/fighters/mirsad_bektic.html,,https://gidstats.com/fighters/mirsad_bektic.html,Mirsad Bektic,1991-02-16,,35,name+opponents(9)+age,17,2011-07-30,2020-09-19,0,2026-10-07
http://ufcstats.com/fighter-details/cbd5d3cdd862e90e,Rory MacDonald,ufcstats,gidstats,https://gidstats.com/fighters/rory_macdonald.html,,https://gidstats.com/fighters/rory_macdonald.html,Rory MacDonald,1989-07-22,,37,name+opponents(12)+age,34,2005-10-15,2022-08-13,1,2026-10-07
http://ufcstats.com/fighter-details/cbd6f1abf955e628,Dave Herman,ufcstats,gidstats,https://gidstats.com/fighters/dave_herman.html,,https://gidstats.com/fighters/dave_herman.html,Dave Herman,1984-10-03,,42,name+opponents(4)+age,28,2006-12-31,2014-05-16,0,2026-10-07
http://ufcstats.com/fighter-details/cbf1c7ba5408a66f,Salim Touahri,ufcstats,gidstats,https://gidstats.com/fighters/salim_touahri.html,,https://gidstats.com/fighters/salim_touahri.html,Salim Touahri,1989-09-28,,37,name+opponents(3)+age,14,2010-11-20,2019-08-03,0,2026-10-07
http://ufcstats.com/fighter-details/cbf5e6f231b55443,Yair Rodriguez,ufcstats,gidstats,https://gidstats.com/fighters/yair_rodriguez.html,,https://gidstats.com/fighters/yair_rodriguez.html,Yair Rodriguez,1992-10-06,,34,name+opponents(14)+age,28,2011-01-29,2025-04-12,0,2026-10-07
http://ufcstats.com/fighter-details/cc1a8b4b38b92c6d,Montel Jackson,ufcstats+dwcs,gidstats,https://gidstats.com/fighters/montel_jackson.html,,https://gidstats.com/fighters/montel_jackson.html,Montel Jackson,1992-04-24,,34,name+opponents(14)+age,19,2017-06-24,2026-04-25,0,2026-10-07
http://ufcstats.com/fighter-details/cc3147b49c7d7d92,Dan Stittgen,ufcstats,gidstats,https://gidstats.com/fighters/dan_stittgen.html,,https://gidstats.com/fighters/dan_stittgen.html,Dan Stittgen,1980-11-17,,45,name+opponents(2)+age,21,2009-01-23,2023-03-24,1,2026-10-07
http://ufcstats.com/fighter-details/cc351e408bbb7d43,Brandon Davis,ufcstats+dwcs,gidstats,https://gidstats.com/fighters/brandon_davis_1.html,,https://gidstats.com/fighters/brandon_davis_1.html,Brandon Davis,1990-05-08,,36,name+opponents(9)+age,25,2014-07-19,2023-04-14,0,2026-10-07
http://ufcstats.com/fighter-details/cc6f9d1e89f3449a,Manvel Gamburyan,ufcstats,gidstats,https://gidstats.com/fighters/manny_gamburyan.html,,https://gidstats.com/fighters/manny_gamburyan.html,Manny Gamburyan,1981-05-08,,45,alias+opponents(10)+age,29,1999-02-01,2016-11-19,0,2026-10-07
http://ufcstats.com/fighter-details/cc7040fe76f0ef91,Devin Clark,ufcstats,gidstats,https://gidstats.com/fighters/devin_clark.html,,https://gidstats.com/fighters/devin_clark.html,Devin Clark,1990-04-12,,36,name+opponents(17)+age,24,2013-08-04,2025-08-15,0,2026-10-07
http://ufcstats.com/fighter-details/cc81c92fe2254935,Tom Gallicchio,ufcstats,gidstats,https://gidstats.com/fighters/tom_gallicchio.html,,https://gidstats.com/fighters/tom_gallicchio.html,Tom Gallicchio,1986-09-23,,40,name+opponents(1)+age,34,2006-04-22,2017-07-07,5,2026-10-07
http://ufcstats.com/fighter-details/cc84b68f862b466f,Eddie Yagin,ufcstats,gidstats,https://gidstats.com/fighters/eddie_yagin.html,,https://gidstats.com/fighters/eddie_yagin.html,Eddie Yagin,1979-03-23,,47,name+opponents(2)+age,23,2000-07-01,2014-12-20,0,2026-10-07
http://ufcstats.com/fighter-details/cc8c623cca88f54f,Mayra Bueno Silva,ufcstats,gidstats,https://gidstats.com/fighters/mayra_bueno_silva.html,,https://gidstats.com/fighters/mayra_bueno_silva.html,Mayra Bueno Silva,1991-08-22,,35,name+opponents(14)+age,18,2015-03-07,2025-11-08,1,2026-10-07
http://ufcstats.com/fighter-details/cc900af167fbedfd,Timothy Johnson,ufcstats,gidstats,https://gidstats.com/fighters/timothy_johnson.html,,https://gidstats.com/fighters/timothy_johnson.html,Tim Johnson,1985-03-13,,41,alias+opponents(7)+age,30,2010-10-30,2025-05-01,0,2026-10-07
http://ufcstats.com/fighter-details/cc900c6a71ed23f3,Clay Collard,ufcstats,gidstats,https://gidstats.com/fighters/clay_collard.html,,https://gidstats.com/fighters/clay_collard.html,Clay Collard,1993-03-10,,33,name+opponents(3)+age,41,2011-03-26,2025-04-18,17,2026-10-07
http://ufcstats.com/fighter-details/cc98d857b148e33a,Leonardo Guimaraes,ufcstats,gidstats,https://gidstats.com/fighters/leonardo_augusto_leleco.html,,https://gidstats.com/fighters/leonardo_augusto_leleco.html,Leonardo Guimarães,1982-04-15,,44,name+opponents(2)+age,29,2005-09-09,2025-11-22,3,2026-10-07
http://ufcstats.com/fighter-details/ccba80d4820ef557,Gabe Ruediger,ufcstats,gidstats,https://gidstats.com/fighters/gabe_ruediger.html,,https://gidstats.com/fighters/gabe_ruediger.html,Gabe Ruediger,1977-08-29,,49,name+opponents(2)+age,26,2002-10-18,2013-05-31,0,2026-10-07
http://ufcstats.com/fighter-details/ccd1299e0345e0ce,Melvin Guillard,ufcstats,gidstats,https://gidstats.com/fighters/melvin_guillard.html,,https://gidstats.com/fighters/melvin_guillard.html,Melvin Guillard,1983-03-30,,43,name+opponents(13)+age,60,2002-11-16,2019-10-18,11,2026-10-07
http://ufcstats.com/fighter-details/ccdd90bd1fc7dab6,Vladimir Matyushenko,ufcstats,gidstats,https://gidstats.com/fighters/vladimir_matyushenko.html,,https://gidstats.com/fighters/vladimir_matyushenko.html,Vladimir Matyushenko,1971-01-04,,55,name+opponents(6)+age,35,1997-09-05,2014-04-11,0,2026-10-07
http://ufcstats.com/fighter-details/cce79e827569f26e,Ronys Torres,ufcstats,gidstats,https://gidstats.com/fighters/ronys_torres.html,,https://gidstats.com/fighters/ronys_torres.html,Ronys Torres,1975-08-13,,40,"name+opponents(2) AGE_CONFLICT(gid 40, dob 1975-08-13)",55,2006-06-17,2024-12-06,1,2026-10-07
http://ufcstats.com/fighter-details/ccf5dc41417e9daf,Juan Espino,ufcstats,gidstats,https://gidstats.com/fighters/juan_espino.html,,https://gidstats.com/fighters/juan_espino.html,Juan Espino,1980-10-09,,45,name+opponents(3)+age,14,2009-02-21,2021-04-17,0,2026-10-07
http://ufcstats.com/fighter-details/cd01f0b768a32475,Jonathan Wilson,ufcstats,gidstats,https://gidstats.com/fighters/jonathan_wilson.html,,https://gidstats.com/fighters/jonathan_wilson.html,Jonathan Wilson,1987-07-17,,39,name+opponents(4)+age,13,2013-09-07,2021-04-02,0,2026-10-07
http://ufcstats.com/fighter-details/cd0dfd9846bd03b9,Julien Leblanc,ufcstats+card,gidstats,https://gidstats.com/fighters/leblanc_julien.html,,https://gidstats.com/fighters/leblanc_julien.html,Julien Leblanc,1992-01-21,,34,name+opponents(2)+age,13,2014-03-08,2026-04-18,0,2026-10-07
http://ufcstats.com/fighter-details/cd12227edd3f134b,Keith Wisniewski,ufcstats,gidstats,https://gidstats.com/fighters/keith_wisniewski.html,,https://gidstats.com/fighters/keith_wisniewski.html,Keith Wisniewski,1981-10-25,,44,name+opponents(3)+age,44,1998-04-25,2013-09-04,0,2026-10-07
http://ufcstats.com/fighter-details/cd13728ae1151f46,Ion Cutelaba,ufcstats,gidstats,https://gidstats.com/fighters/ion_cutelaba.html,,https://gidstats.com/fighters/ion_cutelaba.html,Ion Cutelaba,1993-12-14,,32,name+opponents(20)+age,34,2012-04-06,2026-06-20,0,2026-10-07
http://ufcstats.com/fighter-details/cd2c4d30c6e13b47,Marina Rodriguez,ufcstats,gidstats,https://gidstats.com/fighters/marina_rodriguez.html,,https://gidstats.com/fighters/marina_rodriguez.html,Marina Rodriguez,1987-04-29,,39,name+opponents(13)+age,25,2015-03-28,2025-05-03,0,2026-10-07
http://ufcstats.com/fighter-details/cd2e5a390821fb48,TJ Laramie,ufcstats+dwcs,gidstats,https://gidstats.com/fighters/tj_laramie.html,,https://gidstats.com/fighters/tj_laramie.html,TJ Laramie,1997-10-15,,28,name+opponents(3)+age,18,2015-03-15,2023-06-17,0,2026-10-07
http://ufcstats.com/fighter-details/cd3d7e37ff2d679c,Ricky Turcios,ufcstats+dwcs,gidstats,https://gidstats.com/fighters/ricky_turcios.html,,https://gidstats.com/fighters/ricky_turcios.html,Ricky Turcios,1993-06-05,,33,name+opponents(7)+age,20,2013-07-19,2026-03-07,0,2026-10-07
http://ufcstats.com/fighter-details/cd7763bcadb5d4c8,Alan Patrick,ufcstats,gidstats,https://gidstats.com/fighters/alan_patrick.html,,https://gidstats.com/fighters/alan_patrick.html,Alan Patrick,1983-07-19,,43,name+opponents(9)+age,20,2008-04-07,2022-05-14,0,2026-10-07
http://ufcstats.com/fighter-details/cd85b48dc880fabd,Horacio Gutierrez,ufcstats,gidstats,https://gidstats.com/fighters/horacio_gutierrez.html,,https://gidstats.com/fighters/horacio_gutierrez.html,Horacio Gutierrez,1990-09-15,,36,name+opponents(2)+age,12,2014-05-31,2019-12-13,0,2026-10-07
http://ufcstats.com/fighter-details/cda1099995b46cc2,Genaro Valdez,ufcstats+dwcs,gidstats,https://gidstats.com/fighters/genaro_valdz.html,,https://gidstats.com/fighters/genaro_valdz.html,Genaro Valdéz,1992-01-16,,34,name+opponents(4)+age,13,2016-04-15,2023-07-15,0,2026-10-07
http://ufcstats.com/fighter-details/cdadae5363b66eef,Francisco Figueiredo,ufcstats,gidstats,https://gidstats.com/fighters/francisco_figueiredo.html,,https://gidstats.com/fighters/francisco_figueiredo.html,Francisco Figueiredo,1989-10-23,,36,name+opponents(4)+age,21,2009-10-16,2025-04-26,0,2026-10-07
http://ufcstats.com/fighter-details/cdb7b38b1b357f26,Louie Sutherland,ufcstats+card,gidstats,https://gidstats.com/fighters/louie_sutherland.html,,https://gidstats.com/fighters/louie_sutherland.html,Louie Sutherland,1994-02-08,,32,name+opponents(5)+age,17,2021-08-07,2026-08-08,0,2026-10-07
http://ufcstats.com/fighter-details/cdb96af67d096b1e,Alex Morono,ufcstats,gidstats,https://gidstats.com/fighters/alex_morono.html,,https://gidstats.com/fighters/alex_morono.html,Alex Morono,1990-08-16,,36,name+opponents(23)+age,38,2010-12-02,2026-02-07,1,2026-10-07
http://ufcstats.com/fighter-details/ce175eaafe867d1f,Micheal Gillmore,ufcstats,gidstats,https://gidstats.com/fighters/micheal_gillmore.html,,https://gidstats.com/fighters/micheal_gillmore.html,Micheal Gillmore,1987-03-28,,39,name+opponents(2)+age,12,2015-08-08,2022-02-26,0,2026-10-07
http://ufcstats.com/fighter-details/ce1e867808ef5fce,Justin Willis,ufcstats,gidstats,https://gidstats.com/fighters/justin_willis.html,,https://gidstats.com/fighters/justin_willis.html,Justin Willis,1987-07-19,,39,name+opponents(5)+age,10,2012-06-02,2019-03-23,0,2026-10-07
http://ufcstats.com/fighter-details/ce632027bf2a871b,Dalcha Lungiambula,ufcstats,gidstats,https://gidstats.com/fighters/dalcha_lungiambula.html,,https://gidstats.com/fighters/dalcha_lungiambula.html,Dalcha Lungiambula,1987-07-31,,39,name+opponents(7)+age,17,2014-06-05,2022-12-10,0,2026-10-07
http://ufcstats.com/fighter-details/cf615eb4b7862c76,Hayder Hassan,ufcstats,gidstats,https://gidstats.com/fighters/hayder_hassan.html,,https://gidstats.com/fighters/hayder_hassan.html,Hayder Hassan,1982-10-20,,43,name+opponents(2)+age,20,2009-02-21,2019-12-14,0,2026-10-07
http://ufcstats.com/fighter-details/cf65d56b0755ed3b,Alan Jouban,ufcstats,gidstats,https://gidstats.com/fighters/alan_jouban.html,,https://gidstats.com/fighters/alan_jouban.html,Alan Jouban,1981-11-25,,44,name+opponents(13)+age,24,2011-02-18,2020-11-21,0,2026-10-07
http://ufcstats.com/fighter-details/cf946e03ba2e7666,Kevin Aguilar,ufcstats+dwcs,gidstats,https://gidstats.com/fighters/kevin_aguilar.html,,https://gidstats.com/fighters/kevin_aguilar.html,Kevin Aguilar,1988-09-07,,38,name+opponents(7)+age,22,2010-12-03,2021-05-15,0,2026-10-07
http://ufcstats.com/fighter-details/cf9d24e4bd0cf2ce,Mark Bocek,ufcstats,gidstats,https://gidstats.com/fighters/mark_bocek.html,,https://gidstats.com/fighters/mark_bocek.html,Mark Bocek,1981-10-24,,44,name+opponents(7)+age,17,2004-02-28,2014-04-16,1,2026-10-07
http://ufcstats.com/fighter-details/cfaf010d5b389c09,Mike Wilkinson,ufcstats,gidstats,https://gidstats.com/fighters/mike_wilkinson.html,,https://gidstats.com/fighters/mike_wilkinson.html,Mike Wilkinson,1987-09-15,,39,name+opponents(4)+age,15,2009-08-08,2019-03-23,0,2026-10-07
http://ufcstats.com/fighter-details/cfb65863d5099327,Thales Leites,ufcstats,gidstats,https://gidstats.com/fighters/thales_leites.html,,https://gidstats.com/fighters/thales_leites.html,Thales Leites,1981-09-06,,45,name+opponents(13)+age,37,2003-11-23,2018-09-22,0,2026-10-07
http://ufcstats.com/fighter-details/cfbb3edab781dfd2,Shanelle Dyer,ufcstats+dwcs,gidstats,https://gidstats.com/fighters/shanelle_dyer.html,,https://gidstats.com/fighters/shanelle_dyer.html,Shanelle Dyer,2001-04-23,,25,name+opponents(2)+age,7,2023-03-11,2025-09-09,2,2026-10-07
http://ufcstats.com/fighter-details/cfc3e7bb44685289,Trey Ogden,ufcstats,gidstats,https://gidstats.com/fighters/trey_ogden.html,,https://gidstats.com/fighters/trey_ogden.html,Trey Ogden,1989-11-14,,,name+opponents(7),26,2015-01-24,2025-01-11,0,2026-10-07
http://ufcstats.com/fighter-details/cffb87059e645bd1,Denise Gomes,ufcstats+dwcs,gidstats,https://gidstats.com/fighters/denise_gomes.html,,https://gidstats.com/fighters/denise_gomes.html,Denise Gomes,1999-12-30,,26,name+opponents(9)+age,15,2017-09-09,2025-11-08,2,2026-10-07
http://ufcstats.com/fighter-details/d008d785f6347dc2,JeongYeong Lee,ufcstats+card,gidstats,https://gidstats.com/fighters/jeong_yeong_lee.html,,https://gidstats.com/fighters/jeong_yeong_lee.html,JeongYeong Lee,1995-11-13,,30,name+opponents(4)+age,14,2014-02-09,2025-05-10,0,2026-10-07
http://ufcstats.com/fighter-details/d023ae89a2a4a41e,Matthew Riddle,ufcstats,gidstats,https://gidstats.com/fighters/matthew_riddle.html,,https://gidstats.com/fighters/matthew_riddle.html,Matthew Riddle,1986-01-14,,40,name+opponents(8)+age,15,2008-01-27,2014-02-28,0,2026-10-07
http://ufcstats.com/fighter-details/d024ed963e8bf7ea,Damien Brown,ufcstats,gidstats,https://gidstats.com/fighters/damien_brown.html,,https://gidstats.com/fighters/damien_brown.html,Damien Brown,1984-12-25,,41,name+opponents(6)+age,32,2010-06-26,2019-10-12,0,2026-10-07
http://ufcstats.com/fighter-details/d0314416a7f26527,Michael McDonald,ufcstats,sherdog,https://www.sherdog.com/fighter/Michael-McDonald-30297,https://www.sherdog.com/fighter/Michael-McDonald-30297,,Michael McDonald,1991-01-15,1991-01-15,,name+dob,23,2007-11-11,2018-07-13,,2026-10-07
http://ufcstats.com/fighter-details/d05412b513b19621,Guido Cannetti,ufcstats,gidstats,https://gidstats.com/fighters/guido_cannetti.html,,https://gidstats.com/fighters/guido_cannetti.html,Guido Cannetti,1979-12-19,,46,name+opponents(9)+age,19,2007-12-22,2023-03-11,0,2026-10-07
http://ufcstats.com/fighter-details/d05cb1e8d1b885d8,Jinh Yu Frey,ufcstats,gidstats,https://gidstats.com/fighters/jinh_yu_frey.html,,https://gidstats.com/fighters/jinh_yu_frey.html,Jinh Yu Frey,1985-05-20,,41,name+opponents(8)+age,21,2013-04-06,2023-10-21,0,2026-10-07
http://ufcstats.com/fighter-details/d06f8869449ba7bd,Alexander Yakovlev,ufcstats,gidstats,https://gidstats.com/fighters/alexander_yakovlev.html,,https://gidstats.com/fighters/alexander_yakovlev.html,Alexander Yakovlev,1984-07-18,,42,name+opponents(9)+age,39,2004-02-19,2023-03-18,0,2026-10-07
http://ufcstats.com/fighter-details/d0a5ef38a7778ac2,Estevan Payan,ufcstats,gidstats,https://gidstats.com/fighters/estevan_payan.html,,https://gidstats.com/fighters/estevan_payan.html,Estevan Payan,1982-03-14,,44,name+opponents(3)+age,33,2007-10-13,2021-09-18,11,2026-10-07
http://ufcstats.com/fighter-details/d0aaedcf7ccd0b45,Chris Daukaus,ufcstats,gidstats,https://gidstats.com/fighters/chris_daukaus.html,,https://gidstats.com/fighters/chris_daukaus.html,Chris Daukaus,1989-09-25,,37,name+opponents(8)+age,20,2013-10-19,2024-08-16,1,2026-10-07
http://ufcstats.com/fighter-details/d0c29452d3272603,Dan Miller,ufcstats,gidstats,https://gidstats.com/fighters/dan_miller.html,,https://gidstats.com/fighters/dan_miller.html,Dan Miller,1981-06-30,,45,name+opponents(9)+age,23,2005-11-19,2015-07-12,0,2026-10-07
http://ufcstats.com/fighter-details/d0d7160824278840,Junior Assuncao,ufcstats,gidstats,https://gidstats.com/fighters/junior_assuncao.html,,https://gidstats.com/fighters/junior_assuncao.html,Junior Assuncao,1981-06-24,,45,name+opponents(2)+age,24,2004-04-23,2018-11-30,0,2026-10-07
http://ufcstats.com/fighter-details/d0e1b42d41dab603,Julian Marquez,ufcstats+dwcs,gidstats,https://gidstats.com/fighters/julian_marquez.html,,https://gidstats.com/fighters/julian_marquez.html,Julian Marquez,1990-05-08,,36,name+opponents(9)+age,15,2014-05-24,2025-03-01,0,2026-10-07
http://ufcstats.com/fighter-details/d0e50a3d1b250708,Andre Soukhamthath,ufcstats,gidstats,https://gidstats.com/fighters/andre_soukhamthath.html,,https://gidstats.com/fighters/andre_soukhamthath.html,Andre Soukhamthath,1988-10-23,,37,name+opponents(7)+age,24,2011-09-10,2022-03-04,1,2026-10-07
http://ufcstats.com/fighter-details/d0f3959b4a9747e6,Jose Aldo,ufcstats,gidstats,https://gidstats.com/fighters/jose_aldo.html,,https://gidstats.com/fighters/jose_aldo.html,Jose Aldo,1986-09-09,,40,name+opponents(20)+age,42,2004-08-10,2025-05-10,4,2026-10-07
http://ufcstats.com/fighter-details/d0fd0d9ee560dae7,Brando Pericic,ufcstats,gidstats,https://gidstats.com/fighters/brando_perii.html,,https://gidstats.com/fighters/brando_perii.html,Brando Peričić,1994-08-03,,32,name+opponents(2)+age,6,2019-11-03,2025-09-27,0,2026-10-07
http://ufcstats.com/fighter-details/d1026588fa65693f,Jessie Rosas,ufcstats,gidstats,https://gidstats.com/fighters/jessie_rosas.html,,https://gidstats.com/fighters/jessie_rosas.html,Jessie Rosas,2002-12-04,,23,name+opponents(1)+age,9,2022-06-24,2026-06-07,0,2026-10-07
http://ufcstats.com/fighter-details/d1053e55f00e53fe,AJ Cunningham,ufcstats+dwcs,gidstats,https://gidstats.com/fighters/aj_cunningham.html,,https://gidstats.com/fighters/aj_cunningham.html,AJ Cunningham,1994-09-07,,32,name+opponents(2)+age,16,2018-08-18,2025-03-15,0,2026-10-07
http://ufcstats.com/fighter-details/d10b35152277cf98,James Toney,ufcstats,gidstats,https://gidstats.com/fighters/james_toney.html,,https://gidstats.com/fighters/james_toney.html,James Toney,1968-08-24,,58,name+opponents(1)+age,1,2010-08-28,2010-08-28,2,2026-10-07
http://ufcstats.com/fighter-details/d1528ac5675558b1,Rashad Coulter,ufcstats,gidstats,https://gidstats.com/fighters/rashad_coulter.html,,https://gidstats.com/fighters/rashad_coulter.html,Rashad Coulter,1981-11-27,,44,name+opponents(4)+age,14,2011-06-10,2019-12-13,7,2026-10-07
http://ufcstats.com/fighter-details/d156513a19acf856,Sam Alvey,ufcstats,gidstats,https://gidstats.com/fighters/sam_alvey.html,,https://gidstats.com/fighters/sam_alvey.html,Sam Alvey,1986-05-06,,40,name+opponents(23)+age,56,2008-07-19,2023-05-27,0,2026-10-07
http://ufcstats.com/fighter-details/d188a3b817860ec6,Steven Siler,ufcstats,gidstats,https://gidstats.com/fighters/steven_siler.html,,https://gidstats.com/fighters/steven_siler.html,Steven Siler,1987-02-15,,39,name+opponents(9)+age,61,2005-04-23,2022-12-02,1,2026-10-07
http://ufcstats.com/fighter-details/d18dbcb0f8e2b55d,Alex Soto,ufcstats,gidstats,https://gidstats.com/fighters/alex_soto.html,,https://gidstats.com/fighters/alex_soto.html,Alex Soto,1984-02-15,,42,name+opponents(2)+age,12,2009-07-23,2017-01-21,0,2026-10-07
http://ufcstats.com/fighter-details/d1941565abf50b16,Jim Miller,ufcstats+card,gidstats,https://gidstats.com/fighters/jim_miller.html,,https://gidstats.com/fighters/jim_miller.html,Jim Miller,1983-08-30,,43,name+opponents(39)+age,59,2005-11-19,2026-05-09,0,2026-10-07
http://ufcstats.com/fighter-details/d1a1314976c50bef,Josh Neer,ufcstats,gidstats,https://gidstats.com/fighters/josh_neer.html,,https://gidstats.com/fighters/josh_neer.html,Josh Neer,1983-03-24,,43,name+opponents(5)+age,53,2003-03-15,2016-01-29,3,2026-10-07
http://ufcstats.com/fighter-details/d1c65d2cf2925ddd,Gregory Rodrigues,ufcstats+dwcs,gidstats,https://gidstats.com/fighters/gregory_rodrigues.html,,https://gidstats.com/fighters/gregory_rodrigues.html,Gregory Rodrigues,1992-02-17,,34,name+opponents(14)+age,25,2014-09-06,2026-03-07,4,2026-10-07
http://ufcstats.com/fighter-details/d1e1fdcea7c8a90a,Leandro Issa,ufcstats,gidstats,https://gidstats.com/fighters/leandro_issa.html,,https://gidstats.com/fighters/leandro_issa.html,Leandro Issa,1983-09-19,,43,name+opponents(4)+age,26,2006-10-25,2022-10-21,0,2026-10-07
http://ufcstats.com/fighter-details/d1e7fc58d4225cdf,Danny Castillo,ufcstats,gidstats,https://gidstats.com/fighters/danny_castillo.html,,https://gidstats.com/fighters/danny_castillo.html,Danny Castillo,1979-08-25,,47,name+opponents(14)+age,27,2007-11-11,2015-12-19,0,2026-10-07
http://ufcstats.com/fighter-details/d1feea7a4bdcd503,Baisangur Susurkaev,ufcstats+card,gidstats,https://gidstats.com/fighters/baysangur_susurkaev.html,,https://gidstats.com/fighters/baysangur_susurkaev.html,Baysangur Susurkaev,2001-01-08,,25,alias+opponents(4)+age,12,2019-12-22,2026-05-09,0,2026-10-07
http://ufcstats.com/fighter-details/d2036f31c035e0d1,Jose Torres,ufcstats,gidstats,https://gidstats.com/fighters/jose_torres_1.html,,https://gidstats.com/fighters/jose_torres_1.html,Jose Torres,1992-08-02,,34,name+opponents(2)+age,19,2016-03-04,2025-07-27,0,2026-10-07
http://ufcstats.com/fighter-details/d21113c9ff3788ae,Peter Barrett,ufcstats+dwcs,gidstats,https://gidstats.com/fighters/peter_barrett.html,,https://gidstats.com/fighters/peter_barrett.html,Peter Barrett,1986-08-10,,40,name+opponents(3)+age,23,2014-06-21,2024-07-20,0,2026-10-07
http://ufcstats.com/fighter-details/d221ee27afc7a60e,Viscardi Andrade,ufcstats,gidstats,https://gidstats.com/fighters/viscardi_andrade.html,,https://gidstats.com/fighters/viscardi_andrade.html,Viscardi Andrade,1984-03-08,,42,name+opponents(4)+age,36,2006-05-06,2021-11-20,0,2026-10-07
http://ufcstats.com/fighter-details/d23ccf4a6c221284,Karlos Vemola,ufcstats,gidstats,https://gidstats.com/fighters/karlos_vemola.html,,https://gidstats.com/fighters/karlos_vemola.html,Karlos Vemola,1985-07-03,,41,name+opponents(6)+age,47,2008-02-24,2025-06-14,1,2026-10-07
http://ufcstats.com/fighter-details/d247691a6c0e9034,Cub Swanson,ufcstats,gidstats,https://gidstats.com/fighters/cub_swanson.html,,https://gidstats.com/fighters/cub_swanson.html,Cub Swanson,1983-11-02,,37,"name+opponents(24) AGE_CONFLICT(gid 37, dob 1983-11-02)",44,2004-07-25,2024-12-14,1,2026-10-07
http://ufcstats.com/fighter-details/d25240135aee03e5,Tabatha Ricci,ufcstats,gidstats,https://gidstats.com/fighters/tabatha_ricci.html,,https://gidstats.com/fighters/tabatha_ricci.html,Tabatha Ricci,1995-02-21,,31,name+opponents(11)+age,16,2013-12-07,2026-04-04,7,2026-10-07
http://ufcstats.com/fighter-details/d25b93992f285953,TJ O'Brien,ufcstats,gidstats,https://gidstats.com/fighters/tj_obrien.html,,https://gidstats.com/fighters/tj_obrien.html,TJ O'Brien,1987-01-01,,39,name+opponents(2)+age,30,2007-04-20,2015-06-19,0,2026-10-07
http://ufcstats.com/fighter-details/d28dee5c705991df,Stipe Miocic,ufcstats,gidstats,https://gidstats.com/fighters/stipe_miocic.html,,https://gidstats.com/fighters/stipe_miocic.html,Stipe Miocic,1982-08-19,,44,name+opponents(15)+age,25,2010-02-20,2024-11-16,1,2026-10-07
http://ufcstats.com/fighter-details/d29b5c4f22c6357d,Gilbert Yvel,ufcstats,gidstats,https://gidstats.com/fighters/gilbert_yvel.html,,https://gidstats.com/fighters/gilbert_yvel.html,Gilbert Yvel,1976-06-30,,50,name+opponents(3)+age,59,1997-02-02,2018-05-12,3,2026-10-07
http://ufcstats.com/fighter-details/d2a9be6bf2de624c,Robert Drysdale,ufcstats,gidstats,https://gidstats.com/fighters/robert_drysdale.html,,https://gidstats.com/fighters/robert_drysdale.html,Robert Drysdale,1981-10-05,,45,name+opponents(1)+age,8,2010-07-17,2016-07-22,18,2026-10-07
http://ufcstats.com/fighter-details/d2bc285ead803db0,Louis Smolka,ufcstats,gidstats,https://gidstats.com/fighters/louis_smolka.html,,https://gidstats.com/fighters/louis_smolka.html,Louis Smolka,1991-07-16,,35,name+opponents(17)+age,26,2012-04-28,2022-05-14,0,2026-10-07
http://ufcstats.com/fighter-details/d2c55d1d2e67773b,David Branch,ufcstats,gidstats,https://gidstats.com/fighters/david_branch.html,,https://gidstats.com/fighters/david_branch.html,David Branch,1981-09-26,,44,name+opponents(9)+age,29,2007-09-29,2019-12-14,0,2026-10-07
http://ufcstats.com/fighter-details/d2cd7a69cc55e7ed,Austin Hubbard,ufcstats,gidstats,https://gidstats.com/fighters/austin_hubbard.html,,https://gidstats.com/fighters/austin_hubbard.html,Austin Hubbard,1991-12-22,,34,name+opponents(9)+age,25,2015-08-05,2024-04-27,0,2026-10-07
http://ufcstats.com/fighter-details/d2d37e8eeb3abc8d,Frank Trigg,ufcstats,gidstats,https://gidstats.com/fighters/frank_trigg.html,,https://gidstats.com/fighters/frank_trigg.html,Frank Trigg,1972-05-07,,54,name+opponents(1)+age,30,1997-10-18,2011-09-10,1,2026-10-07
http://ufcstats.com/fighter-details/d2f43cfaf8ca3560,Fernando Padilla,ufcstats,gidstats,https://gidstats.com/fighters/fernando_padilla.html,,https://gidstats.com/fighters/fernando_padilla.html,Fernando Padilla,1996-12-15,,29,name+opponents(4)+age,22,2015-04-18,2024-12-14,0,2026-10-07
http://ufcstats.com/fighter-details/d317a5e2b3f88c5f,Warlley Alves,ufcstats,gidstats,https://gidstats.com/fighters/warlley_alves.html,,https://gidstats.com/fighters/warlley_alves.html,Warlley Alves,1991-01-04,,35,name+opponents(16)+age,25,2011-04-07,2024-05-18,0,2026-10-07
http://ufcstats.com/fighter-details/d31a5546c0e9b213,Rodrigo Nascimento,ufcstats+dwcs,gidstats,https://gidstats.com/fighters/rodrigo_nascimento.html,,https://gidstats.com/fighters/rodrigo_nascimento.html,Rodrigo Nascimento,1992-11-26,,28,"name+opponents(8) AGE_CONFLICT(gid 28, dob 1992-11-26)",17,2012-03-24,2025-06-27,0,2026-10-07
http://ufcstats.com/fighter-details/d31cbcdd7d69536d,TJ Brown,ufcstats,gidstats,https://gidstats.com/fighters/tj_brown.html,,https://gidstats.com/fighters/tj_brown.html,TJ Brown,1990-05-22,,36,name+opponents(8)+age,28,2013-11-09,2023-10-14,0,2026-10-07
http://ufcstats.com/fighter-details/d33da8a3d82bdb62,Kai Asakura,ufcstats,gidstats,https://gidstats.com/fighters/kai_asakura.html,,https://gidstats.com/fighters/kai_asakura.html,Kai Asakura,1993-10-31,,32,name+opponents(3)+age,29,2012-09-16,2026-05-30,0,2026-10-07
http://ufcstats.com/fighter-details/d343df8ba11f4c4e,Nina Nunes,ufcstats,gidstats,https://gidstats.com/fighters/nina_ansaroff.html,,https://gidstats.com/fighters/nina_ansaroff.html,Nina Nunes,1985-12-03,,40,name+opponents(9)+age,18,2010-09-11,2022-08-13,0,2026-10-07
http://ufcstats.com/fighter-details/d34636a85f0f4c90,Motonobu Tezuka,ufcstats,gidstats,https://gidstats.com/fighters/motonobu_tezuka.html,,https://gidstats.com/fighters/motonobu_tezuka.html,Motonobu Tezuka,1987-08-29,,39,name+opponents(2)+age,55,2005-09-03,2022-10-23,1,2026-10-07
http://ufcstats.com/fighter-details/d35298b6df168456,Talita Alencar,ufcstats+dwcs+card,gidstats,https://gidstats.com/fighters/talita_alencar.html,,https://gidstats.com/fighters/talita_alencar.html,Talita Alencar,1990-10-17,,35,name+opponents(5)+age,10,2021-07-02,2026-04-25,18,2026-10-07
http://ufcstats.com/fighter-details/d35f734c56a89103,Karl Williams,ufcstats+dwcs,gidstats,https://gidstats.com/fighters/karl_williams.html,,https://gidstats.com/fighters/karl_williams.html,Karl Williams,1990-01-06,,36,name+opponents(5)+age,15,2021-02-20,2026-02-07,0,2026-10-07
http://ufcstats.com/fighter-details/d38e8c6ae2dfc051,Nazareno Malegarie,ufcstats,gidstats,https://gidstats.com/fighters/nazareno_malegarie.html,,https://gidstats.com/fighters/nazareno_malegarie.html,Nazareno Malegarie,1986-05-16,,40,name+opponents(1)+age,43,2007-08-11,2019-05-26,0,2026-10-07
http://ufcstats.com/fighter-details/d3df1add9d9a7efb,Derrick Lewis,ufcstats,gidstats,https://gidstats.com/fighters/derrick_lewis.html,,https://gidstats.com/fighters/derrick_lewis.html,Derrick Lewis,1985-02-07,,41,name+opponents(32)+age,44,2010-04-09,2026-06-14,0,2026-10-07
http://ufcstats.com/fighter-details/d3f5d33d61cd00c9,Norma Dumont,ufcstats,gidstats,https://gidstats.com/fighters/norma_dumont.html,,https://gidstats.com/fighters/norma_dumont.html,Norma Dumont,1990-10-01,,36,name+opponents(13)+age,16,2016-09-03,2026-04-25,0,2026-10-07
http://ufcstats.com/fighter-details/d3f89fa685bd8420,Austin Bashi,ufcstats+dwcs+card,gidstats,https://gidstats.com/fighters/austin_bashi.html,,https://gidstats.com/fighters/austin_bashi.html,Austin Bashi,2001-09-29,,25,name+opponents(5)+age,16,2020-11-11,2026-07-18,0,2026-10-07
http://ufcstats.com/fighter-details/d3fa5c5955397532,Grigory Popov,ufcstats,gidstats,https://gidstats.com/fighters/grigory_popov.html,,https://gidstats.com/fighters/grigory_popov.html,Grigory Popov,1984-04-18,,42,name+opponents(2)+age,20,2012-09-14,2022-06-11,0,2026-10-07
http://ufcstats.com/fighter-details/d403b1a6f278c95e,Vagner Rocha,ufcstats,gidstats,https://gidstats.com/fighters/vagner_rocha.html,,https://gidstats.com/fighters/vagner_rocha.html,Vagner Rocha,1982-06-06,,44,name+opponents(4)+age,18,2009-02-14,2017-02-17,38,2026-10-07
http://ufcstats.com/fighter-details/d4270315cbcf2569,Jacob Malkoun,ufcstats,gidstats,https://gidstats.com/fighters/jacob_malkoun.html,,https://gidstats.com/fighters/jacob_malkoun.html,Jacob Malkoun,1995-08-26,,31,name+opponents(9)+age,13,2017-03-18,2026-05-02,2,2026-10-07
http://ufcstats.com/fighter-details/d436f5d55156a521,Murtazali Magomedov,ufcstats+dwcs+card,gidstats,https://gidstats.com/fighters/murtazali_magomedov.html,,https://gidstats.com/fighters/murtazali_magomedov.html,Murtazali Magomedov,1999-08-26,,27,name+opponents(3)+age,11,2022-11-16,2026-06-20,0,2026-10-07
http://ufcstats.com/fighter-details/d43a048a880efdff,Chris Leben,ufcstats,gidstats,https://gidstats.com/fighters/chris_leben.html,,https://gidstats.com/fighters/chris_leben.html,Chris Leben,1980-07-21,,46,name+opponents(9)+age,36,2002-11-09,2013-12-28,5,2026-10-07
http://ufcstats.com/fighter-details/d4691518d012b9e7,Aspen Ladd,ufcstats,gidstats,https://gidstats.com/fighters/aspen_ladd.html,,https://gidstats.com/fighters/aspen_ladd.html,Aspen Ladd,1995-03-01,,31,name+opponents(7)+age,17,2015-02-27,2024-05-17,0,2026-10-07
http://ufcstats.com/fighter-details/d4a31850a7457f1b,Amanda Cooper,ufcstats,gidstats,https://gidstats.com/fighters/amanda_cooper.html,,https://gidstats.com/fighters/amanda_cooper.html,Amanda Cooper,1991-10-22,,34,name+opponents(6)+age,12,2014-02-15,2019-09-07,0,2026-10-07
http://ufcstats.com/fighter-details/d4c9dcd330403612,Anthony Smith,ufcstats,gidstats,https://gidstats.com/fighters/anthony_smith.html,,https://gidstats.com/fighters/anthony_smith.html,Anthony Smith,1988-07-26,,38,name+opponents(24)+age,59,2008-02-29,2025-04-26,4,2026-10-07
http://ufcstats.com/fighter-details/d4f364dd076bb0e2,Cung Le,ufcstats,gidstats,https://gidstats.com/fighters/cung_le.html,,https://gidstats.com/fighters/cung_le.html,Cung Le,1972-05-25,,54,name+opponents(4)+age,12,2006-03-10,2014-08-23,12,2026-10-07
http://ufcstats.com/fighter-details/d50382dc0565a9e1,Viviane Pereira,ufcstats,gidstats,https://gidstats.com/fighters/viviane_pereira.html,,https://gidstats.com/fighters/viviane_pereira.html,Viviane Pereira,1993-08-28,,33,name+opponents(3)+age,20,2013-05-25,2024-09-27,0,2026-10-07
http://ufcstats.com/fighter-details/d512d9f204059f57,Joe Riggs,ufcstats,gidstats,https://gidstats.com/fighters/joe_riggs.html,,https://gidstats.com/fighters/joe_riggs.html,Joe Riggs,1982-09-23,,44,name+opponents(4)+age,71,2001-09-26,2019-11-23,12,2026-10-07
http://ufcstats.com/fighter-details/d53482bef23235ba,Marcio Alexandre Junior,ufcstats,gidstats,https://gidstats.com/fighters/marcio_alexandre.html,,https://gidstats.com/fighters/marcio_alexandre.html,Marcio Alexandre,1989-05-05,,37,name+opponents(3)+age,25,2010-08-21,2019-07-13,2,2026-10-07
http://ufcstats.com/fighter-details/d549cefc7c54ab78,Reinier de Ridder,ufcstats,gidstats,https://gidstats.com/fighters/reinier_de_ridder.html,,https://gidstats.com/fighters/reinier_de_ridder.html,Reinier de Ridder,1990-09-07,,36,name+opponents(6)+age,25,2013-06-01,2026-03-07,2,2026-10-07
http://ufcstats.com/fighter-details/d58478ded5534695,Maiquel Falcao,ufcstats,gidstats,https://gidstats.com/fighters/maiquel_falcao.html,,https://gidstats.com/fighters/maiquel_falcao.html,Maiquel Falcao,1981-03-08,,,name+opponents(1),61,2004-04-24,2021-10-16,0,2026-10-07
http://ufcstats.com/fighter-details/d5b7fac960e58920,Chris Indich,ufcstats,gidstats,https://gidstats.com/fighters/chris_indich.html,,https://gidstats.com/fighters/chris_indich.html,Chris Indich,1987-04-22,,39,name+opponents(2)+age,11,2008-11-30,2016-03-05,0,2026-10-07
http://ufcstats.com/fighter-details/d5bab53a1a603aac,Ryan Loder,ufcstats,gidstats,https://gidstats.com/fighters/ryan_loder.html,,https://gidstats.com/fighters/ryan_loder.html,Ryan Loder,1991-06-05,,35,name+opponents(3)+age,12,2021-10-23,2025-11-22,1,2026-10-07
http://ufcstats.com/fighter-details/d5f820c11a121050,Aaron Simpson,ufcstats,gidstats,https://gidstats.com/fighters/aaron_simpson.html,,https://gidstats.com/fighters/aaron_simpson.html,Aaron Simpson,1974-07-20,,52,name+opponents(9)+age,17,2000-04-16,2013-03-23,0,2026-10-07
http://ufcstats.com/fighter-details/d61316139d68dbe3,Roman Bogatov,ufcstats,gidstats,https://gidstats.com/fighters/roman_bogatov.html,,https://gidstats.com/fighters/roman_bogatov.html,Roman Bogatov,1990-12-15,,35,name+opponents(1)+age,15,2016-03-04,2023-06-23,0,2026-10-07
http://ufcstats.com/fighter-details/d6285cba1d1052e0,Bojan Mihajlovic,ufcstats,gidstats,https://gidstats.com/fighters/bojan_mihajlovic.html,,https://gidstats.com/fighters/bojan_mihajlovic.html,Bojan Mihajlovic,1980-03-30,,46,name+opponents(3)+age,16,2003-11-02,2017-09-02,0,2026-10-07
http://ufcstats.com/fighter-details/d62e280d0f7b6d6f,Luke Fernandez,ufcstats+dwcs,gidstats,https://gidstats.com/fighters/luke_fernandez.html,,https://gidstats.com/fighters/luke_fernandez.html,Luke Fernandez,1995-06-29,,31,name+opponents(2)+age,7,2023-03-31,2026-03-07,3,2026-10-07
http://ufcstats.com/fighter-details/d661ce4da776fc20,Petr Yan,ufcstats+card,gidstats,https://gidstats.com/fighters/petr_yan.html,,https://gidstats.com/fighters/petr_yan.html,Petr Yan,1993-02-11,,33,name+opponents(14)+age,25,2014-12-20,2025-12-06,0,2026-10-07
http://ufcstats.com/fighter-details/d66a46de8d705353,Jeremiah Wells,ufcstats,gidstats,https://gidstats.com/fighters/jeremiah_wells.html,,https://gidstats.com/fighters/jeremiah_wells.html,Jeremiah Wells,1986-10-30,,39,name+opponents(7)+age,19,2012-10-13,2026-08-15,0,2026-10-07
http://ufcstats.com/fighter-details/d683f4870742b273,Shi Ming,ufcstats,gidstats,https://gidstats.com/fighters/ming_shi.html,,https://gidstats.com/fighters/ming_shi.html,Shi Ming,1994-11-14,,31,name+opponents(1)+age,25,2015-08-02,2026-05-29,0,2026-10-07
http://ufcstats.com/fighter-details/d6a8edb7410223a0,Rafael Tobias,ufcstats+dwcs,gidstats,https://gidstats.com/fighters/rafael_tobias.html,,https://gidstats.com/fighters/rafael_tobias.html,Rafael Tobias,2003-03-20,,23,name+opponents(2)+age,16,2022-03-19,2026-03-07,0,2026-10-07
http://ufcstats.com/fighter-details/d6c0cdd7e467c440,Kyle Daukaus,ufcstats+dwcs+card,gidstats,https://gidstats.com/fighters/kyle_daukaus.html,,https://gidstats.com/fighters/kyle_daukaus.html,Kyle Daukaus,1993-02-27,,33,name+opponents(12)+age,22,2017-02-18,2026-06-14,2,2026-10-07
http://ufcstats.com/fighter-details/d6d5da3c209884bc,Guilherme Vasconcelos,ufcstats,gidstats,https://gidstats.com/fighters/guilherme_vasconcelos.html,,https://gidstats.com/fighters/guilherme_vasconcelos.html,Guilherme Vasconcelos,1986-03-23,,40,name+opponents(1)+age,18,2012-07-27,2019-10-04,5,2026-10-07
http://ufcstats.com/fighter-details/d6ead04919a894b1,Duda Santana,ufcstats,gidstats,https://gidstats.com/fighters/duda_santana.html,,https://gidstats.com/fighters/duda_santana.html,Duda Santana,1996-01-10,,30,name+opponents(1)+age,4,2017-03-25,2019-06-01,0,2026-10-07
http://ufcstats.com/fighter-details/d7338bcb141abd2c,Antonina Shevchenko,ufcstats+dwcs,gidstats,https://gidstats.com/fighters/antonina_shevchenko.html,,https://gidstats.com/fighters/antonina_shevchenko.html,Antonina Shevchenko,1984-11-20,,41,name+opponents(7)+age,14,2002-04-15,2022-07-09,3,2026-10-07
http://ufcstats.com/fighter-details/d747eb273a40a920,Claudio Puelles,ufcstats,gidstats,https://gidstats.com/fighters/claudio_puelles.html,,https://gidstats.com/fighters/claudio_puelles.html,Claudio Puelles,1996-04-21,,30,name+opponents(9)+age,20,2013-07-17,2025-09-13,0,2026-10-07
http://ufcstats.com/fighter-details/d761b3766e38c5db,Marcel Fortuna,ufcstats,gidstats,https://gidstats.com/fighters/marcel_fortuna.html,,https://gidstats.com/fighters/marcel_fortuna.html,Marcel Fortuna,1985-10-22,,40,name+opponents(3)+age,15,2011-04-16,2021-09-18,2,2026-10-07
http://ufcstats.com/fighter-details/d76ad9a08c4408ff,Bobby Moffett,ufcstats+dwcs,gidstats,https://gidstats.com/fighters/bobby_moffett.html,,https://gidstats.com/fighters/bobby_moffett.html,Bobby Moffett,1990-06-01,,36,name+opponents(4)+age,24,2013-06-22,2023-04-22,0,2026-10-07
http://ufcstats.com/fighter-details/d776b5814f2400b4,Ethyn Ewing,ufcstats,gidstats,https://gidstats.com/fighters/ethyn_ewing.html,,https://gidstats.com/fighters/ethyn_ewing.html,Ethyn Ewing,1996-02-19,,28,"name+opponents(2) AGE_CONFLICT(gid 28, dob 1996-02-19)",12,2020-10-30,2026-04-04,0,2026-10-07
http://ufcstats.com/fighter-details/d7adfcfdf7c6c1f8,Ian Entwistle,ufcstats,gidstats,https://gidstats.com/fighters/ian_entwistle.html,,https://gidstats.com/fighters/ian_entwistle.html,Ian Entwistle,1986-11-19,,39,name+opponents(3)+age,14,2010-07-30,2022-05-20,0,2026-10-07
http://ufcstats.com/fighter-details/d7b2c0b53883ee80,Kyle Watson,ufcstats,gidstats,https://gidstats.com/fighters/kyle_watson.html,,https://gidstats.com/fighters/kyle_watson.html,Kyle Watson,1979-08-09,,47,name+opponents(2)+age,26,2003-03-22,2012-02-11,0,2026-10-07
http://ufcstats.com/fighter-details/d7c3816669784109,Karolina Kowalkiewicz,ufcstats,gidstats,https://gidstats.com/fighters/karolina_kowalkiewicz.html,,https://gidstats.com/fighters/karolina_kowalkiewicz.html,Karolina Kowalkiewicz,1985-10-15,,40,name+opponents(17)+age,26,2012-05-18,2025-10-11,0,2026-10-07
http://ufcstats.com/fighter-details/d7c4956d61ae76a9,Jose Delano,ufcstats+card,gidstats,https://gidstats.com/fighters/jos_delano_1.html,,https://gidstats.com/fighters/jos_delano_1.html,José Delano,1996-09-11,,30,name+opponents(1)+age,20,2014-08-30,2026-04-04,0,2026-10-07
http://ufcstats.com/fighter-details/d7e40dca3ae125be,Diana Belbita,ufcstats,gidstats,https://gidstats.com/fighters/diana_belbita.html,,https://gidstats.com/fighters/diana_belbita.html,Diana Belbita,1996-06-26,,30,name+opponents(7)+age,25,2014-04-05,2025-04-05,0,2026-10-07
http://ufcstats.com/fighter-details/d7fe8c6b7d2872e5,Brendon Marotte,ufcstats,gidstats,https://gidstats.com/fighters/brendon_marotte.html,,https://gidstats.com/fighters/brendon_marotte.html,Brendon Marotte,1996-01-12,,30,name+opponents(2)+age,11,2018-02-02,2024-09-07,0,2026-10-07
http://ufcstats.com/fighter-details/d802174b0c0c1f4e,Magomed Ankalaev,ufcstats,gidstats,https://gidstats.com/fighters/magomed_ankalaev.html,,https://gidstats.com/fighters/magomed_ankalaev.html,Magomed Ankalaev,1992-06-02,,34,name+opponents(13)+age,25,2014-01-18,2025-10-04,0,2026-10-07
http://ufcstats.com/fighter-details/d80ee110748171ac,Mike Breeden,ufcstats+dwcs,gidstats,https://gidstats.com/fighters/mike_breeden.html,,https://gidstats.com/fighters/mike_breeden.html,Mike Breeden,1989-04-21,,37,name+opponents(5)+age,17,2017-01-27,2023-10-21,0,2026-10-07
http://ufcstats.com/fighter-details/d81ac739417d7f53,Jake Ellenberger,ufcstats,gidstats,https://gidstats.com/fighters/jake_ellenberger.html,,https://gidstats.com/fighters/jake_ellenberger.html,Jake Ellenberger,1985-03-28,,41,name+opponents(20)+age,46,2005-04-09,2018-08-25,4,2026-10-07
http://ufcstats.com/fighter-details/d897897060f10a3a,Rich Franklin,ufcstats,gidstats,https://gidstats.com/fighters/rich_franklin.html,,https://gidstats.com/fighters/rich_franklin.html,Rich Franklin,1974-10-05,,52,name+opponents(4)+age,37,1999-06-19,2012-11-10,0,2026-10-07
http://ufcstats.com/fighter-details/d8c7c61b176e3994,Cody Garbrandt,ufcstats,gidstats,https://gidstats.com/fighters/cody_garbrandt.html,,https://gidstats.com/fighters/cody_garbrandt.html,Cody Garbrandt,1991-07-07,,35,name+opponents(16)+age,22,2012-12-29,2026-03-07,0,2026-10-07
http://ufcstats.com/fighter-details/d8c811df0386d5e8,Rinya Nakamura,ufcstats,gidstats,https://gidstats.com/fighters/rinya_nakamura.html,,https://gidstats.com/fighters/rinya_nakamura.html,Rinya Nakamura,1995-03-23,,31,name+opponents(6)+age,11,2021-05-15,2025-08-02,0,2026-10-07
http://ufcstats.com/fighter-details/d8d7b24d276c8cb0,Albert Cheng,ufcstats,gidstats,https://gidstats.com/fighters/albert_cheng.html,,https://gidstats.com/fighters/albert_cheng.html,Albert Cheng,1985-02-07,,41,name+age,12,2010-04-16,2017-02-11,0,2026-10-07
http://ufcstats.com/fighter-details/d8da10db80131bec,Niko Price,ufcstats+card,gidstats,https://gidstats.com/fighters/niko_price.html,,https://gidstats.com/fighters/niko_price.html,Niko Price,1989-09-29,,37,name+opponents(20)+age,29,2012-02-17,2026-03-28,2,2026-10-07
http://ufcstats.com/fighter-details/d910665038efc639,Carla Esparza,ufcstats,gidstats,https://gidstats.com/fighters/carla_esparza.html,,https://gidstats.com/fighters/carla_esparza.html,Carla Esparza,1987-10-10,,38,name+opponents(14)+age,30,2010-02-19,2024-10-05,1,2026-10-07
http://ufcstats.com/fighter-details/d945aae53e3e54e6,Thiago Moises,ufcstats,gidstats,https://gidstats.com/fighters/thiago_moises.html,,https://gidstats.com/fighters/thiago_moises.html,Thiago Moises,1995-03-23,,26,"name+opponents(14) AGE_CONFLICT(gid 26, dob 1995-03-23)",28,2012-05-19,2025-05-17,1,2026-10-07
http://ufcstats.com/fighter-details/d958ed9e5a08c849,Ryan Kuse,ufcstats,gidstats,https://gidstats.com/fighters/ryan_kuse.html,,https://gidstats.com/fighters/ryan_kuse.html,Ryan Kuse,1994-06-24,,32,name+opponents(1)+age,11,2020-08-28,2026-04-05,3,2026-10-07
http://ufcstats.com/fighter-details/d964a59c48381cb6,Danny Silva,ufcstats+dwcs,gidstats,https://gidstats.com/fighters/danny_silva.html,,https://gidstats.com/fighters/danny_silva.html,Danny Silva,1997-01-30,,,name+opponents(5),12,2019-05-25,2025-08-02,0,2026-10-07
http://ufcstats.com/fighter-details/d967f0128c323de6,Daniel Cormier,ufcstats,gidstats,https://gidstats.com/fighters/daniel_cormier.html,,https://gidstats.com/fighters/daniel_cormier.html,Daniel Cormier,1979-03-20,,47,name+opponents(11)+age,26,2009-09-25,2020-08-15,4,2026-10-07
http://ufcstats.com/fighter-details/d9a56ecb6e94f02e,Evan Elder,ufcstats,gidstats,https://gidstats.com/fighters/evan_elder.html,,https://gidstats.com/fighters/evan_elder.html,Evan Elder,1997-04-11,,29,name+opponents(5)+age,12,2018-09-07,2025-04-26,0,2026-10-07
http://ufcstats.com/fighter-details/d9c6f19f958643e9,Bryce Mitchell,ufcstats,gidstats,https://gidstats.com/fighters/bryce_mitchell.html,,https://gidstats.com/fighters/bryce_mitchell.html,Bryce Mitchell,1994-10-04,,32,name+opponents(13)+age,24,2015-01-24,2026-06-06,3,2026-10-07
http://ufcstats.com/fighter-details/da0995f19b749cfa,Mark Madsen,ufcstats,gidstats,https://gidstats.com/fighters/mark_madsen.html,,https://gidstats.com/fighters/mark_madsen.html,Mark Madsen,1984-09-23,,42,name+opponents(6)+age,14,2013-09-26,2023-11-11,8,2026-10-07
http://ufcstats.com/fighter-details/da1d8d76404bb6b5,Bruno Santos,ufcstats,gidstats,https://gidstats.com/fighters/bruno_santos.html,,https://gidstats.com/fighters/bruno_santos.html,Bruno Santos,1987-07-17,,39,name+opponents(3)+age,25,2007-12-01,2023-06-09,0,2026-10-07
http://ufcstats.com/fighter-details/da22387a0407a2dc,Da'Mon Blackshear,ufcstats,gidstats,https://gidstats.com/fighters/damon_blackshear.html,,https://gidstats.com/fighters/damon_blackshear.html,Da'Mon Blackshear,1994-08-12,,32,name+opponents(9)+age,26,2016-03-26,2025-07-26,0,2026-10-07
http://ufcstats.com/fighter-details/da4628f173337902,Don Shainis,ufcstats,gidstats,https://gidstats.com/fighters/don_shainis.html,,https://gidstats.com/fighters/don_shainis.html,Don Shainis,1990-09-16,,35,name+opponents(2)+age,23,2016-06-18,2025-01-25,0,2026-10-07
http://ufcstats.com/fighter-details/da7f113b5ea39c43,Mohammed Usman,ufcstats,gidstats,https://gidstats.com/fighters/usman_mohammed.html,,https://gidstats.com/fighters/usman_mohammed.html,Mohammed Usman,1989-04-01,,37,name+opponents(6)+age,17,2017-05-18,2025-06-21,0,2026-10-07
http://ufcstats.com/fighter-details/da816417a579a0bd,Gavin Tucker,ufcstats,gidstats,https://gidstats.com/fighters/gavin_tucker.html,,https://gidstats.com/fighters/gavin_tucker.html,Gavin Tucker,1986-06-17,,40,name+opponents(7)+age,16,2011-02-19,2023-08-05,0,2026-10-07
http://ufcstats.com/fighter-details/dab8cfbb6b1db10a,Livinha Souza,ufcstats,gidstats,https://gidstats.com/fighters/livinha_souza.html,,https://gidstats.com/fighters/livinha_souza.html,Livinha Souza,1991-03-11,,35,name+opponents(6)+age,18,2013-03-09,2021-10-23,0,2026-10-07
http://ufcstats.com/fighter-details/db1f2ed63b54b9a7,Hector Lombard,ufcstats,gidstats,https://gidstats.com/fighters/hector_lombard.html,,https://gidstats.com/fighters/hector_lombard.html,Hector Lombard,1978-02-02,,48,name+opponents(12)+age,48,2004-09-26,2022-05-20,10,2026-10-07
http://ufcstats.com/fighter-details/db5dc7cb80d7d418,Will Chope,ufcstats,gidstats,https://gidstats.com/fighters/will_chope.html,,https://gidstats.com/fighters/will_chope.html,Will Chope,1990-09-08,,36,name+opponents(1)+age,63,2010-08-01,2023-12-23,13,2026-10-07
http://ufcstats.com/fighter-details/db6d5f691aea3fd3,Wagner Campos,ufcstats,gidstats,https://gidstats.com/fighters/wagner_campos.html,,https://gidstats.com/fighters/wagner_campos.html,Wagner Campos,1981-07-31,,45,name+opponents(1)+age,24,2006-12-03,2016-07-23,0,2026-10-07
http://ufcstats.com/fighter-details/dbaaf42313af90fa,Joe Doerksen,ufcstats,gidstats,https://gidstats.com/fighters/joe_doerksen.html,,https://gidstats.com/fighters/joe_doerksen.html,Joe Doerksen,1977-10-09,,48,name+opponents(3)+age,67,1999-02-06,2014-09-19,0,2026-10-07
http://ufcstats.com/fighter-details/dbac0a413af64bbe,Felipe Colares,ufcstats,gidstats,https://gidstats.com/fighters/felipe_colares.html,,https://gidstats.com/fighters/felipe_colares.html,Felipe Colares,1994-03-31,,27,"name+opponents(6) AGE_CONFLICT(gid 27, dob 1994-03-31)",15,2013-07-20,2023-02-17,0,2026-10-07
http://ufcstats.com/fighter-details/dbc17725b887860a,Cezar Ferreira,ufcstats,gidstats,https://gidstats.com/fighters/cezar_ferreira.html,,https://gidstats.com/fighters/cezar_ferreira.html,Cezar Ferreira,1985-02-15,,41,name+opponents(15)+age,28,2007-04-29,2023-04-14,0,2026-10-07
http://ufcstats.com/fighter-details/dbea8c1cb327ab3d,Igor Araujo,ufcstats,gidstats,https://gidstats.com/fighters/igor_araujo.html,,https://gidstats.com/fighters/igor_araujo.html,Igor Araujo,1980-12-06,,45,name+opponents(4)+age,39,2004-12-11,2018-03-17,0,2026-10-07
http://ufcstats.com/fighter-details/dc07493a87dc0a6e,Alex Reyes,ufcstats,gidstats,https://gidstats.com/fighters/alex_reyes.html,,https://gidstats.com/fighters/alex_reyes.html,Alex Reyes,1986-10-02,,40,name+opponents(3)+age,18,2007-09-15,2024-08-17,0,2026-10-07
http://ufcstats.com/fighter-details/dc0f07928009a127,Rob Emerson,ufcstats,gidstats,https://gidstats.com/fighters/rob_emerson.html,,https://gidstats.com/fighters/rob_emerson.html,Rob Emerson,1981-07-30,,45,name+opponents(2)+age,38,2002-06-29,2019-11-15,1,2026-10-07
http://ufcstats.com/fighter-details/dc3b9cf7641b7ab6,Drako Rodriguez,ufcstats+dwcs,gidstats,https://gidstats.com/fighters/drako_rodriguez.html,,https://gidstats.com/fighters/drako_rodriguez.html,Drako Rodriguez,1996-06-16,,30,name+opponents(3)+age,11,2017-10-21,2022-04-16,3,2026-10-07
http://ufcstats.com/fighter-details/dc5a6b2fdb27e7dc,Amilcar Alves,ufcstats,gidstats,https://gidstats.com/fighters/amilcar_alves.html,,https://gidstats.com/fighters/amilcar_alves.html,Amilcar Alves,1988-08-08,,46,"name+opponents(2) AGE_CONFLICT(gid 46, dob 1988-08-08)",41,2006-06-21,2022-06-25,0,2026-10-07
http://ufcstats.com/fighter-details/dc7927cd622676a7,Victor Altamirano,ufcstats+dwcs,gidstats,https://gidstats.com/fighters/victor_altamirano.html,,https://gidstats.com/fighters/victor_altamirano.html,Victor Altamirano,1991-01-23,,35,name+opponents(7)+age,17,2017-12-08,2024-09-28,0,2026-10-07
http://ufcstats.com/fighter-details/dc9572dd6ec74859,Colby Covington,ufcstats,gidstats,https://gidstats.com/fighters/colby_covington.html,,https://gidstats.com/fighters/colby_covington.html,Colby Covington,1988-02-22,,38,name+opponents(15)+age,22,2012-02-11,2024-12-14,0,2026-10-07
http://ufcstats.com/fighter-details/dcbf01d605681ad1,Elizabeth Phillips,ufcstats,gidstats,https://gidstats.com/fighters/elizabeth_phillips.html,,https://gidstats.com/fighters/elizabeth_phillips.html,Elizabeth Phillips,1986-08-20,,40,name+opponents(4)+age,17,2012-09-15,2023-05-27,4,2026-10-07
http://ufcstats.com/fighter-details/dccb63727f2f5f74,Matt Frevola,ufcstats+dwcs,gidstats,https://gidstats.com/fighters/matt_frevola.html,,https://gidstats.com/fighters/matt_frevola.html,Matt Frevola,1990-06-11,,36,name+opponents(12)+age,18,2014-11-15,2025-10-18,0,2026-10-07
http://ufcstats.com/fighter-details/dcdd511ff757f15c,Oli Thompson,ufcstats,gidstats,https://gidstats.com/fighters/oli_thompson.html,,https://gidstats.com/fighters/oli_thompson.html,Oli Thompson,1980-01-02,,46,name+opponents(2)+age,38,2009-04-02,2023-05-26,1,2026-10-07
http://ufcstats.com/fighter-details/dd12382f28296f7b,Wang Guan,ufcstats,gidstats,https://gidstats.com/fighters/wang_guan.html,,https://gidstats.com/fighters/wang_guan.html,Wang Guan,1986-03-14,,40,name+opponents(1)+age,25,2006-12-22,2017-11-25,0,2026-10-07
http://ufcstats.com/fighter-details/dd37fd509af89f15,Josh Koscheck,ufcstats,gidstats,https://gidstats.com/fighters/josh_koscheck.html,,https://gidstats.com/fighters/josh_koscheck.html,Josh Koscheck,1977-11-30,,48,name+opponents(9)+age,30,2004-01-03,2017-02-18,0,2026-10-07
http://ufcstats.com/fighter-details/dd4c16777fb2ccf9,Heather Clark,ufcstats,gidstats,https://gidstats.com/fighters/heather_jo_clark.html,,https://gidstats.com/fighters/heather_jo_clark.html,Heather Clark,1980-09-19,,46,name+opponents(3)+age,15,2010-04-23,2018-07-21,0,2026-10-07
http://ufcstats.com/fighter-details/dd6103dd7127db1d,Mike Malott,ufcstats+dwcs+card,gidstats,https://gidstats.com/fighters/mike_malott.html,,https://gidstats.com/fighters/mike_malott.html,Mike Malott,1991-11-07,,34,name+opponents(10)+age,17,2011-04-16,2026-04-18,2,2026-10-07
http://ufcstats.com/fighter-details/dd992d569aaebee6,Jesse Taylor,ufcstats,gidstats,https://gidstats.com/fighters/jesse_taylor.html,,https://gidstats.com/fighters/jesse_taylor.html,Jesse Taylor,1983-01-02,,43,name+opponents(1)+age,57,2006-08-04,2023-03-30,8,2026-10-07
http://ufcstats.com/fighter-details/dda15dbfafb792df,Kevin Jousset,ufcstats,gidstats,https://gidstats.com/fighters/kevin_jousset.html,,https://gidstats.com/fighters/kevin_jousset.html,Kevin Jousset,1993-05-02,,33,name+opponents(4)+age,14,2019-03-29,2025-02-08,0,2026-10-07
http://ufcstats.com/fighter-details/ddbe4fa2ea573393,Jimmy Quinlan,ufcstats,gidstats,https://gidstats.com/fighters/jimmy_quinlan.html,,https://gidstats.com/fighters/jimmy_quinlan.html,Jimmy Quinlan,1986-05-25,,40,name+opponents(1)+age,8,2011-06-25,2013-09-21,0,2026-10-07
http://ufcstats.com/fighter-details/ddf3e0ea10ea6d8c,Jorge de Oliveira,ufcstats,gidstats,https://gidstats.com/fighters/jorge_de_oliveira.html,,https://gidstats.com/fighters/jorge_de_oliveira.html,Jorge de Oliveira,1980-01-22,,40,"name+opponents(2) AGE_CONFLICT(gid 40, dob 1980-01-22)",15,2006-03-11,2023-03-11,0,2026-10-07
http://ufcstats.com/fighter-details/de12bd65e2f46478,Pat Schilling,ufcstats,gidstats,https://gidstats.com/fighters/pat_schilling.html,,https://gidstats.com/fighters/pat_schilling.html,Pat Schilling,1988-08-28,,38,name+opponents(2)+age,7,2010-01-30,2012-06-01,0,2026-10-07
http://ufcstats.com/fighter-details/de26d906f2874dd4,Saygid Izagakhmaev,ufcstats,gidstats,https://gidstats.com/fighters/saygid_izagakhmaev.html,,https://gidstats.com/fighters/saygid_izagakhmaev.html,Saygid Izagakhmaev,1994-09-03,,32,name+opponents(1)+age,25,2013-07-07,2025-11-22,1,2026-10-07
http://ufcstats.com/fighter-details/de45aaae23dfa392,Christos Giagos,ufcstats,gidstats,https://gidstats.com/fighters/christos_giagos.html,,https://gidstats.com/fighters/christos_giagos.html,Christos Giagos,1990-01-23,,36,name+opponents(14)+age,32,2010-06-11,2024-04-06,1,2026-10-07
http://ufcstats.com/fighter-details/de594b35c45c2e9a,Eduarda Moura,ufcstats+dwcs,gidstats,https://gidstats.com/fighters/eduarda_moura.html,,https://gidstats.com/fighters/eduarda_moura.html,Eduarda Moura,1994-02-28,,32,name+opponents(5)+age,14,2022-03-27,2026-02-07,0,2026-10-07
http://ufcstats.com/fighter-details/de75d1c45a39e221,Sergio Pettis,ufcstats,gidstats,https://gidstats.com/fighters/sergio_pettis.html,,https://gidstats.com/fighters/sergio_pettis.html,Sergio Pettis,1993-08-18,,33,name+opponents(14)+age,33,2011-09-10,2026-04-11,1,2026-10-07
http://ufcstats.com/fighter-details/de83f920fd302871,Tommy Gantt,ufcstats,sherdog,https://www.sherdog.com/fighter/Thomas-Gantt-428202,https://www.sherdog.com/fighter/Thomas-Gantt-428202,,Thomas Gantt,1993-01-09,1993-01-09,,alias+dob,14,2024-04-06,2026-09-12,,2026-10-07
http://ufcstats.com/fighter-details/dea070ed4a2a8281,Thiago Santos,ufcstats,gidstats,https://gidstats.com/fighters/thiago_santos.html,,https://gidstats.com/fighters/thiago_santos.html,Thiago Santos,1984-01-07,,42,name+opponents(24)+age,40,2010-12-10,2024-06-13,0,2026-10-07
http://ufcstats.com/fighter-details/dee294e9717012c2,Malcolm Gordon,ufcstats,gidstats,https://gidstats.com/fighters/malcolm_gordon.html,,https://gidstats.com/fighters/malcolm_gordon.html,Malcolm Gordon,1990-05-19,,36,name+opponents(7)+age,22,2012-10-19,2024-01-20,0,2026-10-07
http://ufcstats.com/fighter-details/def8166ff24bd237,Brian Ortega,ufcstats+card,gidstats,https://gidstats.com/fighters/brian_ortega.html,,https://gidstats.com/fighters/brian_ortega.html,Brian Ortega,1991-02-21,,35,name+opponents(14)+age,22,2010-04-25,2025-08-23,0,2026-10-07
http://ufcstats.com/fighter-details/df05aa15b2d66f57,Chris Tuchscherer,ufcstats,gidstats,https://gidstats.com/fighters/chris_tuchscherer.html,,https://gidstats.com/fighters/chris_tuchscherer.html,Chris Tuchscherer,1975-09-08,,51,name+opponents(3)+age,26,2004-04-17,2011-02-26,0,2026-10-07
http://ufcstats.com/fighter-details/df1eb4354d18a906,Scott Holtzman,ufcstats,gidstats,https://gidstats.com/fighters/scott_holtzman.html,,https://gidstats.com/fighters/scott_holtzman.html,Scott Holtzman,1983-09-30,,43,name+opponents(13)+age,20,2012-02-10,2022-12-03,0,2026-10-07
http://ufcstats.com/fighter-details/df2bf09c99594848,Mario Miranda,ufcstats,gidstats,https://gidstats.com/fighters/mario_miranda.html,,https://gidstats.com/fighters/mario_miranda.html,Mario Miranda,1979-07-12,,48,name+opponents(4)+age,21,2007-03-24,2013-10-26,1,2026-10-07
http://ufcstats.com/fighter-details/df619b9a86ce0a9a,Damien Anderson,ufcstats,gidstats,https://gidstats.com/fighters/damien_anderson.html,,https://gidstats.com/fighters/damien_anderson.html,Damien Anderson,1997-01-04,,29,name+age,4,2023-11-05,2024-11-03,15,2026-10-07
http://ufcstats.com/fighter-details/dfae5da5676e4194,Chris Dempsey,ufcstats,gidstats,https://gidstats.com/fighters/chris_dempsey.html,,https://gidstats.com/fighters/chris_dempsey.html,Chris Dempsey,1987-09-08,,39,name+opponents(4)+age,18,2012-02-17,2021-08-21,3,2026-10-07
http://ufcstats.com/fighter-details/dfcadfcbd3a3f097,Milos Janicic,ufcstats,gidstats,https://gidstats.com/fighters/milo_janii.html,,https://gidstats.com/fighters/milo_janii.html,Miloš Janičić,1997-05-03,,29,name+age,20,2015-07-28,2024-03-02,1,2026-10-07
http://ufcstats.com/fighter-details/e00a3dee329a51f7,Jamall Emmers,ufcstats+dwcs,gidstats,https://gidstats.com/fighters/jamall_emmers.html,,https://gidstats.com/fighters/jamall_emmers.html,Jamall Emmers,1989-07-24,,37,name+opponents(11)+age,30,2012-10-06,2025-11-08,0,2026-10-07
http://ufcstats.com/fighter-details/e023fa2e648ea0f1,Steve Bosse,ufcstats,gidstats,https://gidstats.com/fighters/steve_bosse.html,,https://gidstats.com/fighters/steve_bosse.html,Steve Bosse,1981-07-29,,45,name+opponents(3)+age,14,2007-06-01,2016-06-18,1,2026-10-07
http://ufcstats.com/fighter-details/e047d3b541afd4a7,Tahir Abdullayev,ufcstats+card,gidstats,https://gidstats.com/fighters/tahir_abdullaev.html,,https://gidstats.com/fighters/tahir_abdullaev.html,Tahir Abdullaev,1997-02-02,,29,alias+opponents(2)+age,25,2015-03-04,2026-06-27,0,2026-10-07
http://ufcstats.com/fighter-details/e0664abaa023fd6f,Ding Meng,ufcstats,gidstats,https://gidstats.com/fighters/meng_ding.html,,https://gidstats.com/fighters/meng_ding.html,Meng Ding,1994-09-27,,32,name+age,45,2015-12-31,2026-05-30,3,2026-10-07
http://ufcstats.com/fighter-details/e0b0cf71e0d69dd0,Kanako Murata,ufcstats,gidstats,https://gidstats.com/fighters/kanako_murata.html,,https://gidstats.com/fighters/kanako_murata.html,Kanako Murata,1993-08-10,,33,name+opponents(3)+age,16,2016-04-17,2025-07-23,0,2026-10-07
http://ufcstats.com/fighter-details/e0b74df14f52cd15,Mike Brown,ufcstats,gidstats,https://gidstats.com/fighters/mike_brown.html,,https://gidstats.com/fighters/mike_brown.html,Mike Brown,1975-09-08,,51,name+opponents(5)+age,34,2001-04-14,2013-08-17,0,2026-10-07
http://ufcstats.com/fighter-details/e0c6edcb5b5d0b90,Chepe Mariscal,ufcstats,gidstats,https://gidstats.com/fighters/jose_mariscal.html,,https://gidstats.com/fighters/jose_mariscal.html,Chepe Mariscal,1992-10-27,,33,name+opponents(6)+age,26,2014-10-11,2025-11-15,0,2026-10-07
http://ufcstats.com/fighter-details/e0d3d9b564f95635,Lucas Rocha,ufcstats+dwcs,gidstats,https://gidstats.com/fighters/lucas_rocha.html,,https://gidstats.com/fighters/lucas_rocha.html,Lucas Rocha,2000-08-12,,,name+opponents(3),20,2016-12-10,2025-10-11,0,2026-10-07
http://ufcstats.com/fighter-details/e0f959f65d0406b4,Isabela de Padua,ufcstats,gidstats,https://gidstats.com/fighters/isabela_de_padua.html,,https://gidstats.com/fighters/isabela_de_padua.html,Isabela De Padua,1991-09-04,,35,name+opponents(1)+age,11,2015-05-30,2023-04-29,2,2026-10-07
http://ufcstats.com/fighter-details/e1147d3d2dabe1ce,Robert Whittaker,ufcstats,gidstats,https://gidstats.com/fighters/robert_whittaker.html,,https://gidstats.com/fighters/robert_whittaker.html,Robert Whittaker,1990-12-20,,35,name+opponents(23)+age,37,2009-03-14,2025-07-26,0,2026-10-07
http://ufcstats.com/fighter-details/e1248941344b3288,Alexander Volkanovski,ufcstats+card,gidstats,https://gidstats.com/fighters/alexander_volkanovski.html,,https://gidstats.com/fighters/alexander_volkanovski.html,Alexander Volkanovski,1988-09-29,,38,name+opponents(15)+age,32,2012-05-19,2026-01-31,0,2026-10-07
http://ufcstats.com/fighter-details/e132d47bd9efbbe0,Rafa Garcia,ufcstats,gidstats,https://gidstats.com/fighters/garca_rafa.html,,https://gidstats.com/fighters/garca_rafa.html,Rafa García,1994-08-05,,32,name+opponents(12)+age,23,2014-10-18,2026-04-25,0,2026-10-07
http://ufcstats.com/fighter-details/e13abac8089a801a,Justin Tafa,ufcstats,gidstats,https://gidstats.com/fighters/justin_tafa.html,,https://gidstats.com/fighters/justin_tafa.html,Justin Tafa,1993-12-13,,32,name+opponents(9)+age,13,2017-05-20,2025-02-08,0,2026-10-07
http://ufcstats.com/fighter-details/e14b5aa06eea9653,Abel Trujillo,ufcstats,gidstats,https://gidstats.com/fighters/abel_trujillo.html,,https://gidstats.com/fighters/abel_trujillo.html,Abel Trujillo,1983-09-18,,43,name+opponents(10)+age,24,2009-08-28,2017-12-16,0,2026-10-07
http://ufcstats.com/fighter-details/e17ac6410c8377f4,Bartosz Fabinski,ufcstats,gidstats,https://gidstats.com/fighters/bartosz_fabinski.html,,https://gidstats.com/fighters/bartosz_fabinski.html,Bartosz Fabinski,1986-04-26,,40,name+opponents(6)+age,22,2011-11-18,2024-01-20,0,2026-10-07
http://ufcstats.com/fighter-details/e18a19001a3f7c7d,Alptekin Ozkilic,ufcstats,gidstats,https://gidstats.com/fighters/alptekin_ozkilic.html,,https://gidstats.com/fighters/alptekin_ozkilic.html,Alptekin Ozkilic,1986-03-27,,40,name+opponents(4)+age,14,2010-11-27,2016-05-22,0,2026-10-07
http://ufcstats.com/fighter-details/e1d40e8782d80bc2,William Gomis,ufcstats,gidstats,https://gidstats.com/fighters/gomis_william.html,,https://gidstats.com/fighters/gomis_william.html,William Gomis,1997-06-13,,29,name+opponents(5)+age,18,2016-02-04,2025-09-06,0,2026-10-07
http://ufcstats.com/fighter-details/e1f8beeb6d2d871a,Namsrai Batbayar,ufcstats,gidstats,https://gidstats.com/fighters/namsrai_batbayar.html,,https://gidstats.com/fighters/namsrai_batbayar.html,Namsrai Batbayar,2000-12-29,,25,name+age,11,2022-03-18,2026-05-29,0,2026-10-07
http://ufcstats.com/fighter-details/e25bcbcdaf6537a1,Reza Madadi,ufcstats,gidstats,https://gidstats.com/fighters/reza_madadi.html,,https://gidstats.com/fighters/reza_madadi.html,Reza Madadi,1978-06-20,,46,"name+opponents(7) AGE_CONFLICT(gid 46, dob 1978-06-20)",20,2006-09-23,2017-05-28,0,2026-10-07
http://ufcstats.com/fighter-details/e26882820f9e8df5,Mike Lullo,ufcstats,gidstats,https://gidstats.com/fighters/mike_lullo.html,,https://gidstats.com/fighters/mike_lullo.html,Mike Lullo,1979-07-24,,47,name+opponents(2)+age,12,2008-02-23,2011-09-17,0,2026-10-07
http://ufcstats.com/fighter-details/e26bd53b751d61d9,Jordan Williams,ufcstats+dwcs,gidstats,https://gidstats.com/fighters/williams_jordan.html,,https://gidstats.com/fighters/williams_jordan.html,Jordan Williams,1990-10-13,,35,name+opponents(6)+age,16,2013-06-22,2021-11-06,0,2026-10-07
http://ufcstats.com/fighter-details/e2b8186b618b00c4,Shamar Bailey,ufcstats,gidstats,https://gidstats.com/fighters/shamar_bailey.html,,https://gidstats.com/fighters/shamar_bailey.html,Shamar Bailey,1982-09-22,,44,name+opponents(2)+age,29,2006-08-25,2014-10-04,0,2026-10-07
http://ufcstats.com/fighter-details/e2be0c1a9b886d92,MarQuel Mederos,ufcstats+dwcs,gidstats,https://gidstats.com/fighters/marquel_mederos.html,,https://gidstats.com/fighters/marquel_mederos.html,Marquel Mederos,1996-11-30,,29,name+opponents(4)+age,12,2021-06-20,2025-06-07,0,2026-10-07
http://ufcstats.com/fighter-details/e2ccd9a9ace60de7,Aleksei Kunchenko,ufcstats,gidstats,https://gidstats.com/fighters/aleksei_kunchenko.html,,https://gidstats.com/fighters/aleksei_kunchenko.html,Aleksei Kunchenko,1984-05-02,,42,name+opponents(4)+age,30,2013-05-11,2025-11-07,6,2026-10-07
http://ufcstats.com/fighter-details/e2f6b2769aaedd6c,Serghei Spivac,ufcstats,gidstats,https://gidstats.com/fighters/serghei_spivac.html,,https://gidstats.com/fighters/serghei_spivac.html,Serghei Spivac,1995-01-24,,31,name+opponents(15)+age,24,2014-09-28,2026-02-21,0,2026-10-07
http://ufcstats.com/fighter-details/e363b21261814830,Marcos Vinicius,ufcstats,gidstats,https://gidstats.com/fighters/marcos_vinicius.html,,https://gidstats.com/fighters/marcos_vinicius.html,Marcos Vinicius,1979-12-05,,46,name+opponents(3)+age,40,2008-06-14,2021-11-06,1,2026-10-07
http://ufcstats.com/fighter-details/e375cb5caf4717b6,Piera Rodriguez,ufcstats+dwcs+card,gidstats,https://gidstats.com/fighters/p_rodriguez_giunta.html,,https://gidstats.com/fighters/p_rodriguez_giunta.html,Piera Rodriguez,1992-11-11,,33,name+opponents(8)+age,14,2017-05-20,2026-03-14,0,2026-10-07
http://ufcstats.com/fighter-details/e3779ef06e98f185,Keith Berish,ufcstats,gidstats,https://gidstats.com/fighters/keith_berish.html,,https://gidstats.com/fighters/keith_berish.html,Keith Berish,1985-11-14,,40,name+opponents(2)+age,7,2009-05-02,2016-12-09,0,2026-10-07
http://ufcstats.com/fighter-details/e3964ece586e0635,Jacqueline Cavalcanti,ufcstats,gidstats,https://gidstats.com/fighters/jacqueline_cavalcanti.html,,https://gidstats.com/fighters/jacqueline_cavalcanti.html,Jacqueline Cavalcanti,1997-08-29,,29,name+opponents(6)+age,11,2018-06-02,2025-11-08,0,2026-10-07
http://ufcstats.com/fighter-details/e3b30b573e7f0d19,Adrian Luna Martinetti,ufcstats+dwcs,gidstats,https://gidstats.com/fighters/adrian_luna_martinetti.html,,https://gidstats.com/fighters/adrian_luna_martinetti.html,Adrian Luna Martinetti,1995-08-20,,31,name+opponents(1)+age,18,2014-10-25,2025-10-07,1,2026-10-07
http://ufcstats.com/fighter-details/e4277e87a789d687,Dustin Jacoby,ufcstats+dwcs,gidstats,https://gidstats.com/fighters/dustin_jacoby.html,,https://gidstats.com/fighters/dustin_jacoby.html,Dustin Jacoby,1988-04-04,,38,name+opponents(18)+age,32,2010-11-27,2026-02-07,16,2026-10-07
http://ufcstats.com/fighter-details/e45cfa47f504033a,Jason Gonzalez,ufcstats,gidstats,https://gidstats.com/fighters/jason_gonzalez.html,,https://gidstats.com/fighters/jason_gonzalez.html,Jason Gonzalez,1990-02-28,,40,"name+opponents(4) AGE_CONFLICT(gid 40, dob 1990-02-28)",18,2011-06-30,2019-04-27,0,2026-10-07
http://ufcstats.com/fighter-details/e463ce0a2ca474f4,Ryan Gandra,ufcstats+dwcs,gidstats,https://gidstats.com/fighters/ryan_gandra.html,,https://gidstats.com/fighters/ryan_gandra.html,Ryan Gandra,1995-05-08,,31,name+opponents(3)+age,10,2022-02-19,2026-02-28,0,2026-10-07
http://ufcstats.com/fighter-details/e4a47b07044ddd72,Ignacio Bahamondes,ufcstats+dwcs,gidstats,https://gidstats.com/fighters/ignacio_bahamondes.html,,https://gidstats.com/fighters/ignacio_bahamondes.html,Ignacio Bahamondes,1997-08-27,,29,name+opponents(12)+age,24,2015-11-21,2026-03-28,0,2026-10-07
http://ufcstats.com/fighter-details/e4a9dbade7c7e1a7,Rolles Gracie,ufcstats,gidstats,https://gidstats.com/fighters/rolles_gracie.html,,https://gidstats.com/fighters/rolles_gracie.html,Rolles Gracie,1978-07-14,,48,name+opponents(1)+age,12,2007-09-20,2015-05-23,6,2026-10-07
http://ufcstats.com/fighter-details/e4aaaa34535e32b6,Nick Denis,ufcstats,gidstats,https://gidstats.com/fighters/nick_denis.html,,https://gidstats.com/fighters/nick_denis.html,Nick Denis,1983-10-11,,42,name+opponents(2)+age,14,2006-10-14,2012-05-05,0,2026-10-07
http://ufcstats.com/fighter-details/e4ba58725825412d,Dan Argueta,ufcstats,gidstats,https://gidstats.com/fighters/argueta_daniel.html,,https://gidstats.com/fighters/argueta_daniel.html,Daniel Argueta,1993-08-13,,33,alias+opponents(6)+age,15,2019-05-03,2024-10-12,0,2026-10-07
http://ufcstats.com/fighter-details/e4d2564ea0e34e2b,Mehdi Baghdad,ufcstats,gidstats,https://gidstats.com/fighters/mehdi_baghdad.html,,https://gidstats.com/fighters/mehdi_baghdad.html,Mehdi Baghdad,1985-04-13,,41,name+opponents(2)+age,21,2008-12-13,2021-07-02,0,2026-10-07
http://ufcstats.com/fighter-details/e4e0f310b3cf23a8,Alex Torres,ufcstats,gidstats,https://gidstats.com/fighters/alex_torres.html,,https://gidstats.com/fighters/alex_torres.html,Alex Torres,1988-05-29,,38,name+opponents(1)+age,21,2012-10-05,2023-07-08,0,2026-10-07
http://ufcstats.com/fighter-details/e4faa79383c9f214,Ernesta Kareckaite,ufcstats+dwcs+card,gidstats,https://gidstats.com/fighters/ernesta_kareckaite.html,,https://gidstats.com/fighters/ernesta_kareckaite.html,Ernesta Kareckaite,1998-07-05,,28,name+opponents(4)+age,9,2019-03-16,2026-02-28,3,2026-10-07
http://ufcstats.com/fighter-details/e5010b1b94ca5755,Paul Felder,ufcstats,gidstats,https://gidstats.com/fighters/paul_felder.html,,https://gidstats.com/fighters/paul_felder.html,Paul Felder,1984-04-25,,42,name+opponents(14)+age,23,2011-12-10,2020-11-14,0,2026-10-07
http://ufcstats.com/fighter-details/e503aa5c252a1b4d,Dustin Neace,ufcstats,gidstats,https://gidstats.com/fighters/dustin_neace.html,,https://gidstats.com/fighters/dustin_neace.html,Dustin Neace,1986-09-12,,40,name+opponents(1)+age,50,2006-04-29,2013-09-28,0,2026-10-07
http://ufcstats.com/fighter-details/e50cd77732d39967,Aisling Daly,ufcstats,gidstats,https://gidstats.com/fighters/aisling_daly.html,,https://gidstats.com/fighters/aisling_daly.html,Aisling Daly,1987-12-24,,38,name+opponents(3)+age,24,2007-05-05,2015-10-24,0,2026-10-07
http://ufcstats.com/fighter-details/e51e5cb722bd47a8,Patrick Cummins,ufcstats,gidstats,https://gidstats.com/fighters/patrick_cummins.html,,https://gidstats.com/fighters/patrick_cummins.html,Patrick Cummins,1980-11-16,,45,name+opponents(12)+age,17,2010-12-04,2019-05-18,0,2026-10-07
http://ufcstats.com/fighter-details/e51ee8ded927fc51,Chris de la Rocha,ufcstats,gidstats,https://gidstats.com/fighters/chris_de_la_rocha.html,,https://gidstats.com/fighters/chris_de_la_rocha.html,Chris De La Rocha,1979-05-15,,47,name+opponents(4)+age,8,2013-09-28,2018-12-15,0,2026-10-07
http://ufcstats.com/fighter-details/e51fcd9cd84c0b93,Michel Prazeres,ufcstats,gidstats,https://gidstats.com/fighters/michel_prazeres.html,,https://gidstats.com/fighters/michel_prazeres.html,Michel Prazeres,1981-07-25,,45,name+opponents(14)+age,34,2000-10-09,2025-05-10,0,2026-10-07
http://ufcstats.com/fighter-details/e530df53922f413e,Luis Pajuelo,ufcstats+dwcs,gidstats,https://gidstats.com/fighters/luis_pajuelo.html,,https://gidstats.com/fighters/luis_pajuelo.html,Luis Pajuelo,1994-12-18,,31,name+opponents(2)+age,10,2019-11-13,2024-03-23,0,2026-10-07
http://ufcstats.com/fighter-details/e5549c82bfb5582d,Alex Pereira,ufcstats,gidstats,https://gidstats.com/fighters/alex_pereira.html,,https://gidstats.com/fighters/alex_pereira.html,Alex Pereira,1987-07-07,,39,name+opponents(10)+age,17,2015-10-24,2026-06-14,34,2026-10-07
http://ufcstats.com/fighter-details/e564146b9cf6dbef,Felipe Franco,ufcstats+dwcs+card,gidstats,https://gidstats.com/fighters/felipe_franco.html,,https://gidstats.com/fighters/felipe_franco.html,Felipe Franco,2001-01-22,,25,name+opponents(4)+age,13,2022-11-05,2026-07-18,0,2026-10-07
http://ufcstats.com/fighter-details/e56cee1ad697db04,Steven Asplund,ufcstats+dwcs,gidstats,https://gidstats.com/fighters/steven_asplund.html,,https://gidstats.com/fighters/steven_asplund.html,Steven Asplund,1998-07-16,,28,name+opponents(4)+age,9,2023-11-11,2026-03-14,0,2026-10-07
http://ufcstats.com/fighter-details/e56daf7725a0b5ab,Justin Edwards,ufcstats,gidstats,https://gidstats.com/fighters/justin_edwards.html,,https://gidstats.com/fighters/justin_edwards.html,Justin Edwards,1983-01-26,,43,name+opponents(7)+age,20,2008-11-21,2019-07-03,0,2026-10-07
http://ufcstats.com/fighter-details/e57fdbea1b828202,Jake Hecht,ufcstats,gidstats,https://gidstats.com/fighters/jake_hecht.html,,https://gidstats.com/fighters/jake_hecht.html,Jake Hecht,1984-02-09,,42,name+opponents(3)+age,15,2006-04-22,2012-06-08,0,2026-10-07
http://ufcstats.com/fighter-details/e5864a42c80294f6,Josiah Harrell,ufcstats,gidstats,https://gidstats.com/fighters/josiah_harrell.html,,https://gidstats.com/fighters/josiah_harrell.html,Josiah Harrell,1998-11-13,,27,name+opponents(1)+age,12,2020-03-07,2026-02-21,0,2026-10-07
http://ufcstats.com/fighter-details/e5bda12faabfc850,Luis Henrique,ufcstats,gidstats,https://gidstats.com/fighters/luis_henrique.html,,https://gidstats.com/fighters/luis_henrique.html,Luis Henrique,1993-08-21,,33,name+opponents(6)+age,28,2011-11-05,2025-09-13,2,2026-10-07
http://ufcstats.com/fighter-details/e5c9de15bb58b1c6,Evan Dunham,ufcstats,gidstats,https://gidstats.com/fighters/evan_dunham.html,,https://gidstats.com/fighters/evan_dunham.html,Evan Dunham,1981-12-18,,44,name+opponents(19)+age,28,2007-04-14,2020-06-06,0,2026-10-07
http://ufcstats.com/fighter-details/e5ca2bc2451a5956,Tina Lahdemaki,ufcstats,gidstats,https://gidstats.com/fighters/tina_lahdemaki.html,,https://gidstats.com/fighters/tina_lahdemaki.html,Tina Lahdemaki,1988-05-28,,38,name+opponents(1)+age,6,2010-09-18,2014-07-16,0,2026-10-07
http://ufcstats.com/fighter-details/e5d03e4d966126bd,Jason High,ufcstats,gidstats,https://gidstats.com/fighters/jason_high.html,,https://gidstats.com/fighters/jason_high.html,Jason High,1981-10-12,,44,name+opponents(5)+age,31,2005-09-24,2020-12-11,2,2026-10-07
http://ufcstats.com/fighter-details/e5ecaf884b6da2bc,Chris Clements,ufcstats,gidstats,https://gidstats.com/fighters/chris_clements.html,,https://gidstats.com/fighters/chris_clements.html,Chris Clements,1976-02-09,,50,name+opponents(5)+age,19,2005-06-18,2015-04-25,0,2026-10-07
http://ufcstats.com/fighter-details/e6147d5ab3685899,Donny Walker,ufcstats,gidstats,https://gidstats.com/fighters/donny_walker.html,,https://gidstats.com/fighters/donny_walker.html,Donny Walker,1980-01-04,,46,name+opponents(2)+age,25,2004-09-10,2013-06-29,0,2026-10-07
http://ufcstats.com/fighter-details/e64b96c07d7ce999,Li Jingliang,ufcstats,gidstats,https://gidstats.com/fighters/li_jingliang.html,,https://gidstats.com/fighters/li_jingliang.html,Li Jingliang,1988-03-20,,38,name+opponents(18)+age,28,2007-09-22,2024-08-17,0,2026-10-07
http://ufcstats.com/fighter-details/e6666480a830f764,YiSak Lee,ufcstats,gidstats,https://gidstats.com/fighters/yi_sak_lee.html,,https://gidstats.com/fighters/yi_sak_lee.html,Yi Sak Lee,2000-01-01,,26,name+opponents(1)+age,10,2021-07-17,2026-05-30,0,2026-10-07
http://ufcstats.com/fighter-details/e6679e38e7fab7a8,Jamie Siraj,ufcstats,gidstats,https://gidstats.com/fighters/jamie_siraj.html,,https://gidstats.com/fighters/jamie_siraj.html,Jamie Siraj,1994-06-28,,32,name+opponents(1)+age,17,2014-02-22,2026-02-19,0,2026-10-07
http://ufcstats.com/fighter-details/e6c5908910cc26e4,Lavar Johnson,ufcstats,gidstats,https://gidstats.com/fighters/lavar_johnson.html,,https://gidstats.com/fighters/lavar_johnson.html,Lavar Johnson,1977-06-11,,49,name+opponents(4)+age,28,2004-01-16,2014-09-05,1,2026-10-07
http://ufcstats.com/fighter-details/e70de1859b7ee78e,Sultan Aliev,ufcstats,gidstats,https://gidstats.com/fighters/sultan_aliev.html,,https://gidstats.com/fighters/sultan_aliev.html,Sultan Aliev,1984-09-17,,42,name+opponents(4)+age,18,2011-04-08,2019-04-20,0,2026-10-07
http://ufcstats.com/fighter-details/e76d9f656ceb82ab,Aleksandra Albu,ufcstats,gidstats,https://gidstats.com/fighters/alexandra_albu.html,,https://gidstats.com/fighters/alexandra_albu.html,Alexandra Albu,1990-07-14,,36,alias+opponents(4)+age,5,2013-06-29,2019-10-26,0,2026-10-07
http://ufcstats.com/fighter-details/e7bba7ce4d6c7b07,Casey Kenney,ufcstats+dwcs,gidstats,https://gidstats.com/fighters/casey_kenney.html,,https://gidstats.com/fighters/casey_kenney.html,Casey Kenney,1991-03-20,,35,name+opponents(9)+age,21,2014-12-20,2021-08-07,0,2026-10-07
http://ufcstats.com/fighter-details/e7e01e266a9d4342,Ronnie Lawrence,ufcstats+dwcs,gidstats,https://gidstats.com/fighters/ronnie_lawrence.html,,https://gidstats.com/fighters/ronnie_lawrence.html,Ronnie Lawrence,1992-06-13,,34,name+opponents(5)+age,11,2015-10-31,2023-06-17,0,2026-10-07
http://ufcstats.com/fighter-details/e7f51d9f9e9259e7,Thomas Gifford,ufcstats,gidstats,https://gidstats.com/fighters/thomas_gifford.html,,https://gidstats.com/fighters/thomas_gifford.html,Thomas Gifford,1992-07-26,,34,name+opponents(2)+age,29,2011-07-23,2020-02-29,2,2026-10-07
http://ufcstats.com/fighter-details/e7fe5315b1efeb92,Guto Inocente,ufcstats,gidstats,https://gidstats.com/fighters/guto_inocente.html,,https://gidstats.com/fighters/guto_inocente.html,Guto Inocente,1986-05-29,,40,name+opponents(2)+age,16,2005-03-19,2021-07-29,15,2026-10-07
http://ufcstats.com/fighter-details/e803242fb2e41112,Islam Dulatov,ufcstats+dwcs,gidstats,https://gidstats.com/fighters/islam_dulatov.html,,https://gidstats.com/fighters/islam_dulatov.html,Islam Dulatov,1998-08-02,,28,name+opponents(2)+age,13,2019-09-07,2025-07-19,1,2026-10-07
http://ufcstats.com/fighter-details/e81dd0bb8a64b550,Charlie Ward,ufcstats,gidstats,https://gidstats.com/fighters/charlie_ward.html,,https://gidstats.com/fighters/charlie_ward.html,Charlie Ward,1980-12-17,,45,name+opponents(2)+age,17,2015-03-21,2023-09-23,0,2026-10-07
http://ufcstats.com/fighter-details/e82d5f54daa85a7e,Joe Merritt,ufcstats,gidstats,https://gidstats.com/fighters/joe_merritt.html,,https://gidstats.com/fighters/joe_merritt.html,Joe Merritt,1984-03-07,,42,name+opponents(1)+age,9,2012-06-23,2016-07-02,0,2026-10-07
http://ufcstats.com/fighter-details/e86bc32f5997a8f7,Forrest Petz,ufcstats,gidstats,https://gidstats.com/fighters/forrest_petz.html,,https://gidstats.com/fighters/forrest_petz.html,Forrest Petz,1975-09-22,,51,name+opponents(2)+age,35,2002-01-13,2013-06-01,0,2026-10-07
http://ufcstats.com/fighter-details/e872e9a9a902c045,Katlyn Cerminara,ufcstats+card,gidstats,https://gidstats.com/fighters/katlyn_chookagian.html,,https://gidstats.com/fighters/katlyn_chookagian.html,Katlyn Chookagian,1988-12-28,,37,alias+opponents(16)+age,24,2014-06-28,2024-03-09,1,2026-10-07
http://ufcstats.com/fighter-details/e87a13e02c01331d,Ali AlQaisi,ufcstats,gidstats,https://gidstats.com/fighters/ali_alqaisi.html,,https://gidstats.com/fighters/ali_alqaisi.html,Ali AlQaisi,1990-09-23,,36,name+opponents(2)+age,25,2015-05-25,2025-07-23,1,2026-10-07
http://ufcstats.com/fighter-details/e8b731feff72294b,Alexa Grasso,ufcstats,gidstats,https://gidstats.com/fighters/alexa_grasso.html,,https://gidstats.com/fighters/alexa_grasso.html,Alexa Grasso,1993-08-09,,33,name+opponents(13)+age,23,2012-12-12,2026-03-28,0,2026-10-07
http://ufcstats.com/fighter-details/e8fe9c15d348e778,Daniel Barez,ufcstats+dwcs,gidstats,https://gidstats.com/fighters/daniel_barez.html,,https://gidstats.com/fighters/daniel_barez.html,Daniel Barez,1988-12-10,,37,name+opponents(5)+age,24,2012-11-10,2025-03-15,0,2026-10-07
http://ufcstats.com/fighter-details/e90a2f22417af68e,Azamat Murzakanov,ufcstats+dwcs+card,gidstats,https://gidstats.com/fighters/azamat_murzakanov.html,,https://gidstats.com/fighters/azamat_murzakanov.html,Azamat Murzakanov,1989-04-12,,37,name+opponents(9)+age,17,2010-02-13,2026-04-11,0,2026-10-07
http://ufcstats.com/fighter-details/e9213f53ddeca978,Dhiego Lima,ufcstats,gidstats,https://gidstats.com/fighters/dhiego_lima.html,,https://gidstats.com/fighters/dhiego_lima.html,Dhiego Lima,1989-01-31,,36,name+opponents(11)+age,30,2010-02-05,2021-06-19,0,2026-10-07
http://ufcstats.com/fighter-details/e92901944ce91909,Askar Mozharov,ufcstats,gidstats,https://gidstats.com/fighters/askar_mozharov.html,,https://gidstats.com/fighters/askar_mozharov.html,Askar Mozharov,1994-10-26,,31,name+opponents(1)+age,31,2013-05-16,2022-06-04,3,2026-10-07
http://ufcstats.com/fighter-details/e93b04e308913c2e,Dooho Choi,ufcstats,gidstats,https://gidstats.com/fighters/dooho_choi.html,,https://gidstats.com/fighters/dooho_choi.html,Dooho Choi,1991-04-10,,35,name+opponents(11)+age,22,2009-11-29,2026-05-16,2,2026-10-07
http://ufcstats.com/fighter-details/e94085e821bd81de,Sam Hughes,ufcstats,gidstats,https://gidstats.com/fighters/sam_hughes.html,,https://gidstats.com/fighters/sam_hughes.html,Sam Hughes,1992-06-28,,29,"name+opponents(11) AGE_CONFLICT(gid 29, dob 1992-06-28)",18,2019-02-23,2026-03-14,0,2026-10-07
http://ufcstats.com/fighter-details/e979c76341f19b22,Tom Duquesnoy,ufcstats,gidstats,https://gidstats.com/fighters/tom_duquesnoy.html,,https://gidstats.com/fighters/tom_duquesnoy.html,Tom Duquesnoy,1993-06-21,,33,name+opponents(3)+age,19,2012-02-11,2018-03-17,0,2026-10-07
http://ufcstats.com/fighter-details/e983c62faf677ab2,Pedro Nobre,ufcstats,gidstats,https://gidstats.com/fighters/pedro_nobre.html,,https://gidstats.com/fighters/pedro_nobre.html,Pedro Nobre,1986-02-13,,40,name+opponents(1)+age,35,2009-03-29,2025-09-12,0,2026-10-07
http://ufcstats.com/fighter-details/e99821959a840bb8,Lara Procopio,ufcstats,gidstats,https://gidstats.com/fighters/lara_procopio.html,,https://gidstats.com/fighters/lara_procopio.html,Lara Procopio,1995-11-14,,30,name+opponents(3)+age,11,2015-09-12,2023-03-19,2,2026-10-07
http://ufcstats.com/fighter-details/e99eb0ef25885de5,Mitch Ramirez,ufcstats+dwcs,gidstats,https://gidstats.com/fighters/mitch_ramirez.html,,https://gidstats.com/fighters/mitch_ramirez.html,Mitch Ramirez,1992-11-03,,33,name+opponents(4)+age,11,2019-03-22,2025-07-12,0,2026-10-07
http://ufcstats.com/fighter-details/e9a3aeb207578eea,Ilir Latifi,ufcstats,gidstats,https://gidstats.com/fighters/ilir_latifi.html,,https://gidstats.com/fighters/ilir_latifi.html,Ilir Latifi,1982-07-28,,44,name+opponents(16)+age,26,2008-05-17,2023-05-20,2,2026-10-07
http://ufcstats.com/fighter-details/e9ac7bfb65c25497,John Phillips,ufcstats,gidstats,https://gidstats.com/fighters/john_phillips.html,,https://gidstats.com/fighters/john_phillips.html,John Phillips,1985-06-09,,41,name+opponents(6)+age,34,2005-07-24,2020-10-17,0,2026-10-07
http://ufcstats.com/fighter-details/e9bc5748e6a76bb6,Ashkan Mokhtarian,ufcstats,gidstats,https://gidstats.com/fighters/ashkan_mokhtarian.html,,https://gidstats.com/fighters/ashkan_mokhtarian.html,Ashkan Mokhtarian,1985-09-15,,41,name+opponents(2)+age,17,2011-12-01,2019-09-06,0,2026-10-07
http://ufcstats.com/fighter-details/e9e1acc96536bb4f,Ricardo Funch,ufcstats,gidstats,https://gidstats.com/fighters/ricardo_funch.html,,https://gidstats.com/fighters/ricardo_funch.html,Ricardo Funch,1980-08-14,,46,name+opponents(3)+age,15,2006-09-23,2016-07-30,0,2026-10-07
http://ufcstats.com/fighter-details/e9e7e1c8ff289e1b,Humberto Brown Morrison,ufcstats,gidstats,https://gidstats.com/fighters/humberto_brown.html,,https://gidstats.com/fighters/humberto_brown.html,Humberto Brown,1984-11-03,,41,alias+opponents(1)+age,12,2007-09-22,2017-04-08,0,2026-10-07
http://ufcstats.com/fighter-details/ea3dcc417c322064,Martin Day,ufcstats+dwcs,gidstats,https://gidstats.com/fighters/martin_day.html,,https://gidstats.com/fighters/martin_day.html,Martin Day,1988-11-10,,37,name+opponents(5)+age,15,2015-01-17,2022-04-30,2,2026-10-07
http://ufcstats.com/fighter-details/ea7e5bc78d9de658,Makhmud Muradov,ufcstats,gidstats,https://gidstats.com/fighters/makhmud_muradov.html,,https://gidstats.com/fighters/makhmud_muradov.html,Makhmud Muradov,1990-02-08,,36,name+opponents(7)+age,39,2012-04-29,2026-08-01,6,2026-10-07
http://ufcstats.com/fighter-details/eaa9402e5a7990ad,Braxton Smith,ufcstats,gidstats,https://gidstats.com/fighters/braxton_smith.html,,https://gidstats.com/fighters/braxton_smith.html,Braxton Smith,1990-01-01,,36,name+opponents(1)+age,7,2014-01-18,2023-05-06,0,2026-10-07
http://ufcstats.com/fighter-details/eabece0edc2d62ca,Nina Milosevic,ufcstats+card,gidstats,https://gidstats.com/fighters/n_nikolija_miloevi.html,,https://gidstats.com/fighters/n_nikolija_miloevi.html,N. Nikolija Milošević,1996-08-08,,30,alias+opponents(2)+age,10,2023-11-04,2026-08-01,0,2026-10-07
http://ufcstats.com/fighter-details/eabf206b162b3b83,Paul Craig,ufcstats,gidstats,https://gidstats.com/fighters/paul_craig.html,,https://gidstats.com/fighters/paul_craig.html,Paul Craig,1987-11-27,,38,name+opponents(18)+age,26,2013-08-24,2024-05-04,3,2026-10-07
http://ufcstats.com/fighter-details/eae431e70064e046,Abdul Razak Alhassan,ufcstats,gidstats,https://gidstats.com/fighters/abdul_razak_alhassan.html,,https://gidstats.com/fighters/abdul_razak_alhassan.html,Abdul Razak Alhassan,1985-08-11,,41,name+opponents(13)+age,20,2013-11-23,2025-01-11,0,2026-10-07
http://ufcstats.com/fighter-details/eae48ff31db420c2,Arman Tsarukyan,ufcstats,gidstats,https://gidstats.com/fighters/arman_tsarukyan.html,,https://gidstats.com/fighters/arman_tsarukyan.html,Arman Tsarukyan,1996-10-11,,29,name+opponents(13)+age,26,2015-09-25,2025-11-22,15,2026-10-07
http://ufcstats.com/fighter-details/eaea0fc7b76525a8,Mike Guymon,ufcstats,gidstats,https://gidstats.com/fighters/mike_guymon.html,,https://gidstats.com/fighters/mike_guymon.html,Mike Guymon,1974-09-17,,52,name+opponents(4)+age,22,1999-05-03,2013-11-02,0,2026-10-07
http://ufcstats.com/fighter-details/eb04b9d31e938edb,Michelle Waterson-Gomez,ufcstats,gidstats,https://gidstats.com/fighters/michelle_waterson.html,,https://gidstats.com/fighters/michelle_waterson.html,Michelle Waterson-Gomez,1986-01-06,,40,name+opponents(14)+age,31,2007-02-16,2024-06-29,0,2026-10-07
http://ufcstats.com/fighter-details/eb1723480fa2f96c,Caol Uno,ufcstats,gidstats,https://gidstats.com/fighters/caol_uno.html,,https://gidstats.com/fighters/caol_uno.html,Caol Uno,1975-05-08,,51,name+opponents(1)+age,59,1996-10-04,2019-11-24,11,2026-10-07
http://ufcstats.com/fighter-details/eb29176b03dfa888,Matt Wiman,ufcstats,gidstats,https://gidstats.com/fighters/matt_wiman.html,,https://gidstats.com/fighters/matt_wiman.html,Matt Wiman,1983-09-19,,43,name+opponents(9)+age,28,2004-08-14,2020-12-05,0,2026-10-07
http://ufcstats.com/fighter-details/eb393afdbe3293d5,Ismael Bonfim,ufcstats+dwcs+card,gidstats,https://gidstats.com/fighters/bonfim_ismael.html,,https://gidstats.com/fighters/bonfim_ismael.html,Ismael Bonfim,1995-12-28,,30,name+opponents(8)+age,27,2011-08-13,2026-07-25,0,2026-10-07
http://ufcstats.com/fighter-details/eb70e786bbdf1d16,Yanis Ghemmouri,ufcstats,gidstats,https://gidstats.com/fighters/yanis_ghemmouri.html,,https://gidstats.com/fighters/yanis_ghemmouri.html,Yanis Ghemmouri,1995-01-24,,31,name+opponents(2)+age,17,2014-10-31,2025-12-05,0,2026-10-07
http://ufcstats.com/fighter-details/eb8d8c2a95cfccb8,Victor Henry,ufcstats,gidstats,https://gidstats.com/fighters/victor_henry.html,,https://gidstats.com/fighters/victor_henry.html,Victor Henry,1987-05-04,,39,name+opponents(7)+age,33,2010-08-21,2025-04-05,1,2026-10-07
http://ufcstats.com/fighter-details/ebc1f40e00e0c481,Stefan Struve,ufcstats,gidstats,https://gidstats.com/fighters/stefan_struve.html,,https://gidstats.com/fighters/stefan_struve.html,Stefan Struve,1988-02-18,,38,name+opponents(19)+age,42,2005-04-16,2020-10-24,0,2026-10-07
http://ufcstats.com/fighter-details/ebef46976554f975,Jordan Griffin,ufcstats,gidstats,https://gidstats.com/fighters/jordan_griffin.html,,https://gidstats.com/fighters/jordan_griffin.html,Jordan Griffin,1990-02-28,,36,name+opponents(5)+age,28,2011-04-21,2022-04-16,0,2026-10-07
http://ufcstats.com/fighter-details/ec0dcceace7d25a3,Liang Na,ufcstats,gidstats,https://gidstats.com/fighters/liang_na.html,,https://gidstats.com/fighters/liang_na.html,Na Liang,1996-07-27,,30,name+opponents(4)+age,27,2016-06-06,2024-04-27,0,2026-10-07
http://ufcstats.com/fighter-details/ec13c393d029297d,Kaue Fernandes,ufcstats,gidstats,https://gidstats.com/fighters/kau_fernandes.html,,https://gidstats.com/fighters/kau_fernandes.html,Kauê Fernandes,1995-03-17,,31,name+opponents(4)+age,13,2014-04-04,2025-09-06,0,2026-10-07
http://ufcstats.com/fighter-details/ec18eb918121787c,Kazula Vargas,ufcstats,gidstats,https://gidstats.com/fighters/kazula_vargas.html,,https://gidstats.com/fighters/kazula_vargas.html,Kazula Vargas,1985-08-15,,41,name+opponents(4)+age,22,2011-11-10,2024-11-01,0,2026-10-07
http://ufcstats.com/fighter-details/ec23c1be628d8057,Trevin Jones,ufcstats,gidstats,https://gidstats.com/fighters/trevin_jones.html,,https://gidstats.com/fighters/trevin_jones.html,Trevin Jones,1990-08-04,,36,name+opponents(6)+age,26,2011-04-29,2023-12-15,0,2026-10-07
http://ufcstats.com/fighter-details/ec2d13a87d3d9541,Sheldon Westcott,ufcstats,gidstats,https://gidstats.com/fighters/sheldon_westcott.html,,https://gidstats.com/fighters/sheldon_westcott.html,Sheldon Westcott,1984-08-20,,42,name+opponents(3)+age,15,2007-08-17,2016-01-02,0,2026-10-07
http://ufcstats.com/fighter-details/ec322adbabbfa6e7,Matthieu Duclos,ufcstats,gidstats,https://gidstats.com/fighters/matthieu_letho.html,,https://gidstats.com/fighters/matthieu_letho.html,Matthieu Duclos,1995-04-04,,31,name+opponents(1)+age,14,2019-10-19,2026-09-05,0,2026-10-07
http://ufcstats.com/fighter-details/ec34349e7dffcde7,Claudia Gadelha,ufcstats,gidstats,https://gidstats.com/fighters/claudia_gadelha.html,,https://gidstats.com/fighters/claudia_gadelha.html,Claudia Gadelha,1988-12-07,,37,name+opponents(10)+age,23,2008-07-05,2020-11-07,0,2026-10-07
http://ufcstats.com/fighter-details/ec3bd30378d63dd1,Hecher Sosa,ufcstats+dwcs,gidstats,https://gidstats.com/fighters/hecher_sosa.html,,https://gidstats.com/fighters/hecher_sosa.html,Hecher Sosa,1995-08-25,,,name+opponents(2),16,2020-02-08,2026-03-14,0,2026-10-07
http://ufcstats.com/fighter-details/ec52462a1b41f714,Brett Johns,ufcstats,gidstats,https://gidstats.com/fighters/brett_johns.html,,https://gidstats.com/fighters/brett_johns.html,Brett Johns,1992-02-21,,34,name+opponents(7)+age,25,2012-06-30,2024-06-28,0,2026-10-07
http://ufcstats.com/fighter-details/ec664422b22d9787,Jenel Lausa,ufcstats,gidstats,https://gidstats.com/fighters/jenel_lausa.html,,https://gidstats.com/fighters/jenel_lausa.html,Jenel Lausa,1988-08-01,,38,name+opponents(3)+age,15,2011-10-16,2022-11-26,3,2026-10-07
http://ufcstats.com/fighter-details/ec71a892fada28c7,Marco Beltran,ufcstats,gidstats,https://gidstats.com/fighters/marco_beltran.html,,https://gidstats.com/fighters/marco_beltran.html,Marco Beltran,1986-05-18,,40,name+opponents(5)+age,30,2008-07-26,2023-12-16,0,2026-10-07
http://ufcstats.com/fighter-details/ecdf14f4f8643d39,Byron Bloodworth,ufcstats,gidstats,https://gidstats.com/fighters/byron_bloodworth.html,,https://gidstats.com/fighters/byron_bloodworth.html,Byron Bloodworth,1983-08-16,,43,name+opponents(2)+age,9,2008-10-11,2012-12-29,0,2026-10-07
http://ufcstats.com/fighter-details/ece280745f8727b8,Kamal Shalorus,ufcstats,gidstats,https://gidstats.com/fighters/kamal_shalorus.html,,https://gidstats.com/fighters/kamal_shalorus.html,Kamal Shalorus,1972-08-27,,49,"name+opponents(3) AGE_CONFLICT(gid 49, dob 1972-08-27)",16,2008-04-05,2017-02-10,0,2026-10-07
http://ufcstats.com/fighter-details/ed209f6618c82e41,Hacran Dias,ufcstats,gidstats,https://gidstats.com/fighters/hacran_dias.html,,https://gidstats.com/fighters/hacran_dias.html,Hacran Dias,1984-06-16,,42,name+opponents(8)+age,42,2005-08-13,2025-11-23,0,2026-10-07
http://ufcstats.com/fighter-details/ed2a8cc402173781,Vince Cachero,ufcstats,gidstats,https://gidstats.com/fighters/vince_cachero.html,,https://gidstats.com/fighters/vince_cachero.html,Vince Cachero,1989-11-07,,36,name+opponents(2)+age,11,2017-02-25,2021-02-27,0,2026-10-07
http://ufcstats.com/fighter-details/ed74afc8b5b47a61,William Macario,ufcstats,gidstats,https://gidstats.com/fighters/william_macario.html,,https://gidstats.com/fighters/william_macario.html,William Macario,1991-07-01,,35,name+opponents(4)+age,22,2010-08-15,2022-09-25,0,2026-10-07
http://ufcstats.com/fighter-details/ed7d329d7c29428d,Colby Thicknesse,ufcstats+card,gidstats,https://gidstats.com/fighters/colby_thicknesse.html,,https://gidstats.com/fighters/colby_thicknesse.html,Colby Thicknesse,1999-06-23,,27,name+opponents(4)+age,10,2020-11-21,2026-05-02,0,2026-10-07
http://ufcstats.com/fighter-details/ed9d8ee3a4239b1c,Sage Northcutt,ufcstats,gidstats,https://gidstats.com/fighters/sage_northcutt.html,,https://gidstats.com/fighters/sage_northcutt.html,Sage Northcutt,1996-03-01,,30,name+opponents(8)+age,15,2014-11-14,2023-05-05,0,2026-10-07
http://ufcstats.com/fighter-details/edad57b3dddf2168,Jared Papazian,ufcstats,gidstats,https://gidstats.com/fighters/jared_papazian.html,,https://gidstats.com/fighters/jared_papazian.html,Jared Papazian,1988-02-01,,38,name+opponents(3)+age,35,2008-06-06,2019-07-06,2,2026-10-07
http://ufcstats.com/fighter-details/edd02825c29028fe,Marco Polo Reyes,ufcstats,gidstats,https://gidstats.com/fighters/marco_polo_reyes.html,,https://gidstats.com/fighters/marco_polo_reyes.html,Marco Polo Reyes,1984-11-07,,41,name+opponents(8)+age,21,2009-06-12,2023-06-17,0,2026-10-07
http://ufcstats.com/fighter-details/ee18ff42063174df,Ottman Azaitar,ufcstats,gidstats,https://gidstats.com/fighters/ottman_azaitar.html,,https://gidstats.com/fighters/ottman_azaitar.html,Ottman Azaitar,1990-02-20,,36,name+opponents(5)+age,16,2014-06-07,2024-12-14,0,2026-10-07
http://ufcstats.com/fighter-details/ee624ee2a18f2a43,Jorge Lopez,ufcstats,gidstats,https://gidstats.com/fighters/jorge_lopez.html,,https://gidstats.com/fighters/jorge_lopez.html,Jorge Lopez,1988-11-21,,37,name+opponents(2)+age,17,2007-06-01,2014-08-09,0,2026-10-07
http://ufcstats.com/fighter-details/ee779c43a8926d52,Rashad Evans,ufcstats,gidstats,https://gidstats.com/fighters/rashad_evans.html,,https://gidstats.com/fighters/rashad_evans.html,Rashad Evans,1979-09-25,,47,name+opponents(12)+age,32,2004-04-10,2022-01-28,0,2026-10-07
http://ufcstats.com/fighter-details/ee9d73f4fee9cbdd,Antonio Rodrigo Nogueira,ufcstats,gidstats,https://gidstats.com/fighters/minotauro_nogueira.html,,https://gidstats.com/fighters/minotauro_nogueira.html,Minotauro Nogueira,1976-06-02,,50,alias+opponents(7)+age,46,1999-06-12,2015-08-01,0,2026-10-07
http://ufcstats.com/fighter-details/ee9ebceabfd16fa7,Kevin Lee,ufcstats,gidstats,https://gidstats.com/fighters/kevin_lee.html,,https://gidstats.com/fighters/kevin_lee.html,Kevin Lee,1992-09-04,,34,name+opponents(18)+age,29,2012-03-31,2025-06-20,1,2026-10-07
http://ufcstats.com/fighter-details/eea0274e153256a0,Ian Loveland,ufcstats,gidstats,https://gidstats.com/fighters/ian_loveland.html,,https://gidstats.com/fighters/ian_loveland.html,Ian Loveland,1983-09-07,,43,name+opponents(3)+age,28,2005-09-16,2016-02-06,0,2026-10-07
http://ufcstats.com/fighter-details/eeabcd4dc6619129,Daniel Jolly,ufcstats+dwcs,gidstats,https://gidstats.com/fighters/daniel_jolly.html,,https://gidstats.com/fighters/daniel_jolly.html,Daniel Jolly,1984-09-03,,42,name+opponents(3)+age,11,2011-07-30,2019-09-05,0,2026-10-07
http://ufcstats.com/fighter-details/eebc23626e38f5dc,Liana Jojua,ufcstats,gidstats,https://gidstats.com/fighters/liana_jojua.html,,https://gidstats.com/fighters/liana_jojua.html,Liana Jojua,1995-03-22,,31,name+opponents(4)+age,13,2015-10-03,2022-05-20,0,2026-10-07
http://ufcstats.com/fighter-details/eee0ef3e2b14816b,Kai Kamaka III,ufcstats+card,gidstats,https://gidstats.com/fighters/kai_kamaka.html,,https://gidstats.com/fighters/kai_kamaka.html,Kai Kamaka,1995-01-05,,31,name+opponents(7)+age,27,2012-10-20,2026-07-11,1,2026-10-07
http://ufcstats.com/fighter-details/eee7dafac7d672b5,Brian Melancon,ufcstats,gidstats,https://gidstats.com/fighters/brian_melancon.html,,https://gidstats.com/fighters/brian_melancon.html,Brian Melancon,1982-05-28,,44,name+opponents(2)+age,10,2009-01-24,2013-08-28,0,2026-10-07
http://ufcstats.com/fighter-details/eef9b891edbd4604,Mark Hunt,ufcstats,gidstats,https://gidstats.com/fighters/mark_hunt.html,,https://gidstats.com/fighters/mark_hunt.html,Mark Hunt,1974-03-23,,52,name+opponents(17)+age,29,2004-06-20,2018-12-01,27,2026-10-07
http://ufcstats.com/fighter-details/ef1182eb28c17d4e,Mark Striegl,ufcstats,gidstats,https://gidstats.com/fighters/mark_striegl.html,,https://gidstats.com/fighters/mark_striegl.html,Mark Striegl,1988-06-23,,38,name+opponents(2)+age,24,2009-07-25,2023-03-18,0,2026-10-07
http://ufcstats.com/fighter-details/ef44e4ea9050f2ea,Te Edwards,ufcstats,gidstats,https://gidstats.com/fighters/te_edwards.html,,https://gidstats.com/fighters/te_edwards.html,Te Edwards,1990-09-11,,36,name+opponents(2)+age,9,2013-10-26,2019-01-19,0,2026-10-07
http://ufcstats.com/fighter-details/ef5dcb10d2bd4b0f,Bogdan Guskov,ufcstats,gidstats,https://gidstats.com/fighters/bogdan_guskov.html,,https://gidstats.com/fighters/bogdan_guskov.html,Bogdan Guskov,1992-09-12,,34,name+opponents(6)+age,22,2015-12-20,2025-12-06,0,2026-10-07
http://ufcstats.com/fighter-details/ef7fa30364cbe7f2,Hatsu Hioki,ufcstats,gidstats,https://gidstats.com/fighters/hatsu_hioki.html,,https://gidstats.com/fighters/hatsu_hioki.html,Hatsu Hioki,1983-07-18,,43,name+opponents(8)+age,43,2002-10-06,2018-08-12,1,2026-10-07
http://ufcstats.com/fighter-details/efa1f6b42c86793c,Adam Wieczorek,ufcstats,gidstats,https://gidstats.com/fighters/adam_wieczorek.html,,https://gidstats.com/fighters/adam_wieczorek.html,Adam Wieczorek,1992-02-05,,34,name+opponents(3)+age,14,2011-11-05,2023-08-18,0,2026-10-07
http://ufcstats.com/fighter-details/efb96bf3e9ada36f,Song Yadong,ufcstats,gidstats,https://gidstats.com/fighters/song_yadong.html,,https://gidstats.com/fighters/song_yadong.html,Song Yadong,1997-12-02,,28,name+opponents(18)+age,34,2013-05-18,2026-05-30,2,2026-10-07
http://ufcstats.com/fighter-details/efb9a43415a56d34,Sai Wang,ufcstats,gidstats,https://gidstats.com/fighters/wang_sai.html,,https://gidstats.com/fighters/wang_sai.html,Wang Sai,1986-01-14,,40,name+opponents(2)+age,36,2009-03-22,2019-09-07,0,2026-10-07
http://ufcstats.com/fighter-details/efc67b07eed39794,Istela Nunes,ufcstats,gidstats,https://gidstats.com/fighters/istela_nunes.html,,https://gidstats.com/fighters/istela_nunes.html,Istela Nunes,1992-07-23,,34,name+opponents(5)+age,13,2015-10-18,2025-04-05,1,2026-10-07
http://ufcstats.com/fighter-details/efd2b3e9bb7965a4,Bharat Kandare,ufcstats,gidstats,https://gidstats.com/fighters/bharat_kandare.html,,https://gidstats.com/fighters/bharat_kandare.html,Bharat Kandare,1987-06-20,,37,"name+opponents(1) AGE_CONFLICT(gid 37, dob 1987-06-20)",10,2009-02-22,2024-08-18,1,2026-10-07
http://ufcstats.com/fighter-details/eff47295daf721a6,Tamdan McCrory,ufcstats,gidstats,https://gidstats.com/fighters/tamdan_mccrory.html,,https://gidstats.com/fighters/tamdan_mccrory.html,Tamdan McCrory,1986-11-05,,39,name+opponents(3)+age,19,2006-06-03,2016-10-01,0,2026-10-07
http://ufcstats.com/fighter-details/eff9074bc066f0f2,Bia Mesquita,ufcstats+card,gidstats,https://gidstats.com/fighters/beatriz_mesquita.html,,https://gidstats.com/fighters/beatriz_mesquita.html,Beatriz Mesquita,1991-04-07,,35,alias+opponents(4)+age,8,2024-06-15,2026-06-20,36,2026-10-07
http://ufcstats.com/fighter-details/effd9de9937996f8,Tyron Woodley,ufcstats,gidstats,https://gidstats.com/fighters/tyron_woodley.html,,https://gidstats.com/fighters/tyron_woodley.html,Tyron Woodley,1982-04-07,,44,name+opponents(15)+age,27,2009-02-07,2021-03-27,2,2026-10-07
http://ufcstats.com/fighter-details/f00ac08ab056af5d,Tagir Ulanbekov,ufcstats,gidstats,https://gidstats.com/fighters/tagir_ulanbekov.html,,https://gidstats.com/fighters/tagir_ulanbekov.html,Tagir Ulanbekov,1991-08-07,,35,name+opponents(8)+age,20,2013-07-07,2025-11-22,1,2026-10-07
http://ufcstats.com/fighter-details/f046d724d2a84ac5,Desmond Green,ufcstats,gidstats,https://gidstats.com/fighters/desmond_green.html,,https://gidstats.com/fighters/desmond_green.html,Desmond Green,1989-10-11,,36,name+opponents(7)+age,33,2012-04-01,2022-04-23,4,2026-10-07
http://ufcstats.com/fighter-details/f0abbb6f3444dae7,Paul Buentello,ufcstats,gidstats,https://gidstats.com/fighters/paul_buentello.html,,https://gidstats.com/fighters/paul_buentello.html,Paul Buentello,1974-01-16,,52,name+opponents(1)+age,52,1997-04-12,2016-07-15,0,2026-10-07
http://ufcstats.com/fighter-details/f0fad0e9f3b65752,Jamey Simmons,ufcstats,gidstats,https://gidstats.com/fighters/jamey_simmons.html,,https://gidstats.com/fighters/jamey_simmons.html,Jamey Simmons,1992-09-11,,34,name+opponents(2)+age,11,2017-10-28,2021-08-07,0,2026-10-07
http://ufcstats.com/fighter-details/f0feeb2192937424,Angela Hill,ufcstats,gidstats,https://gidstats.com/fighters/angela_hill.html,,https://gidstats.com/fighters/angela_hill.html,Angela Hill,1985-01-12,,41,name+opponents(26)+age,36,2014-04-26,2026-05-30,2,2026-10-07
http://ufcstats.com/fighter-details/f1175ea3aafbf351,Hu Yaozong,ufcstats,gidstats,https://gidstats.com/fighters/hu_yaozong.html,,https://gidstats.com/fighters/hu_yaozong.html,Hu Yaozong,1995-04-07,,31,name+opponents(3)+age,6,2016-10-12,2021-10-30,0,2026-10-07
http://ufcstats.com/fighter-details/f139d6836efd43dd,Yaroslav Amosov,ufcstats,gidstats,https://gidstats.com/fighters/amosov_yaroslav.html,,https://gidstats.com/fighters/amosov_yaroslav.html,Yaroslav Amosov,1993-09-09,,33,name+opponents(2)+age,29,2012-06-14,2025-12-13,0,2026-10-07
http://ufcstats.com/fighter-details/f14cf73e51b29254,Sergei Pavlovich,ufcstats,gidstats,https://gidstats.com/fighters/sergei_pavlovich.html,,https://gidstats.com/fighters/sergei_pavlovich.html,Sergei Pavlovich,1992-05-13,,34,name+opponents(12)+age,24,2014-12-20,2026-05-30,0,2026-10-07
http://ufcstats.com/fighter-details/f14f644d41ade29f,Cody Brundage,ufcstats+dwcs,gidstats,https://gidstats.com/fighters/cody_brundage.html,,https://gidstats.com/fighters/cody_brundage.html,Cody Brundage,1994-05-16,,32,name+opponents(17)+age,22,2019-04-27,2026-03-07,0,2026-10-07
http://ufcstats.com/fighter-details/f166e93d04a8c274,Diego Lopes,ufcstats+dwcs+card,gidstats,https://gidstats.com/fighters/diego_lopes.html,,https://gidstats.com/fighters/diego_lopes.html,Diego Lopes,1994-12-30,,31,name+opponents(11)+age,36,2012-09-08,2026-06-14,3,2026-10-07
http://ufcstats.com/fighter-details/f1928a52590c5532,Curtis Millender,ufcstats,gidstats,https://gidstats.com/fighters/curtis_millender.html,,https://gidstats.com/fighters/curtis_millender.html,Curtis Millender,1987-12-01,,38,name+opponents(5)+age,32,2013-02-28,2024-06-01,5,2026-10-07
http://ufcstats.com/fighter-details/f1ab6f37492c630a,Carli Judice,ufcstats+dwcs,gidstats,https://gidstats.com/fighters/carli_judice.html,,https://gidstats.com/fighters/carli_judice.html,Carli Judice,1999-03-02,,27,name+opponents(5)+age,8,2022-10-15,2026-02-21,0,2026-10-07
http://ufcstats.com/fighter-details/f1b2aa7853d1ed6e,Kamaru Usman,ufcstats,gidstats,https://gidstats.com/fighters/kamaru_usman.html,,https://gidstats.com/fighters/kamaru_usman.html,Kamaru Usman,1987-05-11,,39,name+opponents(16)+age,27,2012-11-30,2025-06-14,0,2026-10-07
http://ufcstats.com/fighter-details/f1d64ae34e088832,Charles Jourdain,ufcstats,gidstats,https://gidstats.com/fighters/charles_jourdain.html,,https://gidstats.com/fighters/charles_jourdain.html,Charles Jourdain,1995-11-27,,30,name+opponents(18)+age,27,2016-05-21,2026-04-18,0,2026-10-07
http://ufcstats.com/fighter-details/f1f37d667bcd0d27,Willamy Freire,ufcstats,gidstats,https://gidstats.com/fighters/willamy_freire.html,,https://gidstats.com/fighters/willamy_freire.html,Willamy Freire,1987-07-28,,39,name+opponents(1)+age,32,2002-11-23,2013-11-07,0,2026-10-07
http://ufcstats.com/fighter-details/f1f9e48a0d150757,Steve Cantwell,ufcstats,gidstats,https://gidstats.com/fighters/steve_cantwell.html,,https://gidstats.com/fighters/steve_cantwell.html,Steve Cantwell,1986-12-08,,39,name+opponents(3)+age,13,2005-04-23,2012-02-25,0,2026-10-07
http://ufcstats.com/fighter-details/f1fac969a1d70b08,Leon Edwards,ufcstats,gidstats,https://gidstats.com/fighters/leon_edwards.html,,https://gidstats.com/fighters/leon_edwards.html,Leon Edwards,1991-08-25,,35,name+opponents(17)+age,29,2011-06-05,2025-11-15,0,2026-10-07
http://ufcstats.com/fighter-details/f201f21cf2c79eb2,Sebastian Szalay,ufcstats,gidstats,https://gidstats.com/fighters/sebastian_szalay.html,,https://gidstats.com/fighters/sebastian_szalay.html,Sebastian Szalay,1994-02-03,,32,name+opponents(1)+age,11,2019-12-01,2025-08-22,0,2026-10-07
http://ufcstats.com/fighter-details/f215cfbd4ba3c270,Garreth McLellan,ufcstats,gidstats,https://gidstats.com/fighters/garreth_mclellan.html,,https://gidstats.com/fighters/garreth_mclellan.html,Garreth McLellan,1982-09-01,,44,name+opponents(5)+age,20,2009-05-30,2019-06-29,0,2026-10-07
http://ufcstats.com/fighter-details/f2477cf43c4975cc,Jonathan Martinez,ufcstats,gidstats,https://gidstats.com/fighters/jonathan_martinez.html,,https://gidstats.com/fighters/jonathan_martinez.html,Jonathan Martinez,1994-04-20,,32,name+opponents(15)+age,25,2014-02-08,2024-11-16,0,2026-10-07
http://ufcstats.com/fighter-details/f264ba50b007f39e,Victor Hugo,ufcstats,gidstats,https://gidstats.com/fighters/victor_hugo_silva.html,,https://gidstats.com/fighters/victor_hugo_silva.html,Victor Hugo,1992-11-22,,33,name+opponents(2)+age,32,2011-09-24,2025-10-23,0,2026-10-07
http://ufcstats.com/fighter-details/f2688492b9a525a3,Frankie Edgar,ufcstats,gidstats,https://gidstats.com/fighters/frankie_edgar.html,,https://gidstats.com/fighters/frankie_edgar.html,Frankie Edgar,1981-10-16,,44,name+opponents(17)+age,36,2005-07-10,2022-11-12,0,2026-10-07
http://ufcstats.com/fighter-details/f2900678e98f6d6a,Ronaldo Rodriguez,ufcstats+dwcs,gidstats,https://gidstats.com/fighters/rodrguez_luis.html,,https://gidstats.com/fighters/rodrguez_luis.html,Ronaldo Rodríguez,1999-05-07,,27,name+opponents(4)+age,20,2017-05-19,2025-03-29,0,2026-10-07
http://ufcstats.com/fighter-details/f2925e6db404bf1d,Robbie Lawler,ufcstats,gidstats,https://gidstats.com/fighters/robbie_lawler.html,,https://gidstats.com/fighters/robbie_lawler.html,Robbie Lawler,1982-03-20,,44,name+opponents(16)+age,47,2001-04-07,2023-07-08,0,2026-10-07
http://ufcstats.com/fighter-details/f29a6350c69f4a33,Miranda Maverick,ufcstats,gidstats,https://gidstats.com/fighters/miranda_maverick.html,,https://gidstats.com/fighters/miranda_maverick.html,Miranda Maverick,1997-07-01,,29,name+opponents(12)+age,23,2016-11-18,2025-06-14,0,2026-10-07
http://ufcstats.com/fighter-details/f2ad06f1007c481a,Alan Omer,ufcstats,gidstats,https://gidstats.com/fighters/alan_omer.html,,https://gidstats.com/fighters/alan_omer.html,Alan Omer,1988-09-14,,38,name+opponents(2)+age,30,2006-10-14,2025-03-08,0,2026-10-07
http://ufcstats.com/fighter-details/f2b3f4ef3f780168,Nora Cornolle,ufcstats,gidstats,https://gidstats.com/fighters/nora_cornolle.html,,https://gidstats.com/fighters/nora_cornolle.html,Nora Cornolle,1989-12-06,,36,name+opponents(5)+age,13,2021-07-10,2026-02-21,2,2026-10-07
http://ufcstats.com/fighter-details/f2b6fdb20675b11c,Mike Perry,ufcstats,gidstats,https://gidstats.com/fighters/mike_perry.html,,https://gidstats.com/fighters/mike_perry.html,Mike Perry,1991-09-15,,35,name+opponents(15)+age,22,2014-09-06,2021-04-10,7,2026-10-07
http://ufcstats.com/fighter-details/f2c8ebbeafd45f2b,Aaron Riley,ufcstats,gidstats,https://gidstats.com/fighters/aaron_riley.html,,https://gidstats.com/fighters/aaron_riley.html,Aaron Riley,1980-12-09,,45,name+opponents(3)+age,45,1997-07-18,2013-07-27,1,2026-10-07
http://ufcstats.com/fighter-details/f2f140ce7532e327,Gabriel Santos,ufcstats,gidstats,https://gidstats.com/fighters/gabriel_santos.html,,https://gidstats.com/fighters/gabriel_santos.html,Gabriel Santos,1996-11-28,,29,name+opponents(4)+age,14,2014-09-20,2025-02-08,0,2026-10-07
http://ufcstats.com/fighter-details/f300763147320d12,Liliya Shakirova,ufcstats,gidstats,https://gidstats.com/fighters/liliya_shakirova.html,,https://gidstats.com/fighters/liliya_shakirova.html,Liliya Shakirova,1991-10-24,,34,name+opponents(1)+age,10,2015-12-24,2020-10-24,0,2026-10-07
http://ufcstats.com/fighter-details/f34312c2ccfa0e00,Spencer Fisher,ufcstats,gidstats,https://gidstats.com/fighters/spencer_fisher.html,,https://gidstats.com/fighters/spencer_fisher.html,Spencer Fisher,1976-05-09,,50,name+opponents(5)+age,33,2002-08-17,2012-06-22,0,2026-10-07
http://ufcstats.com/fighter-details/f3a078277b3b8ff4,Masanori Kanehara,ufcstats,gidstats,https://gidstats.com/fighters/masanori_kanehara.html,,https://gidstats.com/fighters/masanori_kanehara.html,Masanori Kanehara,1982-11-19,,43,name+opponents(3)+age,52,2003-09-15,2025-07-27,7,2026-10-07
http://ufcstats.com/fighter-details/f3a853544e4413c4,Anthony Lapsley,ufcstats,gidstats,https://gidstats.com/fighters/anthony_lapsley.html,,https://gidstats.com/fighters/anthony_lapsley.html,Anthony Lapsley,1980-02-13,,46,name+opponents(2)+age,34,2006-06-12,2022-10-15,0,2026-10-07
http://ufcstats.com/fighter-details/f3ca6908f78efebe,Terrence Mitchell,ufcstats,gidstats,https://gidstats.com/fighters/terrence_mitchell.html,,https://gidstats.com/fighters/terrence_mitchell.html,Terrence Mitchell,1989-12-30,,36,name+opponents(2)+age,19,2009-03-04,2023-09-16,0,2026-10-07
http://ufcstats.com/fighter-details/f40ec51dd4de47c3,Jonavin Webb,ufcstats,gidstats,https://gidstats.com/fighters/jonavin_webb.html,,https://gidstats.com/fighters/jonavin_webb.html,Jonavin Webb,1989-04-28,,37,name+opponents(2)+age,17,2012-04-14,2019-05-04,3,2026-10-07
http://ufcstats.com/fighter-details/f41b9f5efc7162d6,Jamal Pogues,ufcstats+dwcs,gidstats,https://gidstats.com/fighters/pogues_jamal.html,,https://gidstats.com/fighters/pogues_jamal.html,Jamal Pogues,1995-12-01,,30,name+opponents(6)+age,16,2016-07-30,2025-02-01,0,2026-10-07
http://ufcstats.com/fighter-details/f4c49976c75c5ab2,Conor McGregor,ufcstats,gidstats,https://gidstats.com/fighters/conor_mcgregor.html,,https://gidstats.com/fighters/conor_mcgregor.html,Conor McGregor,1988-07-14,,38,name+opponents(11)+age,28,2008-03-08,2021-07-10,1,2026-10-07
http://ufcstats.com/fighter-details/f4d92416da98804b,Bassil Hafez,ufcstats,gidstats,https://gidstats.com/fighters/bassil_hafez.html,,https://gidstats.com/fighters/bassil_hafez.html,Bassil Hafez,1992-01-31,,34,name+opponents(3)+age,15,2016-01-09,2024-11-16,1,2026-10-07
http://ufcstats.com/fighter-details/f50d95223751e6ca,Russell Doane,ufcstats,gidstats,https://gidstats.com/fighters/russell_doane.html,,https://gidstats.com/fighters/russell_doane.html,Russell Doane,1986-08-13,,40,name+opponents(8)+age,24,2008-03-15,2019-03-02,0,2026-10-07
http://ufcstats.com/fighter-details/f53c1f4ceeed8c08,Dustin Ortiz,ufcstats,gidstats,https://gidstats.com/fighters/dustin_ortiz.html,,https://gidstats.com/fighters/dustin_ortiz.html,Dustin Ortiz,1988-12-25,,37,name+opponents(13)+age,29,2010-02-20,2021-11-20,1,2026-10-07
http://ufcstats.com/fighter-details/f53d4f21d1b5f2dc,Diego Ferreira,ufcstats,gidstats,https://gidstats.com/fighters/diego_ferreira.html,,https://gidstats.com/fighters/diego_ferreira.html,Diego Ferreira,1985-01-18,,41,name+opponents(17)+age,26,2011-04-15,2025-09-13,1,2026-10-07
http://ufcstats.com/fighter-details/f5431394fb284bb9,James Te Huna,ufcstats,gidstats,https://gidstats.com/fighters/james_te_huna.html,,https://gidstats.com/fighters/james_te_huna.html,James Te Huna,1981-09-29,,45,name+opponents(10)+age,25,2003-04-05,2016-03-19,0,2026-10-07
http://ufcstats.com/fighter-details/f5779a2303ed76ec,Valter Walker,ufcstats,gidstats,https://gidstats.com/fighters/valter_walker.html,,https://gidstats.com/fighters/valter_walker.html,Valter Walker,1997-12-14,,28,name+opponents(6)+age,16,2020-10-04,2025-10-25,1,2026-10-07
http://ufcstats.com/fighter-details/f57a8a52ca401ed9,Nick Diaz,ufcstats,gidstats,https://gidstats.com/fighters/nick_diaz.html,,https://gidstats.com/fighters/nick_diaz.html,Nick Diaz,1983-08-02,,43,name+opponents(5)+age,38,2001-08-31,2021-09-25,2,2026-10-07
http://ufcstats.com/fighter-details/f57dd0bfa8c17813,Mark De La Rosa,ufcstats,gidstats,https://gidstats.com/fighters/mark_de_la_rosa.html,,https://gidstats.com/fighters/mark_de_la_rosa.html,Mark De La Rosa,1994-08-31,,32,name+opponents(7)+age,16,2014-09-06,2020-06-13,0,2026-10-07
http://ufcstats.com/fighter-details/f5990c11974d8e9c,Mike Pyle,ufcstats,gidstats,https://gidstats.com/fighters/mike_pyle.html,,https://gidstats.com/fighters/mike_pyle.html,Mike Pyle,1975-09-18,,51,name+opponents(17)+age,42,1999-11-13,2018-03-03,0,2026-10-07
http://ufcstats.com/fighter-details/f59e9e49ef85b469,Jason Young,ufcstats,gidstats,https://gidstats.com/fighters/jason_young.html,,https://gidstats.com/fighters/jason_young.html,Jason Young,1986-06-28,,40,name+opponents(4)+age,15,2006-08-20,2012-09-29,0,2026-10-07
http://ufcstats.com/fighter-details/f59f1d3a2ff13edd,Eric Schafer,ufcstats,gidstats,https://gidstats.com/fighters/eric_schafer.html,,https://gidstats.com/fighters/eric_schafer.html,Eric Schafer,1977-09-20,,49,name+opponents(3)+age,24,1998-06-27,2016-04-16,0,2026-10-07
http://ufcstats.com/fighter-details/f5d82eccdea4e2dd,Christian Edwards,ufcstats,gidstats,https://gidstats.com/fighters/edwards_christian.html,,https://gidstats.com/fighters/edwards_christian.html,Christian Edwards,1998-11-05,,27,name+opponents(2)+age,13,2019-07-12,2026-05-16,1,2026-10-07
http://ufcstats.com/fighter-details/f5f6419c5f00abad,Tyler Diamond,ufcstats,gidstats,https://gidstats.com/fighters/tyler_diamond.html,,https://gidstats.com/fighters/tyler_diamond.html,Tyler Diamond,1991-03-18,,35,name+opponents(1)+age,20,2015-03-14,2024-08-23,0,2026-10-07
http://ufcstats.com/fighter-details/f626118b6da0e020,Bryan Battle,ufcstats,gidstats,https://gidstats.com/fighters/battle_bryan.html,,https://gidstats.com/fighters/battle_bryan.html,Bryan Battle,1994-09-21,,32,name+opponents(9)+age,19,2019-07-13,2026-08-07,2,2026-10-07
http://ufcstats.com/fighter-details/f65dcb22dada2223,Josh Sampo,ufcstats,gidstats,https://gidstats.com/fighters/josh_sampo.html,,https://gidstats.com/fighters/josh_sampo.html,Josh Sampo,1984-07-24,,42,name+opponents(4)+age,17,2009-11-06,2018-04-13,0,2026-10-07
http://ufcstats.com/fighter-details/f6ad6a1e4d600e0d,Mason Jones,ufcstats,gidstats,https://gidstats.com/fighters/jones_mason.html,,https://gidstats.com/fighters/jones_mason.html,Mason Jones,1995-04-26,,31,name+opponents(8)+age,21,2017-10-14,2026-03-21,0,2026-10-07
http://ufcstats.com/fighter-details/f6bcbd91b114ff58,Johnny Munoz,ufcstats,gidstats,https://gidstats.com/fighters/johnny_munoz.html,,https://gidstats.com/fighters/johnny_munoz.html,Johnny Munoz,1993-02-16,,33,name+opponents(6)+age,17,2015-08-29,2024-07-28,0,2026-10-07
http://ufcstats.com/fighter-details/f6e5972c9d16c40e,Victor Rodriguez,ufcstats,gidstats,https://gidstats.com/fighters/rodriges_viktor.html,,https://gidstats.com/fighters/rodriges_viktor.html,Victor Rodriguez,1992-09-05,,34,name+opponents(2)+age,11,2011-07-23,2021-05-22,0,2026-10-07
http://ufcstats.com/fighter-details/f703250471acaf96,Harry Hunsucker,ufcstats+dwcs,gidstats,https://gidstats.com/fighters/harry_hunsucker.html,,https://gidstats.com/fighters/harry_hunsucker.html,Harry Hunsucker,1989-01-03,,37,name+opponents(4)+age,13,2015-09-26,2022-08-20,1,2026-10-07
http://ufcstats.com/fighter-details/f72465a784c1b084,Jessica Eye,ufcstats,gidstats,https://gidstats.com/fighters/jessica_eye.html,,https://gidstats.com/fighters/jessica_eye.html,Jessica Eye,1986-07-27,,40,name+opponents(15)+age,27,2010-06-05,2022-07-02,3,2026-10-07
http://ufcstats.com/fighter-details/f7467152fd9f18a2,Taila Santos,ufcstats,gidstats,https://gidstats.com/fighters/taila_santos.html,,https://gidstats.com/fighters/taila_santos.html,Taila Santos,1993-06-22,,33,name+opponents(7)+age,27,2013-11-23,2026-05-02,0,2026-10-07
http://ufcstats.com/fighter-details/f748267c4ab6c127,Rhys McKee,ufcstats,gidstats,https://gidstats.com/fighters/rhys_mckee.html,,https://gidstats.com/fighters/rhys_mckee.html,Rhys McKee,1995-09-10,,31,name+opponents(6)+age,23,2015-09-19,2026-04-16,0,2026-10-07
http://ufcstats.com/fighter-details/f75c5ca0d91b9115,Richie Smullen,ufcstats,gidstats,https://gidstats.com/fighters/richie_smullen.html,,https://gidstats.com/fighters/richie_smullen.html,Richie Smullen,1991-08-17,,35,name+opponents(1)+age,21,2016-07-30,2026-06-20,0,2026-10-07
http://ufcstats.com/fighter-details/f77c68bb4be8516d,Yoel Romero,ufcstats,gidstats,https://gidstats.com/fighters/yoel_romero.html,,https://gidstats.com/fighters/yoel_romero.html,Yoel Romero,1977-04-30,,49,name+opponents(12)+age,23,2009-12-20,2024-02-24,11,2026-10-07
http://ufcstats.com/fighter-details/f782f953bfe7b5f2,Jonathan Micallef,ufcstats+dwcs,gidstats,https://gidstats.com/fighters/jonathan_micallef.html,,https://gidstats.com/fighters/jonathan_micallef.html,Jonathan Micallef,1999-03-05,,27,name+opponents(3)+age,9,2022-08-27,2025-02-08,0,2026-10-07
http://ufcstats.com/fighter-details/f797f0c57a83353e,Trevor Smith,ufcstats,gidstats,https://gidstats.com/fighters/trevor_smith.html,,https://gidstats.com/fighters/trevor_smith.html,Trevor Smith,1981-01-05,,45,name+opponents(12)+age,24,2009-08-22,2019-12-07,0,2026-10-07
http://ufcstats.com/fighter-details/f7a7f7118d4b01b6,Lyoto Machida,ufcstats,gidstats,https://gidstats.com/fighters/machida_lyoto.html,,https://gidstats.com/fighters/machida_lyoto.html,Lyoto Machida,1978-05-30,,48,name+opponents(16)+age,38,2003-05-02,2022-05-13,0,2026-10-07
http://ufcstats.com/fighter-details/f7adc1fd115f8fdd,Abubakar Vagaev,ufcstats,gidstats,https://gidstats.com/fighters/vagaev_abubakar.html,,https://gidstats.com/fighters/vagaev_abubakar.html,Abubakar Vagaev,1993-04-14,,33,name+opponents(1)+age,29,2012-06-30,2026-07-25,0,2026-10-07
http://ufcstats.com/fighter-details/f7be1db194e03d7e,Pedro Falcao,ufcstats+dwcs,gidstats,https://gidstats.com/fighters/pedro_falco.html,,https://gidstats.com/fighters/pedro_falco.html,Pedro Falcão,1992-07-30,,34,name+opponents(3)+age,21,2011-07-09,2025-04-05,2,2026-10-07
http://ufcstats.com/fighter-details/f7d73e452b064bf2,Danny Henry,ufcstats,gidstats,https://gidstats.com/fighters/danny_henry.html,,https://gidstats.com/fighters/danny_henry.html,Danny Henry,1988-07-17,,38,name+opponents(4)+age,16,2011-11-05,2020-07-11,0,2026-10-07
http://ufcstats.com/fighter-details/f7e856a73c96048e,Gable Steveson,ufcstats,gidstats,https://gidstats.com/fighters/gable_steveson.html,,https://gidstats.com/fighters/gable_steveson.html,Gable Steveson,2000-05-31,,26,name+opponents(1)+age,3,2025-09-12,2026-02-19,2,2026-10-07
http://ufcstats.com/fighter-details/f86cb5f25d545e0e,Daniel Spitz,ufcstats,gidstats,https://gidstats.com/fighters/daniel_spitz.html,,https://gidstats.com/fighters/daniel_spitz.html,Daniel Spitz,1990-07-31,,36,name+opponents(4)+age,9,2015-07-18,2019-10-18,0,2026-10-07
http://ufcstats.com/fighter-details/f8dc544e7077d014,Jorge Santiago,ufcstats,gidstats,https://gidstats.com/fighters/jorge_santiago.html,,https://gidstats.com/fighters/jorge_santiago.html,Jorge Santiago,1980-10-09,,45,name+opponents(3)+age,38,2002-11-02,2013-08-10,1,2026-10-07
http://ufcstats.com/fighter-details/f8f1ec513bcfef43,Alexander Munoz,ufcstats,gidstats,https://gidstats.com/fighters/alexander_munoz.html,,https://gidstats.com/fighters/alexander_munoz.html,Alex Munoz,1990-02-27,,36,alias+opponents(3)+age,9,2015-09-12,2023-07-15,0,2026-10-07
http://ufcstats.com/fighter-details/f8fe2053d73d7bcf,Nick Catone,ufcstats,gidstats,https://gidstats.com/fighters/nick_catone.html,,https://gidstats.com/fighters/nick_catone.html,Nick Catone,1981-09-01,,45,name+opponents(5)+age,14,2007-05-19,2014-02-01,0,2026-10-07
http://ufcstats.com/fighter-details/f9081770e28ea2e1,Reginaldo Vieira,ufcstats,gidstats,https://gidstats.com/fighters/reginaldo_vieira.html,,https://gidstats.com/fighters/reginaldo_vieira.html,Reginaldo Vieira,1982-11-26,,43,name+opponents(3)+age,27,2009-03-21,2023-08-19,1,2026-10-07
http://ufcstats.com/fighter-details/f923e012414c883e,Lauren Mueller,ufcstats+dwcs,gidstats,https://gidstats.com/fighters/lauren_mueller.html,,https://gidstats.com/fighters/lauren_mueller.html,Lauren Mueller,1991-11-15,,34,name+opponents(4)+age,9,2015-07-11,2021-08-27,0,2026-10-07
http://ufcstats.com/fighter-details/f95381efb3051d81,Hugo Viana,ufcstats,gidstats,https://gidstats.com/fighters/hugo_viana.html,,https://gidstats.com/fighters/hugo_viana.html,Hugo Viana,1982-09-26,,44,name+opponents(6)+age,15,2010-05-26,2016-01-15,0,2026-10-07
http://ufcstats.com/fighter-details/f96856f9d69fd7e4,Robert Bryczek,ufcstats,gidstats,https://gidstats.com/fighters/robert_bryczek.html,,https://gidstats.com/fighters/robert_bryczek.html,Robert Bryczek,1990-07-04,,36,name+opponents(4)+age,25,2011-09-18,2026-05-02,0,2026-10-07
http://ufcstats.com/fighter-details/f97c5433c77522d3,Nohelin Hernandez,ufcstats,gidstats,https://gidstats.com/fighters/nohelin_hernandez.html,,https://gidstats.com/fighters/nohelin_hernandez.html,Nohelin Hernandez,1994-03-01,,32,name+opponents(2)+age,18,2016-08-20,2022-05-28,6,2026-10-07
http://ufcstats.com/fighter-details/f998f5c102250d6e,Yohan Lainesse,ufcstats+dwcs,gidstats,https://gidstats.com/fighters/yohan_lainesse.html,,https://gidstats.com/fighters/yohan_lainesse.html,Yohan Lainesse,1992-08-14,,34,name+opponents(5)+age,13,2018-08-02,2024-11-15,0,2026-10-07
http://ufcstats.com/fighter-details/f9a20a17d712ef7c,Cole Williams,ufcstats,gidstats,https://gidstats.com/fighters/cole_williams.html,,https://gidstats.com/fighters/cole_williams.html,Cole Williams,1983-12-15,,42,name+opponents(2)+age,14,2008-09-13,2020-10-31,0,2026-10-07
http://ufcstats.com/fighter-details/f9ab66e67240db7b,Joselyne Edwards,ufcstats,gidstats,https://gidstats.com/fighters/edwards_joselyne.html,,https://gidstats.com/fighters/edwards_joselyne.html,Joselyne Edwards,1995-09-29,,31,name+opponents(11)+age,23,2015-05-15,2026-02-21,0,2026-10-07
http://ufcstats.com/fighter-details/f9ae6914f604aa9f,Rin Nakai,ufcstats,gidstats,https://gidstats.com/fighters/rin_nakai.html,,https://gidstats.com/fighters/rin_nakai.html,Rin Nakai,1986-10-22,,39,name+opponents(2)+age,29,2006-10-01,2023-02-18,1,2026-10-07
http://ufcstats.com/fighter-details/f9b200db02b488d9,Lando Vannata,ufcstats,gidstats,https://gidstats.com/fighters/lando_vannata.html,,https://gidstats.com/fighters/lando_vannata.html,Lando Vannata,1992-03-14,,29,"name+opponents(11) AGE_CONFLICT(gid 29, dob 1992-03-14)",21,2012-05-12,2023-04-15,0,2026-10-07
http://ufcstats.com/fighter-details/f9d0cae37dabfafc,Ike Villanueva,ufcstats,gidstats,https://gidstats.com/fighters/isaac_villanueva.html,,https://gidstats.com/fighters/isaac_villanueva.html,Isaac Villanueva,1984-04-04,,42,alias+opponents(6)+age,32,2008-12-06,2022-04-23,0,2026-10-07
http://ufcstats.com/fighter-details/f9f07bb5a43535ed,Carlos Condit,ufcstats,gidstats,https://gidstats.com/fighters/carlos_condit.html,,https://gidstats.com/fighters/carlos_condit.html,Carlos Condit,1984-04-26,,42,name+opponents(17)+age,46,2002-09-06,2021-07-10,4,2026-10-07
http://ufcstats.com/fighter-details/fa07345cc9db5cc9,Billy Ray Goff,ufcstats,gidstats,https://gidstats.com/fighters/billy_goff.html,,https://gidstats.com/fighters/billy_goff.html,Billy Goff,1998-06-18,,28,alias+opponents(3)+age,13,2019-01-05,2025-05-31,0,2026-10-07
http://ufcstats.com/fighter-details/fa315e6c77eee106,Brandon Vera,ufcstats,gidstats,https://gidstats.com/fighters/brandon_vera.html,,https://gidstats.com/fighters/brandon_vera.html,Brandon Vera,1977-10-10,,48,name+opponents(5)+age,27,2002-07-06,2022-12-03,1,2026-10-07
http://ufcstats.com/fighter-details/fa37628269132d1a,Godofredo Pepey,ufcstats,sherdog,https://www.sherdog.com/fighter/Godofredo-Castro-40623,https://www.sherdog.com/fighter/Godofredo-Castro-40623,,Godofredo Castro,1987-07-02,1987-07-02,,alias+dob,22,2003-12-15,2022-02-03,,2026-10-07
http://ufcstats.com/fighter-details/fa6796c55d6c5440,Curtis Blaydes,ufcstats,gidstats,https://gidstats.com/fighters/curtis_blaydes.html,,https://gidstats.com/fighters/curtis_blaydes.html,Curtis Blaydes,1991-02-18,,35,name+opponents(20)+age,26,2014-05-31,2026-04-11,0,2026-10-07
http://ufcstats.com/fighter-details/fae67903c4fe636b,Antonio Braga Neto,ufcstats,gidstats,https://gidstats.com/fighters/antonio_braga_neto.html,,https://gidstats.com/fighters/antonio_braga_neto.html,Antonio Braga Neto,1987-10-29,,38,name+opponents(3)+age,13,2006-10-25,2017-12-09,15,2026-10-07
http://ufcstats.com/fighter-details/faf317c665546a36,Santiago Luna,ufcstats+card,gidstats,https://gidstats.com/fighters/santiago_luna.html,,https://gidstats.com/fighters/santiago_luna.html,Santiago Luna,2004-08-06,,22,name+opponents(4)+age,10,2023-04-28,2026-06-06,0,2026-10-07
http://ufcstats.com/fighter-details/fb1538b46877a695,Jonathan Goulet,ufcstats,gidstats,https://gidstats.com/fighters/jonathan_goulet.html,,https://gidstats.com/fighters/jonathan_goulet.html,Jonathan Goulet,1979-07-13,,47,name+opponents(1)+age,36,2001-12-16,2010-11-13,0,2026-10-07
http://ufcstats.com/fighter-details/fb37795db81f93f3,Bogdan Grad,ufcstats,gidstats,https://gidstats.com/fighters/bogdan_grad.html,,https://gidstats.com/fighters/bogdan_grad.html,Bogdan Grad,1995-09-28,,31,name+opponents(4)+age,19,2019-02-02,2025-11-22,0,2026-10-07
http://ufcstats.com/fighter-details/fb3e61720be4690c,Mike Davis,ufcstats+dwcs,gidstats,https://gidstats.com/fighters/mike_davis.html,,https://gidstats.com/fighters/mike_davis.html,Mike Davis,1992-10-07,,34,name+opponents(8)+age,15,2015-07-10,2025-07-12,2,2026-10-07
http://ufcstats.com/fighter-details/fb41432b622992a9,Lukasz Sajewski,ufcstats,gidstats,https://gidstats.com/fighters/lukasz_sajewski.html,,https://gidstats.com/fighters/lukasz_sajewski.html,Lukasz Sajewski,1990-11-27,,35,name+opponents(3)+age,21,2008-04-06,2023-03-03,0,2026-10-07
http://ufcstats.com/fighter-details/fb79582c410d049e,Wagner Silva,ufcstats,gidstats,https://gidstats.com/fighters/wagner_silva.html,,https://gidstats.com/fighters/wagner_silva.html,Wagner Silva,1987-02-07,,39,name+opponents(2)+age,21,2011-10-01,2021-08-05,0,2026-10-07
http://ufcstats.com/fighter-details/fb8a3025ae722e64,Bobby Voelker,ufcstats,gidstats,https://gidstats.com/fighters/bobby_voelker.html,,https://gidstats.com/fighters/bobby_voelker.html,Bobby Voelker,1979-04-26,,47,name+opponents(4)+age,49,2006-02-11,2023-06-10,0,2026-10-07
http://ufcstats.com/fighter-details/fba03cd6cc28dc41,Josh Emmett,ufcstats,gidstats,https://gidstats.com/fighters/josh_emmett.html,,https://gidstats.com/fighters/josh_emmett.html,Josh Emmett,1985-03-04,,36,"name+opponents(17) AGE_CONFLICT(gid 36, dob 1985-03-04)",26,2011-10-08,2026-03-14,0,2026-10-07
http://ufcstats.com/fighter-details/fbb60f24af5d5a02,Torrez Finney,ufcstats+dwcs,gidstats,https://gidstats.com/fighters/torrez_finney.html,,https://gidstats.com/fighters/torrez_finney.html,Torrez Finney,1998-10-24,,27,name+opponents(5)+age,11,2022-02-19,2025-04-05,0,2026-10-07
http://ufcstats.com/fighter-details/fbf0537e420e698e,Daniel Teymur,ufcstats,gidstats,https://gidstats.com/fighters/daniel_teymur.html,,https://gidstats.com/fighters/daniel_teymur.html,Daniel Teymur,1988-02-03,,38,name+opponents(5)+age,11,2013-10-19,2019-12-14,0,2026-10-07
http://ufcstats.com/fighter-details/fbf0947399d14323,Ken Stone,ufcstats,gidstats,https://gidstats.com/fighters/ken_stone.html,,https://gidstats.com/fighters/ken_stone.html,Ken Stone,1982-10-08,,43,name+opponents(4)+age,15,2007-08-04,2012-08-11,0,2026-10-07
http://ufcstats.com/fighter-details/fc08099550072fe4,Waldo Cortes Acosta,ufcstats+dwcs,gidstats,https://gidstats.com/fighters/waldo_cortes-acosta.html,,https://gidstats.com/fighters/waldo_cortes-acosta.html,Waldo Cortes Acosta,1991-10-03,,35,name+opponents(15)+age,20,2018-05-19,2026-05-09,10,2026-10-07
http://ufcstats.com/fighter-details/fc0a4053eb8a3a59,Nicolle Caliari,ufcstats+dwcs,gidstats,https://gidstats.com/fighters/nicolle_caliari.html,,https://gidstats.com/fighters/nicolle_caliari.html,Nicolle Caliari,1996-11-04,,29,name+opponents(4)+age,13,2015-12-13,2026-05-16,0,2026-10-07
http://ufcstats.com/fighter-details/fc169c387b4b465d,Raquel Pennington,ufcstats,gidstats,https://gidstats.com/fighters/raquel_pennington.html,,https://gidstats.com/fighters/raquel_pennington.html,Raquel Pennington,1988-09-05,,38,name+opponents(17)+age,28,2012-03-03,2024-10-05,0,2026-10-07
http://ufcstats.com/fighter-details/fc31f896cde2bc2e,John Howard,ufcstats,gidstats,https://gidstats.com/fighters/john_howard.html,,https://gidstats.com/fighters/john_howard.html,John Howard,1983-03-01,,43,name+opponents(11)+age,49,2004-10-02,2022-04-02,2,2026-10-07
http://ufcstats.com/fighter-details/fc60ecf0671b9489,Chris Holdsworth,ufcstats,gidstats,https://gidstats.com/fighters/chris_holdsworth.html,,https://gidstats.com/fighters/chris_holdsworth.html,Chris Holdsworth,1987-10-24,,38,name+opponents(2)+age,9,2010-10-09,2014-05-24,0,2026-10-07
http://ufcstats.com/fighter-details/fc6e681bf6658faf,Ashlee Evans-Smith,ufcstats,gidstats,https://gidstats.com/fighters/ashlee_evans-smith.html,,https://gidstats.com/fighters/ashlee_evans-smith.html,Ashlee Evans-Smith,1987-07-09,,39,name+opponents(9)+age,12,2013-03-02,2023-07-15,0,2026-10-07
http://ufcstats.com/fighter-details/fc9a9559a05f2704,Eddie Wineland,ufcstats,gidstats,https://gidstats.com/fighters/eddie_wineland.html,,https://gidstats.com/fighters/eddie_wineland.html,Eddie Wineland,1984-06-26,,42,name+opponents(16)+age,41,2003-04-12,2022-06-18,0,2026-10-07
http://ufcstats.com/fighter-details/fcce75a25c14a804,Bojan Velickovic,ufcstats,gidstats,https://gidstats.com/fighters/bojan_velickovic.html,,https://gidstats.com/fighters/bojan_velickovic.html,Bojan Velickovic,1988-12-18,,37,name+opponents(6)+age,41,2010-08-28,2025-06-14,0,2026-10-07
http://ufcstats.com/fighter-details/fccf811c1e8b01c7,Andrew Sanchez,ufcstats,gidstats,https://gidstats.com/fighters/andrew_sanchez.html,,https://gidstats.com/fighters/andrew_sanchez.html,Andrew Sanchez,1988-04-08,,38,name+opponents(10)+age,26,2012-06-23,2025-08-21,1,2026-10-07
http://ufcstats.com/fighter-details/fcd448a2fe1a23cc,Gian Villante,ufcstats,gidstats,https://gidstats.com/fighters/gian_villante.html,,https://gidstats.com/fighters/gian_villante.html,Gian Villante,1985-08-18,,41,name+opponents(18)+age,31,2009-02-20,2021-11-06,1,2026-10-07
http://ufcstats.com/fighter-details/fcffee71cff5530e,Forrest Griffin,ufcstats,gidstats,https://gidstats.com/fighters/forrest_griffin.html,,https://gidstats.com/fighters/forrest_griffin.html,Forrest Griffin,1979-03-16,,47,name+opponents(3)+age,28,2001-10-27,2012-07-07,0,2026-10-07
http://ufcstats.com/fighter-details/fd406a32a6fb3a29,Chris Duncan,ufcstats+dwcs+card,gidstats,https://gidstats.com/fighters/chris_duncan.html,,https://gidstats.com/fighters/chris_duncan.html,Chris Duncan,1993-05-10,,33,name+opponents(9)+age,18,2018-04-07,2026-04-04,0,2026-10-07
http://ufcstats.com/fighter-details/fd55393021a8c255,Gunnar Nelson,ufcstats,gidstats,https://gidstats.com/fighters/gunnar_nelson.html,,https://gidstats.com/fighters/gunnar_nelson.html,Gunnar Nelson,1988-07-28,,38,name+opponents(16)+age,26,2007-05-05,2025-03-22,7,2026-10-07
http://ufcstats.com/fighter-details/fd5b6598a3b70c0a,Seth Baczynski,ufcstats,gidstats,https://gidstats.com/fighters/seth_baczynski.html,,https://gidstats.com/fighters/seth_baczynski.html,Seth Baczynski,1981-10-26,,44,name+opponents(11)+age,44,2005-08-06,2021-08-28,2,2026-10-07
http://ufcstats.com/fighter-details/fd7ab338e4953644,Manolo Zecchini,ufcstats,gidstats,https://gidstats.com/fighters/manolo_zecchini.html,,https://gidstats.com/fighters/manolo_zecchini.html,Manolo Zecchini,1996-10-22,,29,name+opponents(1)+age,15,2014-04-06,2023-09-02,0,2026-10-07
http://ufcstats.com/fighter-details/fdbefee0827e1567,Wu Yanan,ufcstats,gidstats,https://gidstats.com/fighters/wu_yanan.html,,https://gidstats.com/fighters/wu_yanan.html,Wu Yanan,1996-04-18,,30,name+opponents(5)+age,19,2013-11-16,2022-08-20,0,2026-10-07
http://ufcstats.com/fighter-details/fdd22e895a70e4a8,Damian Pinas,ufcstats+dwcs,gidstats,https://gidstats.com/fighters/damian_pinas.html,,https://gidstats.com/fighters/damian_pinas.html,Damian Pinas,2002-03-12,,24,name+opponents(3)+age,10,2022-08-06,2026-02-28,0,2026-10-07
http://ufcstats.com/fighter-details/fdf18227faa596dd,Chad Griggs,ufcstats,gidstats,https://gidstats.com/fighters/chad_griggs.html,,https://gidstats.com/fighters/chad_griggs.html,Chad Griggs,1978-05-15,,48,name+opponents(2)+age,14,2005-12-10,2012-11-17,0,2026-10-07
http://ufcstats.com/fighter-details/fe2babf95de24fb1,Raul Rosas Jr.,ufcstats+dwcs,gidstats,https://gidstats.com/fighters/raul_rosas_jr.html,,https://gidstats.com/fighters/raul_rosas_jr.html,Raul Rosas Jr.,2004-10-08,,21,name+opponents(8)+age,13,2021-11-26,2026-03-07,2,2026-10-07
http://ufcstats.com/fighter-details/fe435e440b5de0ff,Jake Shields,ufcstats,gidstats,https://gidstats.com/fighters/jake_shields.html,,https://gidstats.com/fighters/jake_shields.html,Jake Shields,1979-01-09,,47,name+opponents(8)+age,46,1999-10-23,2018-10-20,21,2026-10-07
http://ufcstats.com/fighter-details/fe5a9547479396ab,Jim Alers,ufcstats,gidstats,https://gidstats.com/fighters/jim_alers.html,,https://gidstats.com/fighters/jim_alers.html,Jim Alers,1986-10-14,,39,name+opponents(4)+age,20,2008-08-23,2021-11-12,12,2026-10-07
http://ufcstats.com/fighter-details/fe5ca7ef93c3f6a7,Roger Zapata,ufcstats,gidstats,https://gidstats.com/fighters/roger_zapata.html,,https://gidstats.com/fighters/roger_zapata.html,Roger Zapata,1986-05-09,,40,name+opponents(1)+age,9,2011-06-10,2015-09-26,0,2026-10-07
http://ufcstats.com/fighter-details/fe91d254db77a7fc,Dustin Kimura,ufcstats,gidstats,https://gidstats.com/fighters/dustin_kimura.html,,https://gidstats.com/fighters/dustin_kimura.html,Dustin Kimura,1989-05-21,,37,name+opponents(5)+age,14,2009-08-22,2014-12-13,0,2026-10-07
http://ufcstats.com/fighter-details/fea79f9bc8c68769,Marlon Moraes,ufcstats,gidstats,https://gidstats.com/fighters/marlon_moraes.html,,https://gidstats.com/fighters/marlon_moraes.html,Marlon Moraes,1988-04-26,,38,name+opponents(10)+age,37,2007-04-14,2023-06-08,0,2026-10-07
http://ufcstats.com/fighter-details/fea8acf9bfcf09ec,Simeon Thoresen,ufcstats,gidstats,https://gidstats.com/fighters/simeon_thoresen.html,,https://gidstats.com/fighters/simeon_thoresen.html,Simeon Thoresen,1984-03-14,,42,name+opponents(3)+age,24,2006-08-19,2015-03-28,0,2026-10-07
http://ufcstats.com/fighter-details/feaf00f3373435d6,Chris Gruetzemacher,ufcstats,gidstats,https://gidstats.com/fighters/chris_gruetzemacher.html,,https://gidstats.com/fighters/chris_gruetzemacher.html,Chris Gruetzemacher,1986-06-16,,40,name+opponents(7)+age,23,2008-10-04,2021-12-04,0,2026-10-07
http://ufcstats.com/fighter-details/feedf3053472fe56,Charles Radtke,ufcstats+card,gidstats,https://gidstats.com/fighters/charlie_radtke.html,,https://gidstats.com/fighters/charlie_radtke.html,Charlie Radtke,1990-07-09,,36,alias+opponents(8)+age,17,2012-11-17,2026-04-11,1,2026-10-07
http://ufcstats.com/fighter-details/feef5f8f5629e5e7,Theodor Berggren,ufcstats+card,gidstats,https://gidstats.com/fighters/theodor_berggren.html,,https://gidstats.com/fighters/theodor_berggren.html,Theodor Berggren,2000-04-09,,26,name+opponents(2)+age,12,2021-11-20,2026-06-27,0,2026-10-07
http://ufcstats.com/fighter-details/fef3d17e27e916e7,Antonio Carvalho,ufcstats,gidstats,https://gidstats.com/fighters/antonio_carvalho.html,,https://gidstats.com/fighters/antonio_carvalho.html,Antonio Carvalho,1979-05-30,,47,name+opponents(4)+age,21,2002-09-21,2013-03-16,1,2026-10-07
http://ufcstats.com/fighter-details/ff4c3ab594c7fac3,Cristiano Marcello,ufcstats,gidstats,https://gidstats.com/fighters/cristiano_marcello.html,,https://gidstats.com/fighters/cristiano_marcello.html,Cristiano Marcello,1977-12-03,,48,name+opponents(4)+age,21,1998-04-25,2014-02-15,0,2026-10-07
http://ufcstats.com/fighter-details/ff62013d2fce6d13,Nazim Sadykhov,ufcstats+dwcs+card,gidstats,https://gidstats.com/fighters/nazim_sadykhov.html,,https://gidstats.com/fighters/nazim_sadykhov.html,Nazim Sadykhov,1994-05-16,,32,name+opponents(8)+age,15,2018-11-16,2026-06-27,0,2026-10-07
http://ufcstats.com/fighter-details/ff6a1f63c254127e,Albert Tumenov,ufcstats,gidstats,https://gidstats.com/fighters/albert_tumenov.html,,https://gidstats.com/fighters/albert_tumenov.html,Albert Tumenov,1991-12-26,,34,name+opponents(8)+age,31,2010-02-13,2026-02-06,1,2026-10-07
http://ufcstats.com/fighter-details/ffc088e64fab57e9,Quinton Jackson,ufcstats,gidstats,https://gidstats.com/fighters/rampage_jackson.html,,https://gidstats.com/fighters/rampage_jackson.html,Quinton Jackson,1978-06-20,,48,name+opponents(7)+age,51,2000-05-13,2019-12-28,2,2026-10-07
http://ufcstats.com/fighter-details/ffc3e6daaa6da0b7,Johnny Bedford,ufcstats,gidstats,https://gidstats.com/fighters/johnny_bedford.html,,https://gidstats.com/fighters/johnny_bedford.html,Johnny Bedford,1983-01-06,,43,name+opponents(5)+age,42,2006-09-23,2017-09-09,7,2026-10-07
http://ufcstats.com/fighter-details/ffd3224638c01b57,Jean Matsumoto,ufcstats+dwcs,gidstats,https://gidstats.com/fighters/jean_matsumoto.html,,https://gidstats.com/fighters/jean_matsumoto.html,Jean Matsumoto,1999-09-09,,27,name+opponents(7)+age,19,2018-01-27,2026-02-07,0,2026-10-07
http://ufcstats.com/fighter-details/ffdeb4fbea09ce75,Jessica Rakoczy,ufcstats,gidstats,https://gidstats.com/fighters/jessica_rakoczy.html,,https://gidstats.com/fighters/jessica_rakoczy.html,Jessica Rakoczy,1977-04-14,,49,name+opponents(2)+age,7,2009-10-08,2015-04-25,3,2026-10-07
http://ufcstats.com/fighter-details/ffe9703408fb5964,David Onama,ufcstats,gidstats,https://gidstats.com/fighters/david_onama.html,,https://gidstats.com/fighters/david_onama.html,David Onama,1994-06-07,,32,name+opponents(9)+age,17,2019-02-23,2025-11-01,0,2026-10-07
,Zu Anyanwu,dwcs,gidstats,https://gidstats.com/fighters/zu_anyanwu.html,,https://gidstats.com/fighters/zu_anyanwu.html,Zu Anyanwu,,,45,name+opponents(1)+age,21,2010-10-28,2019-11-08,0,2026-10-07
,Greg Rebello,dwcs,gidstats,https://gidstats.com/fighters/greg_rebello.html,,https://gidstats.com/fighters/greg_rebello.html,Greg Rebello,,,44,name+opponents(2)+age,36,2005-02-26,2020-01-24,0,2026-10-07
,Manny Vazquez,dwcs,gidstats,https://gidstats.com/fighters/manny_vazquez.html,,https://gidstats.com/fighters/manny_vazquez.html,Manny Vazquez,,,32,name+opponents(1)+age,16,2013-10-05,2021-05-29,1,2026-10-07
,Angel DeAnda,dwcs,gidstats,https://gidstats.com/fighters/angel_de_anda.html,,https://gidstats.com/fighters/angel_de_anda.html,Angel De Anda,,,41,name+opponents(1)+age,25,2008-11-02,2019-07-11,0,2026-10-07
,Alfred Khashakyan,dwcs,gidstats,https://gidstats.com/fighters/alfred_khashakyan.html,,https://gidstats.com/fighters/alfred_khashakyan.html,Alfred Khashakyan,,,38,name+opponents(1)+age,16,2013-05-18,2020-01-25,0,2026-10-07
,Thanh Le,dwcs,gidstats,https://gidstats.com/fighters/thanh_le.html,,https://gidstats.com/fighters/thanh_le.html,Thanh Le,,,41,name+opponents(1)+age,18,2013-11-08,2022-08-26,0,2026-10-07
,Lazar Stojadinovic,dwcs,gidstats,https://gidstats.com/fighters/lazar_stojadinovic.html,,https://gidstats.com/fighters/lazar_stojadinovic.html,Lazar Stojadinovic,,,37,name+opponents(1)+age,23,2007-09-26,2021-08-27,2,2026-10-07
,Sidney Outlaw,dwcs,gidstats,https://gidstats.com/fighters/sidney_outlaw.html,,https://gidstats.com/fighters/sidney_outlaw.html,Sidney Outlaw,,,34,name+opponents(1)+age,29,2013-02-02,2026-08-15,2,2026-10-07
,Michael Cora,dwcs,gidstats,https://gidstats.com/fighters/michael_cora.html,,https://gidstats.com/fighters/michael_cora.html,Michael Cora,,,37,name+opponents(1)+age,11,2015-10-03,2021-08-06,0,2026-10-07
,C.J. Hamilton,dwcs,gidstats,https://gidstats.com/fighters/cj_hamilton.html,,https://gidstats.com/fighters/cj_hamilton.html,CJ Hamilton,,,40,name+opponents(1)+age,25,2013-01-19,2022-10-01,1,2026-10-07
,Jason Jackson,dwcs,gidstats,https://gidstats.com/fighters/jackson_jason.html,,https://gidstats.com/fighters/jackson_jason.html,Jason Jackson,,,35,name+opponents(1)+age,27,2012-04-27,2025-06-12,0,2026-10-07
,Chase Waldon,dwcs,gidstats,https://gidstats.com/fighters/chase_waldon.html,,https://gidstats.com/fighters/chase_waldon.html,Chase Waldon,,,40,name+opponents(1)+age,14,2010-04-30,2017-07-25,0,2026-10-07
,Luis Gomez,dwcs,gidstats,https://gidstats.com/fighters/luis_gomez.html,,https://gidstats.com/fighters/luis_gomez.html,Luis Gomez,,,31,name+opponents(1)+age,18,2015-09-11,2026-06-06,0,2026-10-07
,James Gray,dwcs,gidstats,https://gidstats.com/fighters/james_gray.html,,https://gidstats.com/fighters/james_gray.html,James Gray,,,38,name+opponents(1)+age,6,2013-05-18,2017-08-01,1,2026-10-07
,Ronaldo Candido,dwcs,gidstats,https://gidstats.com/fighters/ronaldo_candido.html,,https://gidstats.com/fighters/ronaldo_candido.html,Ronaldo Candido,,,37,name+opponents(1)+age,9,2013-03-09,2017-08-01,1,2026-10-07
,Cheyden Leialoha,dwcs,gidstats,https://gidstats.com/fighters/cheyden_leialoha.html,,https://gidstats.com/fighters/cheyden_leialoha.html,Cheyden Leialoha,,,,name+opponents(1),10,2015-08-02,2021-04-30,0,2026-10-07
,Jamelle Jones,dwcs,gidstats,https://gidstats.com/fighters/jamelle_jones.html,,https://gidstats.com/fighters/jamelle_jones.html,Jamelle Jones,,,38,name+opponents(1)+age,23,2013-10-26,2023-11-03,0,2026-10-07
,Peter Petties,dwcs,gidstats,https://gidstats.com/fighters/peter_petties.html,,https://gidstats.com/fighters/peter_petties.html,Peter Petties,,,35,name+opponents(1)+age,18,2014-12-19,2023-07-16,1,2026-10-07
,Kevin Gray,dwcs,gidstats,https://gidstats.com/fighters/kevin_gray.html,,https://gidstats.com/fighters/kevin_gray.html,Kevin Gray,,,41,name+opponents(1)+age,16,2012-11-30,2018-07-27,0,2026-10-07
,Donavon Frelow,dwcs,gidstats,https://gidstats.com/fighters/donavon_frelow.html,,https://gidstats.com/fighters/donavon_frelow.html,Donavon Frelow,,,41,name+opponents(1)+age,11,2014-03-06,2021-04-16,0,2026-10-07
,Shelton Graves,dwcs,gidstats,https://gidstats.com/fighters/shelton_graves.html,,https://gidstats.com/fighters/shelton_graves.html,Shelton Graves,,,40,name+opponents(1)+age,16,2012-10-27,2023-06-17,0,2026-10-07
,Everett Sims,dwcs,gidstats,https://gidstats.com/fighters/everett_sims.html,,https://gidstats.com/fighters/everett_sims.html,Everett Sims,,,37,name+opponents(1)+age,5,2014-10-24,2017-08-08,1,2026-10-07
,Buddy Wallace,dwcs,gidstats,https://gidstats.com/fighters/randall_wallace.html,,https://gidstats.com/fighters/randall_wallace.html,Randall Wallace,,,37,alias+opponents(1)+age,35,2012-08-18,2025-06-06,0,2026-10-07
,Adrian Diaz,dwcs,gidstats,https://gidstats.com/fighters/adrian_diaz.html,,https://gidstats.com/fighters/adrian_diaz.html,Adrian Diaz,,,38,name+opponents(1)+age,19,2009-07-18,2018-06-16,0,2026-10-07
,Cameron Olson,dwcs,gidstats,https://gidstats.com/fighters/cameron_olson.html,,https://gidstats.com/fighters/cameron_olson.html,Cameron Olson,,,36,name+opponents(1)+age,15,2014-07-26,2018-10-13,0,2026-10-07
,Karl Reed,dwcs,gidstats,https://gidstats.com/fighters/karl_reed.html,,https://gidstats.com/fighters/karl_reed.html,Karl Reed,,,37,name+opponents(2)+age,8,2016-09-24,2019-08-13,0,2026-10-07
,Jaime Alvarez,dwcs,gidstats,https://gidstats.com/fighters/jaime_alvarez.html,,https://gidstats.com/fighters/jaime_alvarez.html,Jaime Alvarez,,,38,name+opponents(1)+age,13,2013-06-21,2021-05-07,0,2026-10-07
,Jamie Colleen,dwcs,gidstats,https://gidstats.com/fighters/jamie_colleen.html,,https://gidstats.com/fighters/jamie_colleen.html,Jamie Colleen,,,40,name+opponents(2)+age,9,2013-02-02,2022-09-16,0,2026-10-07
,Tiffany Masters,dwcs,gidstats,https://gidstats.com/fighters/tiffany_masters.html,,https://gidstats.com/fighters/tiffany_masters.html,Tiffany Masters,,,32,name+opponents(1)+age,4,2016-12-03,2018-01-13,0,2026-10-07
,Anton Berzin,dwcs,gidstats,https://gidstats.com/fighters/anton_berzin.html,,https://gidstats.com/fighters/anton_berzin.html,Anton Berzin,,,37,name+opponents(1)+age,9,2010-07-16,2017-08-22,2,2026-10-07
,Mark Cherico,dwcs,gidstats,https://gidstats.com/fighters/mark_cherico.html,,https://gidstats.com/fighters/mark_cherico.html,Mark Cherico,,,40,name+opponents(1)+age,13,2012-04-27,2017-08-22,0,2026-10-07
,Nick Urso,dwcs,gidstats,https://gidstats.com/fighters/nick_urso.html,,https://gidstats.com/fighters/nick_urso.html,Nick Urso,,,41,name+opponents(1)+age,15,2011-02-12,2017-08-22,0,2026-10-07
,Jose Flores,dwcs,gidstats,https://gidstats.com/fighters/luke_flores.html,,https://gidstats.com/fighters/luke_flores.html,Luke Flores,,,38,alias+opponents(2)+age,11,2013-11-01,2020-08-04,0,2026-10-07
,Elias Urbina,dwcs,gidstats,https://gidstats.com/fighters/elias_urbina.html,,https://gidstats.com/fighters/elias_urbina.html,Elias Urbina,,,32,name+opponents(1)+age,11,2014-05-16,2025-10-17,0,2026-10-07
,Adam Antolin,dwcs,gidstats,https://gidstats.com/fighters/adam_antolin.html,,https://gidstats.com/fighters/adam_antolin.html,Adam Antolin,,,44,name+opponents(1)+age,23,2008-02-01,2022-07-08,0,2026-10-07
,Kelly McGill,dwcs,sherdog,https://www.sherdog.com/fighter/Kelly-McGillVelasco-170067,https://www.sherdog.com/fighter/Kelly-McGillVelasco-170067,,Kelly McGill-Velasco,,1995-05-21,,dwcs_url+name+dob,4,2014-06-19,2017-08-29,,2026-10-07
,Dashawn Boatwright,dwcs,gidstats,https://gidstats.com/fighters/dashawn_boatwright.html,,https://gidstats.com/fighters/dashawn_boatwright.html,Dashawn Boatwright,,,38,name+opponents(1)+age,6,2015-11-07,2021-10-16,0,2026-10-07
,Sean Lally,dwcs,gidstats,https://gidstats.com/fighters/sean_lally.html,,https://gidstats.com/fighters/sean_lally.html,Sean Lally,,,35,name+opponents(1)+age,15,2008-11-08,2022-06-04,0,2026-10-07
,Rico DiSciullo,dwcs,gidstats,https://gidstats.com/fighters/rico_disciullo.html,,https://gidstats.com/fighters/rico_disciullo.html,Rico DiSciullo,,,39,name+opponents(1)+age,14,2013-09-07,2022-06-17,0,2026-10-07
,Will Santiago,dwcs,gidstats,https://gidstats.com/fighters/will_santiago.html,,https://gidstats.com/fighters/will_santiago.html,Will Santiago,,,43,name+opponents(1)+age,16,2010-10-22,2019-05-10,3,2026-10-07
,Yazan Hajeh,dwcs,gidstats,https://gidstats.com/fighters/yazan_hajeh.html,,https://gidstats.com/fighters/yazan_hajeh.html,Yazan Hajeh,,,34,name+opponents(1)+age,9,2015-12-05,2023-02-11,0,2026-10-07
,Emiliano Sordi,dwcs,gidstats,https://gidstats.com/fighters/emiliano_sordi.html,,https://gidstats.com/fighters/emiliano_sordi.html,Emiliano Sordi,,,35,name+opponents(1)+age,41,2009-09-27,2026-05-02,2,2026-10-07
,Tyler Hill,dwcs,gidstats,https://gidstats.com/fighters/tyler_hill.html,,https://gidstats.com/fighters/tyler_hill.html,Tyler Hill,,,35,name+opponents(1)+age,21,2014-08-30,2024-08-23,4,2026-10-07
,Jaymee Nievara,dwcs,gidstats,https://gidstats.com/fighters/jaimee_nievera.html,,https://gidstats.com/fighters/jaimee_nievera.html,Jaimee Nievera,,,41,alias+opponents(1)+age,12,2014-11-08,2019-02-22,0,2026-10-07
,Te'Jovan Edwards,dwcs,gidstats,https://gidstats.com/fighters/te_edwards.html,,https://gidstats.com/fighters/te_edwards.html,Te Edwards,,,36,alias+opponents(1)+age,9,2013-10-26,2019-01-19,0,2026-10-07
,Austin Tweedy,dwcs,gidstats,https://gidstats.com/fighters/austin_tweedy.html,,https://gidstats.com/fighters/austin_tweedy.html,Austin Tweedy,,,36,name+opponents(1)+age,15,2013-02-08,2022-12-16,0,2026-10-07
,Tim Caron,dwcs,gidstats,https://gidstats.com/fighters/tim_caron.html,,https://gidstats.com/fighters/tim_caron.html,Tim Caron,,,39,name+opponents(1)+age,20,2014-11-21,2023-06-08,2,2026-10-07
,Joey Gomez,dwcs,sherdog,https://www.sherdog.com/fighter/Joey-Gomez-124327,https://www.sherdog.com/fighter/Joey-Gomez-124327,,Joey    Gomez,,1989-08-28,,dwcs_url+name+dob,8,2013-01-19,2018-07-10,,2026-10-07
,Alton Cunningham,dwcs,gidstats,https://gidstats.com/fighters/alton_cunningham.html,,https://gidstats.com/fighters/alton_cunningham.html,Alton Cunningham,,,33,name+opponents(2)+age,13,2017-04-22,2022-08-05,0,2026-10-07
,Ricky Palacios,dwcs,gidstats,https://gidstats.com/fighters/rick_palacios.html,,https://gidstats.com/fighters/rick_palacios.html,Rick Palacios,,,39,alias+opponents(1)+age,13,2012-11-17,2019-06-21,2,2026-10-07
,Toby Misech,dwcs,gidstats,https://gidstats.com/fighters/toby_misech.html,,https://gidstats.com/fighters/toby_misech.html,Toby Misech,,,38,name+opponents(1)+age,23,2012-01-21,2024-11-02,2,2026-10-07
,Riley Dutro,dwcs,gidstats,https://gidstats.com/fighters/riley_dutro.html,,https://gidstats.com/fighters/riley_dutro.html,Riley Dutro,,,39,name+opponents(1)+age,20,2009-01-03,2021-05-08,0,2026-10-07
,Max Mustaki,dwcs,gidstats,https://gidstats.com/fighters/max_mustaki.html,,https://gidstats.com/fighters/max_mustaki.html,Max Mustaki,,,38,name+opponents(1)+age,11,2011-04-17,2020-09-24,0,2026-10-07
,Chibwikem Onyenegecha,dwcs,gidstats,https://gidstats.com/fighters/chibwikem_onyenegecha.html,,https://gidstats.com/fighters/chibwikem_onyenegecha.html,Chibwikem Onyenegecha,,,32,name+opponents(1)+age,8,2015-03-07,2021-07-02,0,2026-10-07
,Anthony Adams,dwcs,gidstats,https://gidstats.com/fighters/anthony_adams.html,,https://gidstats.com/fighters/anthony_adams.html,Anthony Adams,,,38,name+opponents(2)+age,13,2016-02-20,2023-04-21,0,2026-10-07
,Angelo Trevino,dwcs,gidstats,https://gidstats.com/fighters/angelo_trevino.html,,https://gidstats.com/fighters/angelo_trevino.html,Angelo Trevino,,,33,name+opponents(1)+age,15,2015-06-27,2024-08-17,0,2026-10-07
,Antonio Jones,dwcs,gidstats,https://gidstats.com/fighters/antonio_jones.html,,https://gidstats.com/fighters/antonio_jones.html,Antonio Jones,,,41,name+opponents(1)+age,12,2015-06-13,2022-05-22,0,2026-10-07
,Alex Muñoz,dwcs,gidstats,https://gidstats.com/fighters/alexander_munoz.html,,https://gidstats.com/fighters/alexander_munoz.html,Alex Munoz,,,36,name+opponents(1)+age,9,2015-09-12,2023-07-15,0,2026-10-07
,Nick Newell,dwcs,gidstats,https://gidstats.com/fighters/nick_newell.html,,https://gidstats.com/fighters/nick_newell.html,Nick Newell,,,40,name+opponents(1)+age,20,2009-06-20,2021-06-11,1,2026-10-07
,Chris Birchler,dwcs,gidstats,https://gidstats.com/fighters/chris_birchler.html,,https://gidstats.com/fighters/chris_birchler.html,Chris Birchler,,,39,name+opponents(1)+age,11,2011-09-09,2018-07-24,0,2026-10-07
,Josh Appelt,dwcs,gidstats,https://gidstats.com/fighters/josh_appelt.html,,https://gidstats.com/fighters/josh_appelt.html,Josh Appelt,,,43,name+opponents(1)+age,22,2009-05-31,2018-07-24,0,2026-10-07
,Canaan Kawaihae,dwcs,gidstats,https://gidstats.com/fighters/canaan_kawaihae.html,,https://gidstats.com/fighters/canaan_kawaihae.html,Canaan Kawaihae,,,29,name+opponents(2)+age,12,2016-09-24,2023-08-12,0,2026-10-07
,Garrett Gross,dwcs,gidstats,https://gidstats.com/fighters/garrett_gross.html,,https://gidstats.com/fighters/garrett_gross.html,Garrett Gross,,,38,name+opponents(1)+age,23,2011-09-09,2022-04-16,0,2026-10-07
,Mitchell Sipe,dwcs,gidstats,https://gidstats.com/fighters/mitchell_sipe.html,,https://gidstats.com/fighters/mitchell_sipe.html,Mitchell Sipe,,,30,name+opponents(1)+age,8,2016-04-01,2022-05-17,1,2026-10-07
,Justin Sumter,dwcs,gidstats,https://gidstats.com/fighters/justin_sumter.html,,https://gidstats.com/fighters/justin_sumter.html,Justin Sumter,,,36,name+opponents(2)+age,17,2016-04-22,2025-03-22,1,2026-10-07
,Jordan Griffin,dwcs,gidstats,https://gidstats.com/fighters/jordan_griffin.html,,https://gidstats.com/fighters/jordan_griffin.html,Jordan Griffin,,,36,name+opponents(1)+age,28,2011-04-21,2022-04-16,0,2026-10-07
,Maurice Mitchell,dwcs,gidstats,https://gidstats.com/fighters/maurice_mitchell.html,,https://gidstats.com/fighters/maurice_mitchell.html,Maurice Mitchell,,,39,name+opponents(1)+age,14,2008-09-17,2019-11-01,0,2026-10-07
,Shawn Teed,dwcs,gidstats,https://gidstats.com/fighters/shawn_teed.html,,https://gidstats.com/fighters/shawn_teed.html,Shawn Teed,,,34,name+opponents(1)+age,10,2015-12-04,2020-10-15,0,2026-10-07
,Tebaris Gordon,dwcs,gidstats,https://gidstats.com/fighters/tebaris_gordon.html,,https://gidstats.com/fighters/tebaris_gordon.html,Tebaris Gordon,,,38,name+opponents(1)+age,5,2016-05-20,2020-09-12,0,2026-10-07
,Joseph Lowry,dwcs,gidstats,https://gidstats.com/fighters/joseph_lowry.html,,https://gidstats.com/fighters/joseph_lowry.html,Joseph Lowry,,,36,name+opponents(2)+age,11,2014-02-22,2020-11-10,0,2026-10-07
,Dennis Bryant,dwcs,gidstats,https://gidstats.com/fighters/dennis_bryant.html,,https://gidstats.com/fighters/dennis_bryant.html,Dennis Bryant,,,40,name+opponents(1)+age,7,2012-01-28,2018-08-07,0,2026-10-07
,Alex Gilpin,dwcs,gidstats,https://gidstats.com/fighters/gilpin_alex.html,,https://gidstats.com/fighters/gilpin_alex.html,Alex Gilpin,,,34,name+opponents(1)+age,19,2015-01-31,2023-05-12,0,2026-10-07
,JR Coughran,dwcs,gidstats,https://gidstats.com/fighters/jr_coughran.html,,https://gidstats.com/fighters/jr_coughran.html,J.R. Coughran,,,32,name+opponents(1)+age,8,2016-01-23,2018-11-17,0,2026-10-07
,Kali Robbins,dwcs,gidstats,https://gidstats.com/fighters/robbins_kali.html,,https://gidstats.com/fighters/robbins_kali.html,Kali Robbins,,,42,name+opponents(1)+age,9,2015-03-06,2019-06-18,0,2026-10-07
,Alton Meeks,dwcs,gidstats,https://gidstats.com/fighters/meeks_alton.html,,https://gidstats.com/fighters/meeks_alton.html,Alton Meeks,,,32,name+opponents(1)+age,6,2018-07-14,2023-02-10,0,2026-10-07
,Tony Johnson,dwcs,gidstats,https://gidstats.com/fighters/johnson_tony_jr.html,,https://gidstats.com/fighters/johnson_tony_jr.html,Tony Johnson,,,43,name+opponents(1)+age,13,2007-04-07,2023-03-10,0,2026-10-07
,Justin Gonzales,dwcs,gidstats,https://gidstats.com/fighters/gonzales_justin.html,,https://gidstats.com/fighters/gonzales_justin.html,Justin Gonzales,,,35,name+opponents(1)+age,19,2016-07-16,2024-06-28,0,2026-10-07
,Zach Zane,dwcs,gidstats,https://gidstats.com/fighters/zach_zane.html,,https://gidstats.com/fighters/zach_zane.html,Zach Zane,,,36,name+opponents(1)+age,30,2015-01-23,2023-06-23,1,2026-10-07
,Michael Lombardo,dwcs,gidstats,https://gidstats.com/fighters/michael_lombardo.html,,https://gidstats.com/fighters/michael_lombardo.html,Michael Lombardo,,,36,name+opponents(2)+age,18,2016-01-29,2023-04-21,0,2026-10-07
,Richie Santiago,dwcs,gidstats,https://gidstats.com/fighters/santiago_richie.html,,https://gidstats.com/fighters/santiago_richie.html,Richie Santiago,,,33,name+opponents(1)+age,14,2016-09-23,2023-07-29,1,2026-10-07
,Victor Reyna,dwcs,gidstats,https://gidstats.com/fighters/reyna_victor.html,,https://gidstats.com/fighters/reyna_victor.html,Victor Reyna,,,40,name+opponents(2)+age,18,2012-02-18,2023-04-07,0,2026-10-07
,Jesse Wallace,dwcs,gidstats,https://gidstats.com/fighters/wallace_james.html,,https://gidstats.com/fighters/wallace_james.html,James Wallace,,,33,alias+opponents(1)+age,14,2015-02-21,2022-08-27,1,2026-10-07
,Kenneth Bergh,dwcs,gidstats,https://gidstats.com/fighters/kenneth_bergh.html,,https://gidstats.com/fighters/kenneth_bergh.html,Kenneth Bergh,,,37,name+opponents(1)+age,12,2013-05-25,2022-06-11,0,2026-10-07
,Chris Ocon,dwcs,gidstats,https://gidstats.com/fighters/ocon_chris.html,,https://gidstats.com/fighters/ocon_chris.html,Chris Ocon,,,30,name+opponents(1)+age,12,2017-11-04,2024-11-03,0,2026-10-07
,Jacob Rosales,dwcs,gidstats,https://gidstats.com/fighters/jacob_rosales.html,,https://gidstats.com/fighters/jacob_rosales.html,Jacob Rosales,,,31,name+opponents(2)+age,26,2015-08-27,2025-07-26,0,2026-10-07
,Stephen Regman,dwcs,gidstats,https://gidstats.com/fighters/regman_stephen.html,,https://gidstats.com/fighters/regman_stephen.html,Stephen Regman,,,35,name+opponents(1)+age,16,2013-09-20,2023-03-25,0,2026-10-07
,Armando Villarreal,dwcs,gidstats,https://gidstats.com/fighters/villarreal_armando.html,,https://gidstats.com/fighters/villarreal_armando.html,Armando Villarreal,,,37,name+opponents(1)+age,7,2016-09-16,2019-07-16,0,2026-10-07
,Ricardo Prasel,dwcs,gidstats,https://gidstats.com/fighters/ricardo_prasel.html,,https://gidstats.com/fighters/ricardo_prasel.html,Ricardo Prasel,,,36,name+opponents(1)+age,18,2012-12-15,2024-05-11,0,2026-10-07
,Kevin Syler,dwcs,gidstats,https://gidstats.com/fighters/syler_kevin.html,,https://gidstats.com/fighters/syler_kevin.html,Kevin Syler,,,33,name+opponents(2)+age,11,2014-04-03,2020-08-18,0,2026-10-07
,Lance Lawrence,dwcs,gidstats,https://gidstats.com/fighters/lawrence_lance.html,,https://gidstats.com/fighters/lawrence_lance.html,Lance Lawrence,,,33,name+opponents(1)+age,14,2016-02-06,2025-06-13,0,2026-10-07
,Aaron Jeffery,dwcs,gidstats,https://gidstats.com/fighters/aaron_jeffery.html,,https://gidstats.com/fighters/aaron_jeffery.html,Aaron Jeffery,,,33,name+opponents(2)+age,22,2014-10-11,2025-06-27,0,2026-10-07
,Ramazan Kuramagomedov,dwcs,gidstats,https://gidstats.com/fighters/kuramagomedov_ramazan.html,,https://gidstats.com/fighters/kuramagomedov_ramazan.html,Ramazan Kuramagomedov,,,30,name+opponents(1)+age,14,2014-08-30,2026-02-07,0,2026-10-07
,J.J. Okanovich,dwcs,gidstats,https://gidstats.com/fighters/jj_okanovich.html,,https://gidstats.com/fighters/jj_okanovich.html,JJ Okanovich,,,35,name+opponents(1)+age,11,2015-05-30,2021-11-14,0,2026-10-07
,Christian Lohsen,dwcs,gidstats,https://gidstats.com/fighters/christian_lohsen.html,,https://gidstats.com/fighters/christian_lohsen.html,Christian Lohsen,,,31,name+opponents(1)+age,12,2017-02-24,2022-12-02,0,2026-10-07
,Rico Farrington,dwcs,gidstats,https://gidstats.com/fighters/farrington_rico.html,,https://gidstats.com/fighters/farrington_rico.html,Rico Farrington,,,37,name+opponents(1)+age,11,2013-05-24,2020-10-30,1,2026-10-07
,Michal Martínek,dwcs,gidstats,https://gidstats.com/fighters/martnek_michal.html,,https://gidstats.com/fighters/martnek_michal.html,Michal Martínek,,,36,name+opponents(1)+age,20,2016-09-24,2026-06-20,0,2026-10-07
,Harvey Park,dwcs,gidstats,https://gidstats.com/fighters/park_harvey.html,,https://gidstats.com/fighters/park_harvey.html,Harvey Park,,,40,name+opponents(1)+age,15,2014-11-01,2019-08-06,0,2026-10-07
,Lucrezia Ria,dwcs,gidstats,https://gidstats.com/fighters/ria_lucrezia.html,,https://gidstats.com/fighters/ria_lucrezia.html,Lucrezia Ria,,,34,name+opponents(1)+age,12,2015-12-05,2022-04-09,0,2026-10-07
,Marilia Santos,dwcs,gidstats,https://gidstats.com/fighters/santos_marilia.html,,https://gidstats.com/fighters/santos_marilia.html,Marilia Santos,,,33,name+opponents(1)+age,14,2013-06-01,2019-10-04,0,2026-10-07
,Taylor Johnson,dwcs,gidstats,https://gidstats.com/fighters/taylor_johnson.html,,https://gidstats.com/fighters/taylor_johnson.html,Taylor Johnson,,,35,name+opponents(1)+age,13,2016-07-30,2023-06-08,0,2026-10-07
,Dwight Joseph,dwcs,gidstats,https://gidstats.com/fighters/joseph_dwight.html,,https://gidstats.com/fighters/joseph_dwight.html,Dwight Joseph,,,37,name+opponents(1)+age,19,2014-12-13,2025-10-18,0,2026-10-07
,Herdem Alacabek,dwcs,gidstats,https://gidstats.com/fighters/alacabek_herdem.html,,https://gidstats.com/fighters/alacabek_herdem.html,Herdem Alacabek,,,35,name+opponents(1)+age,6,2014-11-22,2019-08-13,0,2026-10-07
,Devin Smyth,dwcs,gidstats,https://gidstats.com/fighters/smyth_devin.html,,https://gidstats.com/fighters/smyth_devin.html,Devin Smyth,,,31,name+opponents(1)+age,15,2016-05-14,2024-02-23,0,2026-10-07
,Julius Anglickas,dwcs,gidstats,https://gidstats.com/fighters/anglickas_julius.html,,https://gidstats.com/fighters/anglickas_julius.html,Julius Anglickas,,,35,name+opponents(1)+age,14,2016-01-30,2023-03-10,0,2026-10-07
,Philip Rowe,dwcs,gidstats,https://gidstats.com/fighters/philip_rowe.html,,https://gidstats.com/fighters/philip_rowe.html,Philip Rowe,,,36,name+opponents(1)+age,18,2014-10-11,2026-02-21,8,2026-10-07
,Marcos Brigagão,dwcs,gidstats,https://gidstats.com/fighters/brigagao_marcos.html,,https://gidstats.com/fighters/brigagao_marcos.html,Marcos Brigagao,,,30,name+opponents(1)+age,24,2017-06-17,2023-09-15,0,2026-10-07
,Desmond Torres,dwcs,gidstats,https://gidstats.com/fighters/torres_desmond.html,,https://gidstats.com/fighters/torres_desmond.html,Desmond Torres,,,29,name+opponents(1)+age,10,2017-04-08,2020-08-28,0,2026-10-07
,Micol Di Segni,dwcs,gidstats,https://gidstats.com/fighters/di_segni_micol.html,,https://gidstats.com/fighters/di_segni_micol.html,Micol Di Segni,,,38,name+opponents(1)+age,15,2015-10-03,2023-07-29,0,2026-10-07
,Ricky Steele,dwcs,gidstats,https://gidstats.com/fighters/steele_ricky.html,,https://gidstats.com/fighters/steele_ricky.html,Ricky Steele,,,38,name+opponents(1)+age,11,2013-05-18,2023-02-03,0,2026-10-07
,Phil Caracappa,dwcs,gidstats,https://gidstats.com/fighters/caracappa_phil.html,,https://gidstats.com/fighters/caracappa_phil.html,Phil Caracappa,,,34,name+opponents(1)+age,13,2017-02-24,2023-02-18,0,2026-10-07
,Teddy Ash,dwcs,gidstats,https://gidstats.com/fighters/ash_teddy.html,,https://gidstats.com/fighters/ash_teddy.html,Teddy Ash,,,36,name+opponents(1)+age,19,2013-03-23,2019-08-27,0,2026-10-07
,Kailan Hill,dwcs,gidstats,https://gidstats.com/fighters/hill_kailan.html,,https://gidstats.com/fighters/hill_kailan.html,Kailan Hill,,,31,name+opponents(1)+age,7,2017-01-07,2020-11-07,0,2026-10-07
,Sang Hoon Yoo,dwcs,gidstats,https://gidstats.com/fighters/hoon_yoo_sang.html,,https://gidstats.com/fighters/hoon_yoo_sang.html,Sang Hoon Yoo,,,36,name+opponents(1)+age,10,2017-02-19,2023-05-28,0,2026-10-07
,Dustin Joynson,dwcs,gidstats,https://gidstats.com/fighters/dustin_joynson.html,,https://gidstats.com/fighters/dustin_joynson.html,Dustin Joynson,,,40,name+opponents(1)+age,10,2014-05-16,2023-07-14,0,2026-10-07
,T.J. Brown,dwcs,gidstats,https://gidstats.com/fighters/tj_brown.html,,https://gidstats.com/fighters/tj_brown.html,TJ Brown,,,36,name+opponents(1)+age,28,2013-11-09,2023-10-14,0,2026-10-07
,Dylan Lockard,dwcs,gidstats,https://gidstats.com/fighters/lockard_dylan.html,,https://gidstats.com/fighters/lockard_dylan.html,Dylan Lockard,,,34,name+opponents(1)+age,9,2016-08-12,2023-06-16,0,2026-10-07
,Ty Flores,dwcs,gidstats,https://gidstats.com/fighters/ty_flores.html,,https://gidstats.com/fighters/ty_flores.html,Ty Flores,,,32,name+opponents(1)+age,18,2015-05-16,2023-08-04,0,2026-10-07
,Mikey Gonzalez,dwcs,gidstats,https://gidstats.com/fighters/gonzalez_mikey.html,,https://gidstats.com/fighters/gonzalez_mikey.html,Mikey Gonzalez,,,41,name+opponents(1)+age,11,2014-05-03,2023-03-18,10,2026-10-07
,Brady Huang,dwcs,gidstats,https://gidstats.com/fighters/huang_brady.html,,https://gidstats.com/fighters/huang_brady.html,Brady Huang,,,33,name+opponents(1)+age,17,2016-11-12,2023-03-25,0,2026-10-07
,Daniel Swain,dwcs,gidstats,https://gidstats.com/fighters/swain_daniel.html,,https://gidstats.com/fighters/swain_daniel.html,Daniel Swain,,,35,name+opponents(1)+age,32,2010-11-06,2021-05-14,7,2026-10-07
,Cheyanne Buys,dwcs,sherdog,https://www.sherdog.com/fighter/Cheyanne-Vlismas-152049,https://www.sherdog.com/fighter/Cheyanne-Vlismas-152049,,Cheyanne Vlismas,,1995-06-25,,dwcs_url+name+dob,10,2018-03-09,2022-12-17,,2026-10-07
,Hilarie Rose,dwcs,gidstats,https://gidstats.com/fighters/hilarie_rose.html,,https://gidstats.com/fighters/hilarie_rose.html,Hilarie Rose,,,33,name+age,19,2018-02-02,2026-07-18,1,2026-10-07
,Matt Dixon,dwcs,gidstats,https://gidstats.com/fighters/dixon_matt.html,,https://gidstats.com/fighters/dixon_matt.html,Matt Dixon,,,30,name+opponents(1)+age,11,2017-09-23,2023-04-14,0,2026-10-07
,Chad Johnson,dwcs,gidstats,https://gidstats.com/fighters/chad_johnson.html,,https://gidstats.com/fighters/chad_johnson.html,Chad Johnson,,,40,name+opponents(1)+age,10,2017-12-02,2022-03-25,0,2026-10-07
,Kenny Cross,dwcs,gidstats,https://gidstats.com/fighters/cross_kenneth.html,,https://gidstats.com/fighters/cross_kenneth.html,Kenneth Cross,,,32,alias+opponents(1)+age,17,2016-03-26,2023-04-21,0,2026-10-07
,Jhonoven Pati,dwcs,gidstats,https://gidstats.com/fighters/jhonoven_pati.html,,https://gidstats.com/fighters/jhonoven_pati.html,Jhonoven Pati,,,36,name+opponents(1)+age,14,2013-09-28,2023-04-30,0,2026-10-07
,Rafael Alves,dwcs,gidstats,https://gidstats.com/fighters/rafael_alves.html,,https://gidstats.com/fighters/rafael_alves.html,Rafael Alves,,,35,name+opponents(1)+age,32,2007-09-13,2023-02-25,0,2026-10-07
,Alejandro Flores,dwcs,gidstats,https://gidstats.com/fighters/alejandro_flores.html,,https://gidstats.com/fighters/alejandro_flores.html,Alejandro Flores,,,35,name+opponents(1)+age,26,2013-10-05,2023-04-01,0,2026-10-07
,Jacob Silva,dwcs,gidstats,https://gidstats.com/fighters/jacob_silva.html,,https://gidstats.com/fighters/jacob_silva.html,Jacob Silva,,,38,name+opponents(2)+age,23,2014-11-14,2025-01-12,0,2026-10-07
,Collin Huckbody,dwcs,gidstats,https://gidstats.com/fighters/collin_huckbody.html,,https://gidstats.com/fighters/collin_huckbody.html,Collin Huckbody,,,32,name+opponents(1)+age,18,2017-03-18,2023-09-22,0,2026-10-07
,Kyron Bowen,dwcs,gidstats,https://gidstats.com/fighters/kyron_bowen.html,,https://gidstats.com/fighters/kyron_bowen.html,Kyron Bowen,,,32,name+opponents(1)+age,19,2017-01-07,2024-09-14,0,2026-10-07
,Nate Smith,dwcs,gidstats,https://gidstats.com/fighters/nate_smith.html,,https://gidstats.com/fighters/nate_smith.html,Nate Smith,,,31,name+opponents(1)+age,13,2017-09-29,2024-09-20,0,2026-10-07
,Chase Gibson,dwcs,gidstats,https://gidstats.com/fighters/gibson_chase.html,,https://gidstats.com/fighters/gibson_chase.html,Chase Gibson,,,36,name+opponents(1)+age,20,2014-12-04,2024-05-17,0,2026-10-07
,Al Matavao,dwcs,gidstats,https://gidstats.com/fighters/al_matavao.html,,https://gidstats.com/fighters/al_matavao.html,Al Matavao,,,32,name+opponents(1)+age,16,2015-03-04,2023-04-15,0,2026-10-07
,Sherrard Blackledge,dwcs,gidstats,https://gidstats.com/fighters/blackledge_sherrard.html,,https://gidstats.com/fighters/blackledge_sherrard.html,Sherrard Blackledge,,,33,name+opponents(2)+age,6,2018-11-02,2020-11-17,0,2026-10-07
,Cameron Church,dwcs,gidstats,https://gidstats.com/fighters/church_cameron.html,,https://gidstats.com/fighters/church_cameron.html,Cameron Church,,,36,name+opponents(1)+age,5,2019-04-05,2020-09-08,0,2026-10-07
,Khadzimurat Bestaev,dwcs,gidstats,https://gidstats.com/fighters/khadzhimurat_bestaev.html,,https://gidstats.com/fighters/khadzhimurat_bestaev.html,Khadzhimurat Bestaev,,,38,alias+opponents(1)+age,17,2013-08-25,2023-11-03,0,2026-10-07
,Henrique Shiguemoto,dwcs,gidstats,https://gidstats.com/fighters/shiguemoto_henrique.html,,https://gidstats.com/fighters/shiguemoto_henrique.html,Henrique Shiguemoto,,,37,name+opponents(1)+age,23,2007-07-20,2026-01-09,0,2026-10-07
,Muhammadjon Naimov,dwcs,gidstats,https://gidstats.com/fighters/muhammadjon_naimov.html,,https://gidstats.com/fighters/muhammadjon_naimov.html,Muhammadjon Naimov,,,32,name+opponents(1)+age,17,2018-11-01,2025-12-06,0,2026-10-07
,Korey Kuppe,dwcs,gidstats,https://gidstats.com/fighters/kuppe_korey.html,,https://gidstats.com/fighters/kuppe_korey.html,Korey Kuppe,,,37,name+opponents(1)+age,17,2013-11-16,2023-08-23,0,2026-10-07
,Taneisha Tennant,dwcs,gidstats,https://gidstats.com/fighters/taneisha_tennant.html,,https://gidstats.com/fighters/taneisha_tennant.html,Taneisha Tennant,,,37,name+opponents(1)+age,9,2019-05-31,2023-01-18,1,2026-10-07
,Kyle Driscoll,dwcs,gidstats,https://gidstats.com/fighters/kyle_driscoll.html,,https://gidstats.com/fighters/kyle_driscoll.html,Kyle Driscoll,,,32,name+opponents(1)+age,19,2016-04-22,2025-08-01,1,2026-10-07
,Dinis Paiva,dwcs,gidstats,https://gidstats.com/fighters/paiva_dinis.html,,https://gidstats.com/fighters/paiva_dinis.html,Dinis Paiva,,,38,name+opponents(1)+age,22,2011-06-10,2021-04-30,1,2026-10-07
,Carlos Ulberg,dwcs,gidstats,https://gidstats.com/fighters/carlos_ulberg.html,,https://gidstats.com/fighters/carlos_ulberg.html,Carlos Ulberg,,,30,"name+opponents(1) AGE_CONFLICT(gid 30, dob 1990-11-17)",14,2011-08-26,2025-09-27,4,2026-10-07
,Bruno Oliveira,dwcs,gidstats,https://gidstats.com/fighters/bruno_oliveira.html,,https://gidstats.com/fighters/bruno_oliveira.html,Bruno Oliveira,,,42,name+opponents(1)+age,12,2011-11-26,2022-07-08,0,2026-10-07
,Edson Gomez,dwcs,gidstats,https://gidstats.com/fighters/edson_gomez.html,,https://gidstats.com/fighters/edson_gomez.html,Edson Gomez,,,35,name+opponents(1)+age,8,2015-08-15,2020-11-04,0,2026-10-07
,Vince Murdock,dwcs,gidstats,https://gidstats.com/fighters/vince_murdock.html,,https://gidstats.com/fighters/vince_murdock.html,Vince Murdock,,,35,name+opponents(1)+age,20,2012-11-17,2022-02-05,0,2026-10-07
,Mário Sousa,dwcs,gidstats,https://gidstats.com/fighters/mario_souza.html,,https://gidstats.com/fighters/mario_souza.html,Mario Sousa,,,29,name+opponents(3)+age,21,2016-08-28,2023-05-12,1,2026-10-07
,Mariusz Książkiewicz,dwcs,gidstats,https://gidstats.com/fighters/mariusz_ksiazkiewicz.html,,https://gidstats.com/fighters/mariusz_ksiazkiewicz.html,Mariusz Ksiazkiewicz,,,37,name+opponents(1)+age,13,2011-05-13,2024-04-13,0,2026-10-07
,Shaheen Santana,dwcs,gidstats,https://gidstats.com/fighters/shaheen_santana.html,,https://gidstats.com/fighters/shaheen_santana.html,Shaheen Santana,,,35,name+opponents(1)+age,14,2016-06-24,2026-01-16,0,2026-10-07
,Stephanie Frausto,dwcs,gidstats,https://gidstats.com/fighters/stephanie_frausto.html,,https://gidstats.com/fighters/stephanie_frausto.html,Stephanie Frausto,,,36,name+opponents(1)+age,17,2010-01-10,2021-12-03,0,2026-10-07
,Danny Sabatello,dwcs,gidstats,https://gidstats.com/fighters/danny_sabatello.html,,https://gidstats.com/fighters/danny_sabatello.html,Danny Sabatello,,,33,name+opponents(1)+age,20,2018-07-21,2025-05-04,0,2026-10-07
,Taylor Moore,dwcs,gidstats,https://gidstats.com/fighters/taylor_moore.html,,https://gidstats.com/fighters/taylor_moore.html,Taylor Moore,,,32,name+opponents(1)+age,18,2015-09-12,2022-07-16,0,2026-10-07
,Oscar Ivan Cota,dwcs,sherdog,https://www.sherdog.com/fighter/Oscar-Cota-105241,https://www.sherdog.com/fighter/Oscar-Cota-105241,,Oscar Cota,,1984-10-15,,dwcs_url+name+dob,15,2011-12-03,2020-11-17,,2026-10-07
,Pauline Macias,dwcs,gidstats,https://gidstats.com/fighters/pauline_macias.html,,https://gidstats.com/fighters/pauline_macias.html,Pauline Macias,,,38,name+opponents(1)+age,6,2018-06-16,2021-10-22,0,2026-10-07
,Chelsea Hackett,dwcs,gidstats,https://gidstats.com/fighters/chelsea_hackett.html,,https://gidstats.com/fighters/chelsea_hackett.html,Chelsea Hackett,,,26,name+opponents(1)+age,9,2019-05-25,2026-04-16,0,2026-10-07
,Matheus Scheffel,dwcs,gidstats,https://gidstats.com/fighters/matheus_scheffel.html,,https://gidstats.com/fighters/matheus_scheffel.html,Matheus Scheffel,,,33,name+opponents(1)+age,32,2012-02-11,2025-07-19,0,2026-10-07
,Leonardo Damiani,dwcs,gidstats,https://gidstats.com/fighters/leonardo_damiani.html,,https://gidstats.com/fighters/leonardo_damiani.html,Leonardo Damiani,,,31,"name+opponents(1) AGE_CONFLICT(gid 31, dob 1990-08-30)",21,2016-11-20,2024-09-14,0,2026-10-07
,Logan Urban,dwcs,gidstats,https://gidstats.com/fighters/logan_urban.html,,https://gidstats.com/fighters/logan_urban.html,Logan Urban,,,32,name+opponents(1)+age,9,2018-03-17,2023-02-17,0,2026-10-07
,José Alday,dwcs,gidstats,https://gidstats.com/fighters/jos_alday.html,,https://gidstats.com/fighters/jos_alday.html,José Alday,,,35,name+opponents(1)+age,22,2013-11-30,2022-02-06,0,2026-10-07
,Jailton Almeida,dwcs,gidstats,https://gidstats.com/fighters/jailton_junior.html,,https://gidstats.com/fighters/jailton_junior.html,Jailton Almeida,,,35,name+opponents(1)+age,27,2012-09-29,2026-02-07,6,2026-10-07
,Nasrudin Nasrudinov,dwcs,gidstats,https://gidstats.com/fighters/nasrudin_nasrudinov.html,,https://gidstats.com/fighters/nasrudin_nasrudinov.html,Nasrudin Nasrudinov,,,35,name+opponents(1)+age,13,2013-06-30,2024-09-26,0,2026-10-07
,Mo Miller,dwcs,gidstats,https://gidstats.com/fighters/mo_miller.html,,https://gidstats.com/fighters/mo_miller.html,Mo Miller,,,34,name+opponents(1)+age,12,2019-08-03,2024-10-06,0,2026-10-07
,Brandon Lewis,dwcs,gidstats,https://gidstats.com/fighters/brandon_lewis.html,,https://gidstats.com/fighters/brandon_lewis.html,Brandon Lewis,,,29,name+opponents(2)+age,10,2016-07-22,2024-03-08,0,2026-10-07
,Caio Bittencourt,dwcs,gidstats,https://gidstats.com/fighters/caio_bittencourt.html,,https://gidstats.com/fighters/caio_bittencourt.html,Caio Bittencourt,,,35,name+opponents(1)+age,28,2008-06-20,2026-04-12,0,2026-10-07
,Łukasz Brzeski,dwcs,gidstats,https://gidstats.com/fighters/lucas_brzeski.html,,https://gidstats.com/fighters/lucas_brzeski.html,Lucas Brzeski,,,34,alias+opponents(1)+age,18,2013-04-18,2025-07-19,0,2026-10-07
,Dylan Potter,dwcs,gidstats,https://gidstats.com/fighters/dylan_potter.html,,https://gidstats.com/fighters/dylan_potter.html,Dylan Potter,,,31,name+age,18,2015-09-26,2024-03-08,0,2026-10-07
,Hashem Arkhagha,dwcs,gidstats,https://gidstats.com/fighters/hashem_arkhagha.html,,https://gidstats.com/fighters/hashem_arkhagha.html,Hashem Arkhagha,,,37,name+opponents(1)+age,7,2010-12-08,2021-09-21,0,2026-10-07
,Theo Rlayang,dwcs,gidstats,https://gidstats.com/fighters/theo_rlayang.html,,https://gidstats.com/fighters/theo_rlayang.html,Theo Rlayang,,,32,name+opponents(1)+age,6,2020-02-01,2021-09-21,0,2026-10-07
,Santo Curatolo,dwcs,gidstats,https://gidstats.com/fighters/santo_curatolo.html,,https://gidstats.com/fighters/santo_curatolo.html,Santo Curatolo,,,31,name+opponents(1)+age,10,2017-08-05,2022-10-08,0,2026-10-07
,Łukasz Sudolski,dwcs,gidstats,https://gidstats.com/fighters/lukasz_sudolski.html,,https://gidstats.com/fighters/lukasz_sudolski.html,Lukasz Sudolski,,,33,alias+opponents(1)+age,13,2013-01-26,2023-09-16,0,2026-10-07
,Edivan Santos,dwcs,gidstats,https://gidstats.com/fighters/edivan_santos.html,,https://gidstats.com/fighters/edivan_santos.html,Edivan Santos,,,34,name+opponents(1)+age,27,2016-07-16,2024-11-22,0,2026-10-07
,Shimon Smotritsky,dwcs,gidstats,https://gidstats.com/fighters/shimon_smotritsky.html,,https://gidstats.com/fighters/shimon_smotritsky.html,Shimon Smotritsky,,,26,name+opponents(2)+age,14,2016-12-20,2025-01-12,0,2026-10-07
,Shonte Barnes,dwcs,gidstats,https://gidstats.com/fighters/shonte_barnes.html,,https://gidstats.com/fighters/shonte_barnes.html,Shonte Barnes,,,39,name+opponents(1)+age,9,2016-08-27,2021-10-05,0,2026-10-07
,Patrik White,dwcs,gidstats,https://gidstats.com/fighters/patrik_white.html,,https://gidstats.com/fighters/patrik_white.html,Patrik White,,,33,name+opponents(1)+age,13,2016-03-16,2022-11-11,0,2026-10-07
,Reyes Cortez,dwcs,gidstats,https://gidstats.com/fighters/reyes_cortez.html,,https://gidstats.com/fighters/reyes_cortez.html,Reyes Cortez,,,34,name+opponents(2)+age,11,2017-08-12,2024-08-02,0,2026-10-07
,Lorenzo Hood,dwcs,gidstats,https://gidstats.com/fighters/lorenzo_hood.html,,https://gidstats.com/fighters/lorenzo_hood.html,Lorenzo Hood,,,37,name+opponents(1)+age,20,2009-02-14,2021-10-12,2,2026-10-07
,Maria Silva,dwcs,gidstats,https://gidstats.com/fighters/maria_silva.html,,https://gidstats.com/fighters/maria_silva.html,Maria Silva,,,30,name+opponents(2)+age,12,2013-12-13,2024-07-20,0,2026-10-07
,Kathryn Paprocki,dwcs,gidstats,https://gidstats.com/fighters/kathryn_paprocki.html,,https://gidstats.com/fighters/kathryn_paprocki.html,Kathryn Paprocki,,,33,name+opponents(1)+age,7,2018-10-13,2022-09-09,3,2026-10-07
,Solomon Renfro,dwcs,gidstats,https://gidstats.com/fighters/solomon_renfro.html,,https://gidstats.com/fighters/solomon_renfro.html,Solomon Renfro,,,29,name+opponents(1)+age,17,2017-08-05,2024-06-21,0,2026-10-07
,Valesca Machado,dwcs,gidstats,https://gidstats.com/fighters/valesca_machado.html,,https://gidstats.com/fighters/valesca_machado.html,Valesca Machado,,,30,name+opponents(1)+age,20,2016-01-30,2024-12-13,1,2026-10-07
,Jesse Murray,dwcs,gidstats,https://gidstats.com/fighters/jesse_murray.html,,https://gidstats.com/fighters/jesse_murray.html,Jesse Murray,,,33,name+opponents(1)+age,15,2014-08-08,2023-11-03,0,2026-10-07
,Kaloyan Kolev,dwcs,gidstats,https://gidstats.com/fighters/kaloyan_kolev.html,,https://gidstats.com/fighters/kaloyan_kolev.html,Kaloyan Kolev,,,33,name+opponents(1)+age,14,2016-06-18,2025-07-12,2,2026-10-07
,James Barnes,dwcs,gidstats,https://gidstats.com/fighters/james_barnes.html,,https://gidstats.com/fighters/james_barnes.html,James Barnes,,,44,name+opponents(1),19,2014-04-05,2021-10-19,1,2026-10-07
,Jansey Silva,dwcs,gidstats,https://gidstats.com/fighters/jansey_silva.html,,https://gidstats.com/fighters/jansey_silva.html,Jansey Silva,,,31,name+opponents(1)+age,11,2017-08-05,2023-03-10,3,2026-10-07
,Cristian Quiñonez,dwcs,sherdog,https://www.sherdog.com/fighter/Cristian-Quinonez-164995,https://www.sherdog.com/fighter/Cristian-Quinonez-164995,,Cristian Quinonez,,1996-04-21,,dwcs_url+name+dob,24,2013-08-02,2026-02-28,,2026-10-07
,Oron Kahlon,dwcs,gidstats,https://gidstats.com/fighters/oron_kahlon.html,,https://gidstats.com/fighters/oron_kahlon.html,Oron Kahlon,,,41,"name+opponents(1) AGE_CONFLICT(gid 41, dob 1981-01-03)",20,2005-10-19,2022-12-15,0,2026-10-07
,Qihui Yan,dwcs,gidstats,https://gidstats.com/fighters/qihui_yan.html,,https://gidstats.com/fighters/qihui_yan.html,Qihui Yan,,,,name+opponents(1),29,2016-07-27,2024-05-19,0,2026-10-07
,Kolton Englund,dwcs,gidstats,https://gidstats.com/fighters/kolton_englund.html,,https://gidstats.com/fighters/kolton_englund.html,Kolton Englund,,,33,name+opponents(1)+age,20,2014-06-13,2026-02-07,0,2026-10-07
,Olivier Murad,dwcs,gidstats,https://gidstats.com/fighters/olivier_murad.html,,https://gidstats.com/fighters/olivier_murad.html,Olivier Murad,,,32,name+opponents(1)+age,8,2018-03-17,2023-06-02,0,2026-10-07
,Xie Bin,dwcs,gidstats,https://gidstats.com/fighters/xie_bin.html,,https://gidstats.com/fighters/xie_bin.html,Xie Bin,,,28,name+opponents(1)+age,21,2016-07-01,2026-05-28,0,2026-10-07
,Hayisaer Maheshate,dwcs,gidstats,https://gidstats.com/fighters/maheshate.html,,https://gidstats.com/fighters/maheshate.html,Maheshate,,,26,alias+opponents(1)+age,16,2019-06-14,2026-07-25,0,2026-10-07
,Achilles Estremadura,dwcs,gidstats,https://gidstats.com/fighters/achilles_estremadura.html,,https://gidstats.com/fighters/achilles_estremadura.html,Achilles Estremadura,,,34,name+age,9,2015-05-30,2023-06-09,0,2026-10-07
,Justin Burlinson,dwcs,gidstats,https://gidstats.com/fighters/justin_burlinson.html,,https://gidstats.com/fighters/justin_burlinson.html,Justin Burlinson,,,29,name+opponents(1)+age,12,2017-08-19,2025-04-26,2,2026-10-07
,Erisson Ferreira da Silva,dwcs,gidstats,https://gidstats.com/fighters/erisson_ferreira.html,,https://gidstats.com/fighters/erisson_ferreira.html,Erisson Ferreira,,,35,alias+opponents(1)+age,12,2016-04-16,2021-11-02,0,2026-10-07
,Lun Qiu,dwcs,gidstats,https://gidstats.com/fighters/lun_qiu.html,,https://gidstats.com/fighters/lun_qiu.html,Lun Qiu,,,29,name+opponents(1)+age,30,2016-01-21,2024-05-04,0,2026-10-07
,Jonas Bilharinho,dwcs,gidstats,https://gidstats.com/fighters/jonas_bilharinho.html,,https://gidstats.com/fighters/jonas_bilharinho.html,Jonas Bilharinho,,,36,name+opponents(1)+age,15,2011-01-29,2024-05-17,0,2026-10-07
,Juan Puerta,dwcs,gidstats,https://gidstats.com/fighters/juan_puerta.html,,https://gidstats.com/fighters/juan_puerta.html,Juan Puerta,,,,name+opponents(1),35,2011-04-22,2025-07-19,1,2026-10-07
,Zhifa Shang,dwcs,gidstats,https://gidstats.com/fighters/zhifa_shang.html,,https://gidstats.com/fighters/zhifa_shang.html,Zhifa Shang,,,40,name+opponents(1)+age,47,2012-06-07,2023-07-09,0,2026-10-07
,Acácio dos Santos,dwcs,gidstats,https://gidstats.com/fighters/accio_dos_santos.html,,https://gidstats.com/fighters/accio_dos_santos.html,Acácio dos Santos,,,35,name+opponents(1)+age,21,2013-08-10,2023-05-27,2,2026-10-07
,Kaleio Romero,dwcs,gidstats,https://gidstats.com/fighters/kaleio_romero.html,,https://gidstats.com/fighters/kaleio_romero.html,Kaleio Romero,,,30,name+opponents(1)+age,8,2018-03-31,2022-07-26,1,2026-10-07
,Andres Luna Martinetti,dwcs,gidstats,https://gidstats.com/fighters/andres_luna_martinetti.html,,https://gidstats.com/fighters/andres_luna_martinetti.html,Andres Luna,,,31,alias+opponents(1)+age,15,2014-10-25,2023-05-18,0,2026-10-07
,Charlie Campbell,dwcs,gidstats,https://gidstats.com/fighters/charlie_campbell.html,,https://gidstats.com/fighters/charlie_campbell.html,Charlie Campbell,,,31,name+opponents(1)+age,12,2019-05-31,2025-09-27,2,2026-10-07
,Francis Marshall,dwcs,gidstats,https://gidstats.com/fighters/francis_marshall.html,,https://gidstats.com/fighters/francis_marshall.html,Francis Marshall,,,27,name+opponents(1)+age,12,2019-11-09,2026-02-28,0,2026-10-07
,Danilo Suzart,dwcs,gidstats,https://gidstats.com/fighters/danilo_suzart.html,,https://gidstats.com/fighters/danilo_suzart.html,Danilo Suzart,,,35,name+opponents(1)+age,13,2018-02-24,2023-07-15,0,2026-10-07
,Billy Goff,dwcs,gidstats,https://gidstats.com/fighters/billy_goff.html,,https://gidstats.com/fighters/billy_goff.html,Billy Goff,,,28,name+opponents(1)+age,13,2019-01-05,2025-05-31,0,2026-10-07
,Zachary Borrego,dwcs,gidstats,https://gidstats.com/fighters/zachary_borrego.html,,https://gidstats.com/fighters/zachary_borrego.html,Zachary Borrego,,,30,name+opponents(1)+age,11,2022-02-06,2024-07-12,0,2026-10-07
,Paulo Renato Jr.,dwcs,gidstats,https://gidstats.com/fighters/paulo_renato_jr.html,,https://gidstats.com/fighters/paulo_renato_jr.html,Paulo Renato Jr.,,,32,name+opponents(2)+age,15,2013-12-08,2023-08-15,1,2026-10-07
,Anvar Boynazarov,dwcs,gidstats,https://gidstats.com/fighters/anvar_boynazarov.html,,https://gidstats.com/fighters/anvar_boynazarov.html,Anvar Boynazarov,,,37,name+opponents(1)+age,5,2020-12-12,2023-03-04,13,2026-10-07
,Clayton Carpenter,dwcs,gidstats,https://gidstats.com/fighters/clayton_carpenter.html,,https://gidstats.com/fighters/clayton_carpenter.html,Clayton Carpenter,,,30,name+opponents(1)+age,10,2019-08-24,2025-10-11,0,2026-10-07
,Karolina Wójcik,dwcs,gidstats,https://gidstats.com/fighters/wjcik_karolina.html,,https://gidstats.com/fighters/wjcik_karolina.html,Karolina Wójcik,,,31,name+opponents(1)+age,18,2018-04-21,2024-09-28,0,2026-10-07
,Sandra Lavado,dwcs,gidstats,https://gidstats.com/fighters/sandra_lavado.html,,https://gidstats.com/fighters/sandra_lavado.html,Sandra Lavado,,,32,name+opponents(1)+age,18,2016-12-07,2024-09-20,0,2026-10-07
,Thomas Paull,dwcs,gidstats,https://gidstats.com/fighters/thomas_paull.html,,https://gidstats.com/fighters/thomas_paull.html,Thomas Paull,,,,name+opponents(1),20,2015-06-13,2025-11-15,0,2026-10-07
,Iván Valenzuela,dwcs,gidstats,https://gidstats.com/fighters/ivn_valenzuela.html,,https://gidstats.com/fighters/ivn_valenzuela.html,Iván Valenzuela,,,33,name+opponents(1)+age,12,2018-10-05,2024-03-24,0,2026-10-07
,Jack Cartwright,dwcs,gidstats,https://gidstats.com/fighters/jack_cartwright.html,,https://gidstats.com/fighters/jack_cartwright.html,Jack Cartwright,,,32,name+opponents(1)+age,16,2017-02-11,2026-03-28,0,2026-10-07
,Cláudia Leite,dwcs,gidstats,https://gidstats.com/fighters/cludia_leite.html,,https://gidstats.com/fighters/cludia_leite.html,Cláudia Leite,,,29,name+opponents(1)+age,13,2016-07-23,2025-02-22,0,2026-10-07
,Ahmad Suhail Hassanzada,dwcs,gidstats,https://gidstats.com/fighters/a_hassanzada.html,,https://gidstats.com/fighters/a_hassanzada.html,Ahmad Hassanzada,,,30,alias+opponents(1)+age,15,2016-04-08,2024-09-17,0,2026-10-07
,Eduardo Neves,dwcs,gidstats,https://gidstats.com/fighters/eduardo_neves.html,,https://gidstats.com/fighters/eduardo_neves.html,Eduardo Neves,,,26,name+opponents(2)+age,10,2019-12-20,2023-11-03,0,2026-10-07
,Amiran Gogoladze,dwcs,gidstats,https://gidstats.com/fighters/amiran_gogoladze.html,,https://gidstats.com/fighters/amiran_gogoladze.html,Amiran Gogoladze,,,28,name+opponents(1)+age,21,2014-10-19,2026-04-11,0,2026-10-07
,Jesus Santos Aguilar,dwcs,gidstats,https://gidstats.com/fighters/jesus_santos_aguilar.html,,https://gidstats.com/fighters/jesus_santos_aguilar.html,Jesus Aguilar,,,30,alias+opponents(1)+age,16,2015-08-07,2026-03-07,0,2026-10-07
,Erisson Ferreira,dwcs,gidstats,https://gidstats.com/fighters/erisson_ferreira.html,,https://gidstats.com/fighters/erisson_ferreira.html,Erisson Ferreira,,,35,name+opponents(1)+age,12,2016-04-16,2021-11-02,0,2026-10-07
,Josh Wang-Kim,dwcs,gidstats,https://gidstats.com/fighters/josh_wang-kim.html,,https://gidstats.com/fighters/josh_wang-kim.html,Josh Wang-Kim,,,33,name+opponents(1)+age,8,2020-01-11,2023-07-01,0,2026-10-07
,Rayanne Amanda,dwcs,gidstats,https://gidstats.com/fighters/rayanne_amanda.html,,https://gidstats.com/fighters/rayanne_amanda.html,Rayanne Amanda,,,31,name+opponents(1)+age,23,2015-12-05,2025-05-31,1,2026-10-07
,José Henrique,dwcs+card,gidstats,https://gidstats.com/fighters/jos_henrique.html,,https://gidstats.com/fighters/jos_henrique.html,Jose Henrique,,,24,name+opponents(2)+age,10,2019-11-16,2026-05-30,1,2026-10-07
,Matěj Peňáz,dwcs,gidstats,https://gidstats.com/fighters/matj_pez.html,,https://gidstats.com/fighters/matj_pez.html,Matej Penaz,,,29,name+opponents(1)+age,15,2020-05-16,2026-06-20,11,2026-10-07
,Rodrigo Lídio,dwcs,gidstats,https://gidstats.com/fighters/rodrigo_ldio.html,,https://gidstats.com/fighters/rodrigo_ldio.html,Rodrigo Lidio,,,37,name+opponents(1)+age,17,2014-12-14,2023-09-02,0,2026-10-07
,Viktoriya Dudakova,dwcs,gidstats,https://gidstats.com/fighters/viktoriya_dudakova.html,,https://gidstats.com/fighters/viktoriya_dudakova.html,Viktoriia Dudakova,,,,alias+opponents(1),11,2020-09-25,2026-01-11,0,2026-10-07
,Alex Morgan,dwcs,gidstats,https://gidstats.com/fighters/alex_morgan.html,,https://gidstats.com/fighters/alex_morgan.html,Alex Morgan,,,35,name+opponents(1)+age,22,2013-05-11,2024-11-15,1,2026-10-07
,Jimmy Lawson,dwcs,gidstats,https://gidstats.com/fighters/jimmy_lawson.html,,https://gidstats.com/fighters/jimmy_lawson.html,Jimmy Lawson,,,34,name+opponents(1)+age,6,2019-04-26,2022-09-06,0,2026-10-07
,Nariman Abbasov,dwcs,gidstats,https://gidstats.com/fighters/nariman_abbasov.html,,https://gidstats.com/fighters/nariman_abbasov.html,Nariman Abbasov,,,32,name+opponents(1)+age,34,2013-06-30,2023-11-04,0,2026-10-07
,Nayara Maia,dwcs,gidstats,https://gidstats.com/fighters/nayara_maia.html,,https://gidstats.com/fighters/nayara_maia.html,Nayara Maia,,,36,name+opponents(1)+age,10,2018-12-08,2024-09-20,0,2026-10-07
,Allan Begosso,dwcs,gidstats,https://gidstats.com/fighters/allan_begosso.html,,https://gidstats.com/fighters/allan_begosso.html,Allan Begosso,,,30,name+opponents(1)+age,15,2014-09-20,2026-03-28,0,2026-10-07
,Malik Lewis,dwcs,gidstats,https://gidstats.com/fighters/malik_lewis.html,,https://gidstats.com/fighters/malik_lewis.html,Malik Lewis,,,30,name+opponents(2)+age,10,2020-03-06,2025-01-12,0,2026-10-07
,Leon Aliu,dwcs,gidstats,https://gidstats.com/fighters/leon_aliu.html,,https://gidstats.com/fighters/leon_aliu.html,Leon Aliu,,,37,name+opponents(1)+age,17,2016-04-24,2026-03-13,0,2026-10-07
,Mando Gutierrez,dwcs,gidstats,https://gidstats.com/fighters/mando_gutierrez.html,,https://gidstats.com/fighters/mando_gutierrez.html,Mando Gutierrez,,,29,name+opponents(1)+age,16,2019-09-07,2025-06-20,1,2026-10-07
,Richard Jacobi,dwcs,gidstats,https://gidstats.com/fighters/richard_jacobi.html,,https://gidstats.com/fighters/richard_jacobi.html,Richard Jacobi,,,33,name+opponents(1)+age,10,2021-08-21,2023-11-03,1,2026-10-07
,Nurullo Aliev,dwcs,gidstats,https://gidstats.com/fighters/nurullo_aliev.html,,https://gidstats.com/fighters/nurullo_aliev.html,Nurullo Aliev,,,25,name+opponents(1)+age,11,2018-02-03,2025-11-22,0,2026-10-07
,Josh Wick,dwcs,gidstats,https://gidstats.com/fighters/josh_wick.html,,https://gidstats.com/fighters/josh_wick.html,Josh Wick,,,32,name+opponents(1)+age,18,2013-12-14,2022-09-20,0,2026-10-07
,Roybert Echeverria,dwcs,gidstats,https://gidstats.com/fighters/roybert_echeverria.html,,https://gidstats.com/fighters/roybert_echeverria.html,Roybert Echeverria,,,31,name+opponents(1)+age,9,2020-09-25,2023-09-15,1,2026-10-07
,Donovan Beard,dwcs,gidstats,https://gidstats.com/fighters/donovan_beard.html,,https://gidstats.com/fighters/donovan_beard.html,Donovan Beard,,,36,name+opponents(1)+age,10,2020-11-13,2023-04-20,0,2026-10-07
,Vinicius Cenci,dwcs,gidstats,https://gidstats.com/fighters/vinicius_cenci.html,,https://gidstats.com/fighters/vinicius_cenci.html,Vinicius Cenci,,,30,name+opponents(1)+age,15,2016-12-18,2025-10-03,0,2026-10-07
,Jack Jenkins,dwcs,gidstats,https://gidstats.com/fighters/jack_jenkins.html,,https://gidstats.com/fighters/jack_jenkins.html,Jack Jenkins,,,32,name+opponents(1)+age,18,2016-06-17,2025-09-27,0,2026-10-07
,Freddy Emiliano Linares,dwcs,gidstats,https://gidstats.com/fighters/f_linares.html,,https://gidstats.com/fighters/f_linares.html,Freddy Linares,,,29,alias+opponents(1)+age,11,2019-07-13,2023-02-17,0,2026-10-07
,Rafael Ramos Estevam,dwcs,gidstats,https://gidstats.com/fighters/rafael_ramos.html,,https://gidstats.com/fighters/rafael_ramos.html,Rafael Estevam,,,29,alias+opponents(1)+age,14,2015-06-26,2025-08-02,0,2026-10-07
,João Elias,dwcs,gidstats,https://gidstats.com/fighters/joo_elias.html,,https://gidstats.com/fighters/joo_elias.html,João Elias,,,31,name+opponents(1)+age,23,2013-03-23,2022-09-27,0,2026-10-07
,Mateus Mendonça,dwcs,gidstats,https://gidstats.com/fighters/mateus_mendona.html,,https://gidstats.com/fighters/mateus_mendona.html,Mateus Mendonça,,,27,name+opponents(1)+age,13,2019-07-13,2024-02-24,0,2026-10-07
,Ashiek Ajim,dwcs,gidstats,https://gidstats.com/fighters/ashiek_ajim.html,,https://gidstats.com/fighters/ashiek_ajim.html,Ashiek Ajim,,,32,name+opponents(1),12,2019-05-31,2024-08-02,0,2026-10-07
,Bogdan Grad,dwcs,gidstats,https://gidstats.com/fighters/bogdan_grad.html,,https://gidstats.com/fighters/bogdan_grad.html,Bogdan Grad,,,31,name+opponents(2)+age,19,2019-02-02,2025-11-22,0,2026-10-07
,Kevin Szaflarski,dwcs,gidstats,https://gidstats.com/fighters/kevin_szaflarski.html,,https://gidstats.com/fighters/kevin_szaflarski.html,Kevin Szaflarski,,,31,name+opponents(1)+age,13,2015-10-30,2023-08-08,0,2026-10-07
,Victor Dias,dwcs,gidstats,https://gidstats.com/fighters/victor_dias.html,,https://gidstats.com/fighters/victor_dias.html,Victor Dias,,,,name+opponents(1),16,2017-03-25,2024-09-13,0,2026-10-07
,Abdul-Kerim Al-Selwady,dwcs,gidstats,https://gidstats.com/fighters/a_al-selwady.html,,https://gidstats.com/fighters/a_al-selwady.html,Abdul-Kareem Al-Selwady,,,31,alias+opponents(1)+age,20,2012-09-07,2026-03-21,3,2026-10-07
,George Hardwick,dwcs,gidstats,https://gidstats.com/fighters/george_hardwick.html,,https://gidstats.com/fighters/george_hardwick.html,George Hardwick,,,29,name+opponents(1)+age,18,2017-08-19,2025-12-06,0,2026-10-07
,Emrah Sonmez,dwcs,gidstats,https://gidstats.com/fighters/emrah_sonmez.html,,https://gidstats.com/fighters/emrah_sonmez.html,Emrah Sonmez,,,34,name+opponents(1)+age,20,2013-10-05,2024-12-21,0,2026-10-07
,Janaína Silva,dwcs,gidstats,https://gidstats.com/fighters/janana_silva_1.html,,https://gidstats.com/fighters/janana_silva_1.html,Janaína Silva,,,34,name+opponents(1)+age,8,2019-08-31,2026-01-16,1,2026-10-07
,Zachary Reese,dwcs,gidstats,https://gidstats.com/fighters/zachary_reese.html,,https://gidstats.com/fighters/zachary_reese.html,Zachary Reese,,,32,name+opponents(1)+age,14,2021-04-10,2026-02-21,0,2026-10-07
,Eli Aronov,dwcs,gidstats,https://gidstats.com/fighters/eli_aronov.html,,https://gidstats.com/fighters/eli_aronov.html,Eli Aronov,,,30,name+opponents(1)+age,8,2018-07-07,2025-03-21,1,2026-10-07
,Kaik Brito,dwcs,gidstats,https://gidstats.com/fighters/kaik_brito.html,,https://gidstats.com/fighters/kaik_brito.html,Kaik Brito,,,29,name+opponents(2)+age,26,2015-09-12,2026-08-18,0,2026-10-07
,Josefine Lindgren Knutsson,dwcs,gidstats,https://gidstats.com/fighters/j_knutsson.html,,https://gidstats.com/fighters/j_knutsson.html,Josefine Knutsson,,,,alias+opponents(1),9,2021-03-06,2024-12-14,6,2026-10-07
,Isis Verbeek,dwcs,gidstats,https://gidstats.com/fighters/isis_verbeek.html,,https://gidstats.com/fighters/isis_verbeek.html,Isis Verbeek,,,31,name+opponents(1)+age,6,2018-11-16,2023-08-22,8,2026-10-07
,Robbie Ring,dwcs,gidstats,https://gidstats.com/fighters/robbie_ring.html,,https://gidstats.com/fighters/robbie_ring.html,Robbie Ring,,,26,name+opponents(1)+age,10,2021-01-30,2025-07-25,0,2026-10-07
,Marco Tulio Silva,dwcs,gidstats,https://gidstats.com/fighters/marco_tulio_silva.html,,https://gidstats.com/fighters/marco_tulio_silva.html,Marco Tulio,,,32,alias+opponents(1)+age,16,2017-06-10,2025-11-08,0,2026-10-07
,Timothy Cuamba,dwcs,gidstats,https://gidstats.com/fighters/timothy_cuamba.html,,https://gidstats.com/fighters/timothy_cuamba.html,Timothy Cuamba,,,27,name+opponents(1)+age,14,2020-12-17,2026-05-16,1,2026-10-07
,Mateo Vogel,dwcs,gidstats,https://gidstats.com/fighters/mateo_vogel.html,,https://gidstats.com/fighters/mateo_vogel.html,Mateo Vogel,,,30,name+opponents(1)+age,11,2018-03-16,2023-08-29,0,2026-10-07
,Chandler Cole,dwcs,gidstats,https://gidstats.com/fighters/cole_chandler.html,,https://gidstats.com/fighters/cole_chandler.html,Chandler Cole,,,31,name+opponents(1)+age,15,2016-08-13,2023-08-29,1,2026-10-07
,Dylan Salvador,dwcs,gidstats,https://gidstats.com/fighters/dylan_salvador.html,,https://gidstats.com/fighters/dylan_salvador.html,Dylan Salvador,,,33,name+opponents(1)+age,10,2019-04-26,2024-01-20,14,2026-10-07
,Brendson Ribeiro,dwcs,gidstats,https://gidstats.com/fighters/brendson_ribeiro.html,,https://gidstats.com/fighters/brendson_ribeiro.html,Brendson Ribeiro,,,30,name+opponents(1)+age,29,2015-07-10,2026-07-25,0,2026-10-07
,Chad Hanekom,dwcs,gidstats,https://gidstats.com/fighters/chad_hanekom.html,,https://gidstats.com/fighters/chad_hanekom.html,Chad Hanekom,,,36,name+opponents(1),12,2015-12-12,2023-09-05,0,2026-10-07
,Rainn Guerrero,dwcs,gidstats,https://gidstats.com/fighters/rainn_guerrero.html,,https://gidstats.com/fighters/rainn_guerrero.html,Rainn Guerrero,,,34,name+opponents(1)+age,7,2019-10-04,2023-09-05,0,2026-10-07
,Patricia Alujas,dwcs,gidstats,https://gidstats.com/fighters/patricia_alujas.html,,https://gidstats.com/fighters/patricia_alujas.html,Patricia Alujas,,,,name+opponents(1),12,2016-02-06,2023-09-12,0,2026-10-07
,Kasey Tanner,dwcs,gidstats,https://gidstats.com/fighters/kasey_tanner.html,,https://gidstats.com/fighters/kasey_tanner.html,Kasey Tanner,,,34,name+opponents(1)+age,10,2018-06-09,2025-10-25,1,2026-10-07
,Greg Velasco,dwcs,gidstats,https://gidstats.com/fighters/greg_velasco.html,,https://gidstats.com/fighters/greg_velasco.html,Greg Velasco,,,33,name+opponents(1)+age,8,2021-05-29,2024-04-12,0,2026-10-07
,Daniel James Allen,dwcs,gidstats,https://gidstats.com/fighters/daniel_james_allen.html,,https://gidstats.com/fighters/daniel_james_allen.html,Daniel James Allen,,,,name+opponents(1),5,2019-03-23,2023-09-19,0,2026-10-07
,JaCobi Jones,dwcs,gidstats,https://gidstats.com/fighters/jacobi_jones.html,,https://gidstats.com/fighters/jacobi_jones.html,Jacobi Jones,,,,name+opponents(1),12,2021-03-26,2026-03-13,0,2026-10-07
,Dylan Mantello,dwcs,gidstats,https://gidstats.com/fighters/dylan_mantello.html,,https://gidstats.com/fighters/dylan_mantello.html,Dylan Mantello,,,33,name+opponents(2)+age,13,2019-09-13,2025-03-22,0,2026-10-07
,Jhonata Silva,dwcs,gidstats,https://gidstats.com/fighters/jhonata_silva.html,,https://gidstats.com/fighters/jhonata_silva.html,Jhonata Silva,,,29,name+opponents(1)+age,11,2014-10-03,2024-05-02,0,2026-10-07
,Raheam Forest,dwcs,gidstats,https://gidstats.com/fighters/raheam_forest.html,,https://gidstats.com/fighters/raheam_forest.html,Raheam Forest,,,29,name+opponents(1)+age,12,2021-03-06,2025-10-10,0,2026-10-07
,Mario Piazzon,dwcs,gidstats,https://gidstats.com/fighters/mario_piazzon.html,,https://gidstats.com/fighters/mario_piazzon.html,Mario Piazzon,,,28,name+opponents(2)+age,13,2021-11-07,2026-03-20,0,2026-10-07
,Alexander Soldatkin,dwcs,gidstats,https://gidstats.com/fighters/alexander_soldatkin.html,,https://gidstats.com/fighters/alexander_soldatkin.html,Alexander Soldatkin,,,33,name+opponents(1)+age,21,2015-08-01,2025-07-27,1,2026-10-07
,Victor Hugo Madrigal,dwcs,gidstats,https://gidstats.com/fighters/victor_hugo_madrigal.html,,https://gidstats.com/fighters/victor_hugo_madrigal.html,Victor Hugo Madrigal,,,36,name+opponents(1)+age,16,2007-11-01,2023-09-26,0,2026-10-07
,Murtaza Talha,dwcs,gidstats,https://gidstats.com/fighters/murtaza_talha_ali.html,,https://gidstats.com/fighters/murtaza_talha_ali.html,Murtaza Talha Ali,,,30,alias+opponents(2)+age,9,2020-11-19,2025-08-12,0,2026-10-07
,Victor Hugo Silva,dwcs,gidstats,https://gidstats.com/fighters/victor_hugo_silva.html,,https://gidstats.com/fighters/victor_hugo_silva.html,Victor Hugo,,,33,alias+opponents(1)+age,32,2011-09-24,2025-10-23,0,2026-10-07
,Eduardo Matias Torres,dwcs,gidstats,https://gidstats.com/fighters/eduardo_matias_torres.html,,https://gidstats.com/fighters/eduardo_matias_torres.html,Eduardo Matias Torres,,,31,name+opponents(1)+age,22,2015-01-24,2025-12-11,0,2026-10-07
,Raimond Magomedaliev,dwcs,gidstats,https://gidstats.com/fighters/magomedaliev_raimond.html,,https://gidstats.com/fighters/magomedaliev_raimond.html,Raimond Magomedaliev,,,36,name+opponents(1)+age,12,2015-03-05,2023-10-03,0,2026-10-07
,Rickson Thai Zenidim,dwcs,gidstats,https://gidstats.com/fighters/rickson_thai_zenidim.html,,https://gidstats.com/fighters/rickson_thai_zenidim.html,Rickson Thai Zenidim,,,27,name+opponents(1)+age,16,2013-08-31,2023-10-10,2,2026-10-07
,Jair Farias,dwcs,gidstats,https://gidstats.com/fighters/jair_farias.html,,https://gidstats.com/fighters/jair_farias.html,Jair Farias,,,33,name+opponents(1)+age,11,2014-09-13,2023-10-10,0,2026-10-07
,Yuri Panferov,dwcs,gidstats,https://gidstats.com/fighters/yuri_panferov.html,,https://gidstats.com/fighters/yuri_panferov.html,Yuri Panferov,,,30,name+opponents(1)+age,9,2021-04-30,2024-11-09,3,2026-10-07
,Issa Isakov,dwcs,gidstats,https://gidstats.com/fighters/issa_isakov.html,,https://gidstats.com/fighters/issa_isakov.html,Issa Isakov,,,36,name+opponents(1)+age,13,2019-09-07,2023-10-10,0,2026-10-07
,Davi Bittencourt,dwcs,gidstats,https://gidstats.com/fighters/davi_costa.html,,https://gidstats.com/fighters/davi_costa.html,Davi Bittencourt,,,31,name+opponents(1)+age,18,2017-08-12,2023-10-10,0,2026-10-07
,Rami Hamed,dwcs,gidstats,https://gidstats.com/fighters/rami_hamed.html,,https://gidstats.com/fighters/rami_hamed.html,Rami Hamed,,,35,name+opponents(1)+age,19,2015-02-09,2025-11-07,0,2026-10-07
,Meng Ding,dwcs,gidstats,https://gidstats.com/fighters/meng_ding.html,,https://gidstats.com/fighters/meng_ding.html,Meng Ding,,,32,name+opponents(1)+age,45,2015-12-31,2026-05-30,3,2026-10-07
,Mikheil Sazhiniani,dwcs,gidstats,https://gidstats.com/fighters/mikheil_sazhiniani.html,,https://gidstats.com/fighters/mikheil_sazhiniani.html,Mikheil Sazhiniani,,,30,name+opponents(1)+age,16,2018-12-15,2024-08-13,0,2026-10-07
,Ernie Juarez,dwcs,gidstats,https://gidstats.com/fighters/ernie_juarez.html,,https://gidstats.com/fighters/ernie_juarez.html,Ernie Juarez,,,28,name+opponents(1)+age,9,2018-07-07,2024-08-13,1,2026-10-07
,An Tuan Ho,dwcs,sherdog,https://www.sherdog.com/fighter/An-Tuan-Ho-307731,https://www.sherdog.com/fighter/An-Tuan-Ho-307731,,An Tuan Ho,,2000-09-27,,dwcs_url+name+dob,10,2022-02-11,2026-06-27,,2026-10-07
,Pat Pytlik,dwcs,gidstats,https://gidstats.com/fighters/pat_pytlik.html,,https://gidstats.com/fighters/pat_pytlik.html,Pat Pytlik,,,37,name+opponents(1)+age,11,2014-05-16,2024-08-20,1,2026-10-07
,Hugo Cunha,dwcs,gidstats,https://gidstats.com/fighters/hugo_cunha.html,,https://gidstats.com/fighters/hugo_cunha.html,Hugo Cunha,,,33,name+opponents(1)+age,11,2017-12-15,2025-03-22,0,2026-10-07
,Michael Imperato,dwcs,gidstats,https://gidstats.com/fighters/michael_imperato.html,,https://gidstats.com/fighters/michael_imperato.html,Michael Imperato,,,37,name+opponents(1)+age,19,2010-10-23,2024-08-20,0,2026-10-07
,Billy Brand,dwcs,gidstats,https://gidstats.com/fighters/billy_brand.html,,https://gidstats.com/fighters/billy_brand.html,Billy Brand,,,30,name+opponents(1)+age,7,2019-06-29,2024-08-20,0,2026-10-07
,Liam Anderson,dwcs,gidstats,https://gidstats.com/fighters/liam_anderson.html,,https://gidstats.com/fighters/liam_anderson.html,Liam Anderson,,,31,name+opponents(1)+age,8,2018-09-21,2024-02-23,0,2026-10-07
,Marco Tulio,dwcs,gidstats,https://gidstats.com/fighters/marco_tulio_silva.html,,https://gidstats.com/fighters/marco_tulio_silva.html,Marco Tulio,,,32,name+opponents(1)+age,16,2017-06-10,2025-11-08,0,2026-10-07
,Matthieu Letho Duclos,dwcs,gidstats,https://gidstats.com/fighters/matthieu_letho.html,,https://gidstats.com/fighters/matthieu_letho.html,Matthieu Duclos,,,31,alias+opponents(1)+age,14,2019-10-19,2026-09-05,0,2026-10-07
,Adam Bramhald,dwcs,gidstats,https://gidstats.com/fighters/adam_bramhald.html,,https://gidstats.com/fighters/adam_bramhald.html,Adam Bramhald,,,32,name+opponents(1)+age,15,2015-12-05,2023-09-09,0,2026-10-07
,Nick Piccininni,dwcs,gidstats,https://gidstats.com/fighters/nick_piccininni.html,,https://gidstats.com/fighters/nick_piccininni.html,Nick Piccininni,,,29,name+opponents(2)+age,8,2021-06-18,2024-10-15,0,2026-10-07
,Jack Duffy,dwcs,gidstats,https://gidstats.com/fighters/jack_duffy.html,,https://gidstats.com/fighters/jack_duffy.html,Jack Duffy,,,31,name+opponents(1)+age,8,2012-11-24,2024-08-27,0,2026-10-07
,Ko Seok-hyun,dwcs,gidstats,https://gidstats.com/fighters/seok_hyun_ko.html,,https://gidstats.com/fighters/seok_hyun_ko.html,Seok Hyun Ko,,,33,name+opponents(1)+age,16,2018-01-12,2026-07-18,0,2026-10-07
,Igor Cavalcanti,dwcs,gidstats,https://gidstats.com/fighters/igor_cavalcanti.html,,https://gidstats.com/fighters/igor_cavalcanti.html,Igor Cavalcanti,,,28,name+opponents(1)+age,16,2021-08-14,2026-05-30,2,2026-10-07
,Djorden Ribeiro dos Santos,dwcs,gidstats,https://gidstats.com/fighters/djorden_santos.html,,https://gidstats.com/fighters/djorden_santos.html,Djorden Santos,,,29,alias+opponents(1)+age,13,2015-03-21,2025-10-18,0,2026-10-07
,Will Currie,dwcs,gidstats,https://gidstats.com/fighters/will_currie.html,,https://gidstats.com/fighters/will_currie.html,Will Currie,,,27,name+opponents(1)+age,17,2019-03-02,2025-03-21,0,2026-10-07
,Dorian Ramos,dwcs,gidstats,https://gidstats.com/fighters/dorian_ramos.html,,https://gidstats.com/fighters/dorian_ramos.html,Dorian Ramos,,,32,name+opponents(1)+age,11,2021-07-02,2024-09-03,0,2026-10-07
,Shannon Clark,dwcs,gidstats,https://gidstats.com/fighters/shannon_clark.html,,https://gidstats.com/fighters/shannon_clark.html,Shannon Clark,,,34,name+opponents(1)+age,9,2022-10-01,2026-06-27,0,2026-10-07
,Phillip Latu,dwcs,gidstats,https://gidstats.com/fighters/phillip_latu.html,,https://gidstats.com/fighters/phillip_latu.html,Phillip Latu,,,,name+opponents(1),10,2021-11-04,2025-08-15,4,2026-10-07
,Taiga Iwasaki,dwcs,gidstats,https://gidstats.com/fighters/taiga_iwasaki.html,,https://gidstats.com/fighters/taiga_iwasaki.html,Taiga Iwasaki,,,,name+opponents(1),11,2020-06-27,2024-09-10,0,2026-10-07
,Corrine Laframboise,dwcs,gidstats,https://gidstats.com/fighters/corinne_laframboise.html,,https://gidstats.com/fighters/corinne_laframboise.html,Corinne Laframboise,,,,alias+opponents(1),13,2017-01-28,2024-09-10,0,2026-10-07
,Aaron Tau,dwcs,gidstats,https://gidstats.com/fighters/aaron_tau.html,,https://gidstats.com/fighters/aaron_tau.html,Aaron Tau,,,33,name+opponents(1)+age,12,2019-03-30,2025-08-22,1,2026-10-07
,Arthur Lopes,dwcs,gidstats,https://gidstats.com/fighters/lopes_artur.html,,https://gidstats.com/fighters/lopes_artur.html,Arthur Lopes,,,33,name+opponents(1)+age,8,2015-03-30,2024-09-17,0,2026-10-07
,Benjamin Bennett,dwcs,gidstats,https://gidstats.com/fighters/benjamin_bennett.html,,https://gidstats.com/fighters/benjamin_bennett.html,Benjamin Bennett,,,32,name+opponents(1)+age,8,2018-06-09,2024-09-17,0,2026-10-07
,Joey Hart,dwcs,gidstats,https://gidstats.com/fighters/joey_hart.html,,https://gidstats.com/fighters/joey_hart.html,Joey Hart,,,29,name+opponents(1)+age,13,2022-07-16,2026-07-24,0,2026-10-07
,Yura Naito,dwcs,gidstats,https://gidstats.com/fighters/yura_naito.html,,https://gidstats.com/fighters/yura_naito.html,Yura Naito,,,30,name+opponents(1)+age,7,2020-09-27,2024-09-17,0,2026-10-07
,Ahmad Sohail Hassanzada,dwcs,gidstats,https://gidstats.com/fighters/a_hassanzada.html,,https://gidstats.com/fighters/a_hassanzada.html,Ahmad Hassanzada,,,30,alias+opponents(1)+age,15,2016-04-08,2024-09-17,0,2026-10-07
,Danylo Voievodkin,dwcs,gidstats,https://gidstats.com/fighters/danylo_voievodkin.html,,https://gidstats.com/fighters/danylo_voievodkin.html,Danylo Voievodkin,,,26,name+opponents(1)+age,8,2021-08-28,2026-02-14,0,2026-10-07
,Bailey Schoenfelder,dwcs,gidstats,https://gidstats.com/fighters/bailey_schoenfelder.html,,https://gidstats.com/fighters/bailey_schoenfelder.html,Bailey Schoenfelder,,,29,name+opponents(1)+age,7,2021-05-21,2025-04-19,0,2026-10-07
,Vadym Kutsyi,dwcs,gidstats,https://gidstats.com/fighters/vadim_kutsy.html,,https://gidstats.com/fighters/vadim_kutsy.html,Vadim Kutsy,,,35,alias+opponents(1)+age,19,2014-03-29,2024-09-24,0,2026-10-07
,Francesco Mazzeo,dwcs,gidstats,https://gidstats.com/fighters/francesco_mazzeo.html,,https://gidstats.com/fighters/francesco_mazzeo.html,Francesco Mazzeo,,,29,name+opponents(1)+age,6,2021-12-18,2025-06-27,0,2026-10-07
,Cam Teague,dwcs,gidstats,https://gidstats.com/fighters/cam_teague.html,,https://gidstats.com/fighters/cam_teague.html,Cam Teague,,,28,name+opponents(2)+age,11,2023-03-04,2025-09-09,1,2026-10-07
,Alexia Thainara,dwcs,gidstats,https://gidstats.com/fighters/alexia_thainara.html,,https://gidstats.com/fighters/alexia_thainara.html,Alexia Thainara,,,28,name+opponents(1)+age,14,2018-06-09,2025-09-27,0,2026-10-07
,Rose Conceição,dwcs,gidstats,https://gidstats.com/fighters/rose_conceicao.html,,https://gidstats.com/fighters/rose_conceicao.html,Rose Conceição,,,29,name+opponents(1)+age,9,2016-07-15,2025-02-07,0,2026-10-07
,Bartosz Szewczyk,dwcs,gidstats,https://gidstats.com/fighters/bartosz_szewczyk.html,,https://gidstats.com/fighters/bartosz_szewczyk.html,Bartosz Szewczyk,,,29,name+opponents(1)+age,15,2021-02-20,2026-03-14,0,2026-10-07
,Carlos Calderon,dwcs,gidstats,https://gidstats.com/fighters/carlos_calderon.html,,https://gidstats.com/fighters/carlos_calderon.html,Carlos Calderon,,,30,name+opponents(1)+age,10,2020-12-12,2024-10-01,0,2026-10-07
,Xavier Franklin,dwcs,gidstats,https://gidstats.com/fighters/xavier_franklin.html,,https://gidstats.com/fighters/xavier_franklin.html,Xavier Franklin,,,,name+opponents(1),9,2021-09-18,2025-09-20,0,2026-10-07
,Abdellah Er-Ramy,dwcs,gidstats,https://gidstats.com/fighters/abdellah_er-ramy.html,,https://gidstats.com/fighters/abdellah_er-ramy.html,Abdellah Er-Ramy,,,30,name+opponents(1)+age,9,2019-06-28,2024-10-01,1,2026-10-07
,Christien Savoie,dwcs,gidstats,https://gidstats.com/fighters/christien_savoie.html,,https://gidstats.com/fighters/christien_savoie.html,Christien Savoie,,,34,name+opponents(1)+age,13,2015-02-28,2024-10-01,0,2026-10-07
,Artem Vakhitov,dwcs,gidstats,https://gidstats.com/fighters/artem_vakhitov.html,,https://gidstats.com/fighters/artem_vakhitov.html,Artem Vakhitov,,,35,name+opponents(1)+age,4,2023-06-11,2024-10-08,15,2026-10-07
,Islem Masraf,dwcs,gidstats,https://gidstats.com/fighters/islem_masraf.html,,https://gidstats.com/fighters/islem_masraf.html,Islem Masraf,,,30,name+opponents(1)+age,5,2023-05-11,2025-06-12,0,2026-10-07
,Chasen Blair,dwcs,gidstats,https://gidstats.com/fighters/chasen_blair.html,,https://gidstats.com/fighters/chasen_blair.html,Chasen Blair,,,27,name+opponents(2)+age,11,2022-04-02,2025-09-09,0,2026-10-07
,Lucas Triverio Camacho,dwcs,gidstats,https://gidstats.com/fighters/lucas_camacho.html,,https://gidstats.com/fighters/lucas_camacho.html,Lucas Camacho,,,33,alias+opponents(1)+age,7,2016-12-10,2024-10-08,0,2026-10-07
,Vanilto Antunes,dwcs,gidstats,https://gidstats.com/fighters/vanilto_antunes.html,,https://gidstats.com/fighters/vanilto_antunes.html,Vanilto Antunes,,,31,name+opponents(1)+age,24,2014-11-15,2025-01-25,0,2026-10-07
,Sean Gauci,dwcs,gidstats,https://gidstats.com/fighters/sean_gauci.html,,https://gidstats.com/fighters/sean_gauci.html,Sean Gauci,,,,name+opponents(1),11,2014-04-05,2024-10-08,0,2026-10-07
,Anthony Drilich,dwcs,gidstats,https://gidstats.com/fighters/anthony_drilich.html,,https://gidstats.com/fighters/anthony_drilich.html,Anthony Drilich,,,32,name+opponents(1)+age,10,2017-05-27,2024-10-08,0,2026-10-07
,Heraldo Souza,dwcs,gidstats,https://gidstats.com/fighters/heraldo_souza.html,,https://gidstats.com/fighters/heraldo_souza.html,Heraldo Souza,,,31,name+opponents(1)+age,12,2018-09-08,2024-10-15,0,2026-10-07
,Antônio Monteiro,dwcs,gidstats,https://gidstats.com/fighters/antnio_monteiro.html,,https://gidstats.com/fighters/antnio_monteiro.html,Antônio Monteiro,,,31,name+opponents(1)+age,24,2013-06-29,2024-10-15,0,2026-10-07
,Julieta Martinez,dwcs,gidstats,https://gidstats.com/fighters/julieta_martinez.html,,https://gidstats.com/fighters/julieta_martinez.html,Julieta Martinez,,,22,name+opponents(1)+age,8,2023-05-13,2024-10-15,0,2026-10-07
,Leslie Hernandez,dwcs,gidstats,https://gidstats.com/fighters/leslie_hernandez.html,,https://gidstats.com/fighters/leslie_hernandez.html,Leslie Hernandez,,,,name+opponents(1),9,2022-05-06,2026-03-13,0,2026-10-07
,Mohamed Ado,dwcs,gidstats,https://gidstats.com/fighters/mohamed_ado.html,,https://gidstats.com/fighters/mohamed_ado.html,Mohamed Ado,,,26,name+opponents(1)+age,6,2022-12-16,2024-10-15,0,2026-10-07
,Ilian Bouafia,dwcs,gidstats,https://gidstats.com/fighters/ilian_bouafia.html,,https://gidstats.com/fighters/ilian_bouafia.html,Ilian Bouafia,,,29,name+opponents(1)+age,9,2021-07-01,2026-04-11,0,2026-10-07
,Neemias Santana,dwcs,gidstats,https://gidstats.com/fighters/neemias_santana.html,,https://gidstats.com/fighters/neemias_santana.html,Neemias Santana,,,29,name+opponents(1)+age,11,2015-04-25,2025-08-12,0,2026-10-07
,Jimmy Drago,dwcs,gidstats,https://gidstats.com/fighters/jimmy_drago.html,,https://gidstats.com/fighters/jimmy_drago.html,Jimmy Drago,,,31,name+opponents(1)+age,11,2019-05-31,2025-08-12,0,2026-10-07
,Baysangur Susurkaev,dwcs,gidstats,https://gidstats.com/fighters/baysangur_susurkaev.html,,https://gidstats.com/fighters/baysangur_susurkaev.html,Baysangur Susurkaev,,,25,name+opponents(1)+age,12,2019-12-22,2026-05-09,0,2026-10-07
,Radley da Silva,dwcs,gidstats,https://gidstats.com/fighters/radley_da_silva.html,,https://gidstats.com/fighters/radley_da_silva.html,Radley Da Silva,,,31,name+opponents(1)+age,9,2013-07-05,2025-08-12,0,2026-10-07
,George Mangos,dwcs,gidstats,https://gidstats.com/fighters/george_mangos.html,,https://gidstats.com/fighters/george_mangos.html,George Mangos,,,23,name+opponents(1)+age,10,2023-03-04,2026-05-28,0,2026-10-07
,Christopher Ewert,dwcs,sherdog,https://www.sherdog.com/fighter/Christopher-Ewert-419404,https://www.sherdog.com/fighter/Christopher-Ewert-419404,,Christopher Ewert,,1993-09-06,,dwcs_url+name+dob,11,2022-12-17,2026-08-15,,2026-10-07
,José Mauro Delano,dwcs,gidstats,https://gidstats.com/fighters/jos_delano_1.html,,https://gidstats.com/fighters/jos_delano_1.html,José Delano,,,30,alias+opponents(1)+age,20,2014-08-30,2026-04-04,0,2026-10-07
,Manuel Exposito,dwcs,gidstats,https://gidstats.com/fighters/manuel_exposito.html,,https://gidstats.com/fighters/manuel_exposito.html,Manuel Exposito,,,26,name+opponents(1)+age,16,2019-03-16,2025-08-19,0,2026-10-07
,Cameron Rowston,dwcs,gidstats,https://gidstats.com/fighters/cam_rowston.html,,https://gidstats.com/fighters/cam_rowston.html,Cam Rowston,,,31,alias+opponents(1)+age,17,2016-11-26,2026-01-31,1,2026-10-07
,Brandon Holmes,dwcs,gidstats,https://gidstats.com/fighters/brandon_holmes.html,,https://gidstats.com/fighters/brandon_holmes.html,Brandon Holmes,,,29,name+opponents(2)+age,7,2023-12-02,2026-01-18,0,2026-10-07
,Louis Lee Scott,dwcs,gidstats,https://gidstats.com/fighters/louis_lee_scott.html,,https://gidstats.com/fighters/louis_lee_scott.html,Louis Lee Scott,,,26,name+opponents(1)+age,11,2020-03-14,2025-08-19,0,2026-10-07
,Kaushik Saikumar,dwcs,gidstats,https://gidstats.com/fighters/kaushik_saikumar.html,,https://gidstats.com/fighters/kaushik_saikumar.html,Kaushik Saikumar,,,28,name+opponents(1)+age,6,2023-04-22,2025-08-19,0,2026-10-07
,Guilherme Uriel,dwcs,gidstats,https://gidstats.com/fighters/guilherme_uriel.html,,https://gidstats.com/fighters/guilherme_uriel.html,Guilherme Uriel,,,29,name+opponents(2)+age,9,2022-03-05,2026-03-27,0,2026-10-07
,Ramiro Jimenez,dwcs,gidstats,https://gidstats.com/fighters/ramiro_jimenez.html,,https://gidstats.com/fighters/ramiro_jimenez.html,Ramiro Jimenez,,,27,name+opponents(1)+age,11,2019-02-08,2025-08-19,0,2026-10-07
,Tommy Cuozzi,dwcs,gidstats,https://gidstats.com/fighters/tommy_cuozzi.html,,https://gidstats.com/fighters/tommy_cuozzi.html,Tommy Cuozzi,,,27,name+opponents(1)+age,9,2019-10-19,2025-08-19,0,2026-10-07
,Trent Miller,dwcs,gidstats,https://gidstats.com/fighters/trent_miller.html,,https://gidstats.com/fighters/trent_miller.html,Trent Miller,,,,name+opponents(1),10,2022-12-10,2025-05-22,0,2026-10-07
,Damon Wilson,dwcs,gidstats,https://gidstats.com/fighters/damon_wilson.html,,https://gidstats.com/fighters/damon_wilson.html,Damon Wilson,,,33,name+opponents(1)+age,13,2018-02-17,2025-11-21,0,2026-10-07
,Alik Lorenz,dwcs,gidstats,https://gidstats.com/fighters/alik_lorenz.html,,https://gidstats.com/fighters/alik_lorenz.html,Alik Lorenz,,,,name+opponents(1),9,2021-05-08,2026-03-13,0,2026-10-07
,Cristian Pérez,dwcs,gidstats,https://gidstats.com/fighters/cristian_prez.html,,https://gidstats.com/fighters/cristian_prez.html,Cristian Pérez,,,27,name+opponents(2)+age,17,2019-02-08,2026-08-18,1,2026-10-07
,Darion Abbey,dwcs,gidstats,https://gidstats.com/fighters/darion_abbey.html,,https://gidstats.com/fighters/darion_abbey.html,Darion Abbey,,,33,name+opponents(1)+age,11,2019-02-15,2025-03-28,7,2026-10-07
,Jack Congdon,dwcs,gidstats,https://gidstats.com/fighters/jack_congdon.html,,https://gidstats.com/fighters/jack_congdon.html,Jack Congdon,,,,name+opponents(1),9,2022-10-29,2025-09-02,0,2026-10-07
,Theo Haig,dwcs,gidstats,https://gidstats.com/fighters/theo_haig.html,,https://gidstats.com/fighters/theo_haig.html,Theo Haig,,,30,name+opponents(2)+age,8,2022-04-15,2026-02-27,0,2026-10-07
,Samuel Silva,dwcs,gidstats,https://gidstats.com/fighters/samuel_silva.html,,https://gidstats.com/fighters/samuel_silva.html,Samuel Silva,,,,name+opponents(1),20,2015-08-27,2026-03-14,0,2026-10-07
,Eduardo Henrique,dwcs,sherdog,https://www.sherdog.com/fighter/Eduardo-Henrique-199575,https://www.sherdog.com/fighter/Eduardo-Henrique-199575,,Eduardo Henrique,,1995-11-23,,dwcs_url+name+dob,18,2015-05-02,2026-08-15,,2026-10-07
,David Mgoyan,dwcs,gidstats,https://gidstats.com/fighters/david_mgoyan.html,,https://gidstats.com/fighters/david_mgoyan.html,David Mgoyan,,,22,name+opponents(1)+age,8,2022-11-28,2025-09-02,0,2026-10-07
,Anthony Guarascio,dwcs,gidstats,https://gidstats.com/fighters/anthony_guarascio.html,,https://gidstats.com/fighters/anthony_guarascio.html,Anthony Guarascio,,,32,name+opponents(1)+age,5,2023-10-28,2025-09-09,0,2026-10-07
,Freddy Vidal,dwcs,gidstats,https://gidstats.com/fighters/freddy_vidal.html,,https://gidstats.com/fighters/freddy_vidal.html,Freddy Vidal,,,32,name+opponents(2)+age,5,2024-10-18,2025-10-14,0,2026-10-07
,Samuel Sanches,dwcs,gidstats,https://gidstats.com/fighters/samuel_sanches.html,,https://gidstats.com/fighters/samuel_sanches.html,Samuel Sanches,,,23,name+opponents(1)+age,12,2021-08-14,2025-09-09,0,2026-10-07
,Caroline Foro,dwcs,gidstats,https://gidstats.com/fighters/carol_foro.html,,https://gidstats.com/fighters/carol_foro.html,Carol Foro,,,29,alias+opponents(1)+age,10,2023-08-19,2025-09-09,1,2026-10-07
,Mackson Lee,dwcs,gidstats,https://gidstats.com/fighters/mackson_lee.html,,https://gidstats.com/fighters/mackson_lee.html,Mackson Lee,,,27,name+opponents(1)+age,10,2018-05-05,2025-09-16,0,2026-10-07
,Mahamed Aly,dwcs,gidstats,https://gidstats.com/fighters/mahamed_aly.html,,https://gidstats.com/fighters/mahamed_aly.html,Mahamed Aly,,,32,name+opponents(1)+age,5,2024-01-20,2025-09-16,28,2026-10-07
,Thomas Gantt,dwcs,gidstats,https://gidstats.com/fighters/thomas_gantt.html,,https://gidstats.com/fighters/thomas_gantt.html,Thomas Gantt,,,33,name+opponents(1)+age,12,2024-04-06,2025-09-16,1,2026-10-07
,Adam Livingston,dwcs,gidstats,https://gidstats.com/fighters/adam_livingston.html,,https://gidstats.com/fighters/adam_livingston.html,Adam Livingston,,,25,name+opponents(2)+age,8,2022-09-10,2026-05-15,0,2026-10-07
,Paddy McCorry,dwcs,gidstats,https://gidstats.com/fighters/paddy_mccorry.html,,https://gidstats.com/fighters/paddy_mccorry.html,Paddy McCorry,,,28,name+age,11,2021-08-12,2026-02-21,0,2026-10-07
,Hwang In-su,dwcs,gidstats,https://gidstats.com/fighters/in_soo_hwang.html,,https://gidstats.com/fighters/in_soo_hwang.html,In Soo Hwang,,,32,alias+opponents(1)+age,10,2017-08-12,2025-09-16,1,2026-10-07
,Cody Chovancek,dwcs+card,gidstats,https://gidstats.com/fighters/cody_chovancek.html,,https://gidstats.com/fighters/cody_chovancek.html,Cody Chovancek,,,28,name+opponents(1)+age,9,2021-11-20,2025-09-16,0,2026-10-07
,Raphael Uchegbu,dwcs,gidstats,https://gidstats.com/fighters/raphael_uchegbu.html,,https://gidstats.com/fighters/raphael_uchegbu.html,Raphael Uchegbu,,,31,name+opponents(1)+age,12,2019-05-04,2025-09-16,0,2026-10-07
,Đani Barbir,dwcs,gidstats,https://gidstats.com/fighters/ani_barbir.html,,https://gidstats.com/fighters/ani_barbir.html,Đani Barbir,,,29,name+opponents(1)+age,9,2016-05-28,2025-09-23,0,2026-10-07
,Brahyan Zurcher,dwcs,gidstats,https://gidstats.com/fighters/brahyan_zurcher.html,,https://gidstats.com/fighters/brahyan_zurcher.html,Brahyan Zurcher,,,30,name+opponents(1)+age,10,2021-04-09,2025-09-23,0,2026-10-07
,Javier Reyes,dwcs,gidstats,https://gidstats.com/fighters/javier_reyes_rugeles.html,,https://gidstats.com/fighters/javier_reyes_rugeles.html,Javier Reyes,,,32,name+opponents(1)+age,28,2014-10-25,2026-02-28,0,2026-10-07
,Justice Torres,dwcs,gidstats,https://gidstats.com/fighters/justice_torres.html,,https://gidstats.com/fighters/justice_torres.html,Justice Torres,,,28,name+opponents(1)+age,16,2021-05-16,2025-09-23,0,2026-10-07
,Jair de Oliveira,dwcs,gidstats,https://gidstats.com/fighters/jair_de_oliveira.html,,https://gidstats.com/fighters/jair_de_oliveira.html,Jair de Oliveira,,,30,name+opponents(1)+age,7,2015-01-24,2025-09-23,0,2026-10-07
,Vitor Costa,dwcs,gidstats,https://gidstats.com/fighters/vitor_costa.html,,https://gidstats.com/fighters/vitor_costa.html,Vitor Costa,,,26,name+opponents(1)+age,10,2021-06-27,2025-09-30,0,2026-10-07
,Louis Jourdain,dwcs+card,gidstats,https://gidstats.com/fighters/louis_jourdain.html,,https://gidstats.com/fighters/louis_jourdain.html,Louis Jourdain,,,29,name+opponents(1)+age,12,2016-05-21,2025-09-30,4,2026-10-07
,Magno Dias,dwcs,gidstats,https://gidstats.com/fighters/magno_dias.html,,https://gidstats.com/fighters/magno_dias.html,Magno Dias,,,29,name+opponents(1)+age,8,2019-07-13,2025-09-30,0,2026-10-07
,Christopher Alvidrez,dwcs,gidstats,https://gidstats.com/fighters/christopher_alvidrez.html,,https://gidstats.com/fighters/christopher_alvidrez.html,Christopher Alvidrez,,,29,name+opponents(1)+age,8,2022-06-03,2025-09-30,1,2026-10-07
,Eliezer Kubanza,dwcs,gidstats,https://gidstats.com/fighters/eliezer_kubanza.html,,https://gidstats.com/fighters/eliezer_kubanza.html,Eliezer Kubanza,,,28,name+opponents(1)+age,10,2021-11-03,2026-07-25,0,2026-10-07
,Demba Seck,dwcs,gidstats,https://gidstats.com/fighters/demba_seck.html,,https://gidstats.com/fighters/demba_seck.html,Demba Seck,,,32,name+opponents(1)+age,14,2021-05-15,2025-09-30,0,2026-10-07
,Rashid Vagabov,dwcs,gidstats,https://gidstats.com/fighters/rashid_vagabov.html,,https://gidstats.com/fighters/rashid_vagabov.html,Rashid Vagabov,,,28,name+opponents(1)+age,16,2019-02-17,2025-09-30,1,2026-10-07
,Paulo Henrique da Silva,dwcs,gidstats,https://gidstats.com/fighters/paulo_da_silva.html,,https://gidstats.com/fighters/paulo_da_silva.html,Paulo da Silva,,,24,alias+opponents(1)+age,13,2021-02-27,2025-09-30,0,2026-10-07
,Lucas Caldas,dwcs,gidstats,https://gidstats.com/fighters/lucas_caldas.html,,https://gidstats.com/fighters/lucas_caldas.html,Lucas Caldas,,,30,name+opponents(1)+age,8,2022-12-16,2025-10-07,2,2026-10-07
,Roque Conceição Moreira Jr.,dwcs,sherdog,https://www.sherdog.com/fighter/Roque-Conceicao-Moreira-Junior-239909,https://www.sherdog.com/fighter/Roque-Conceicao-Moreira-Junior-239909,,Roque Conceicao Moreira Junior,,1999-10-27,,dwcs_url+name+dob,15,2019-05-25,2026-10-06,,2026-10-07
,Donavon Hedrick,dwcs,gidstats,https://gidstats.com/fighters/donavon_hedrick.html,,https://gidstats.com/fighters/donavon_hedrick.html,Donavon Hedrick,,,29,name+opponents(1)+age,7,2021-04-17,2025-10-07,0,2026-10-07
,Rafael Pergentino,dwcs,gidstats,https://gidstats.com/fighters/rafael_pergentino.html,,https://gidstats.com/fighters/rafael_pergentino.html,Rafael Pergentino,,,24,name+opponents(1)+age,6,2023-01-14,2025-10-07,0,2026-10-07
,Kwon Won-il,dwcs,gidstats,https://gidstats.com/fighters/won_il_kwon.html,,https://gidstats.com/fighters/won_il_kwon.html,Won Il Kwon,,,31,name+opponents(2)+age,20,2014-04-29,2025-10-14,0,2026-10-07
,Ananias Mulumba,dwcs,gidstats,https://gidstats.com/fighters/ananias_mulumba.html,,https://gidstats.com/fighters/ananias_mulumba.html,Ananias Mulumba,,,,name+opponents(1),12,2022-04-16,2025-10-14,0,2026-10-07
,Azamat Nuftillaev,dwcs,gidstats,https://gidstats.com/fighters/azamat_nuftillaev.html,,https://gidstats.com/fighters/azamat_nuftillaev.html,Azamat Nuftillaev,,,32,name+opponents(1)+age,20,2018-02-08,2025-10-14,0,2026-10-07
,Wesley Schultz,dwcs,gidstats,https://gidstats.com/fighters/wes_schultz.html,,https://gidstats.com/fighters/wes_schultz.html,Wes Schultz,,,30,alias+opponents(1)+age,13,2021-10-23,2026-08-22,0,2026-10-07
,Mario Mingaj,dwcs,gidstats,https://gidstats.com/fighters/mario_mingaj.html,,https://gidstats.com/fighters/mario_mingaj.html,Mario Mingaj,,,,name+opponents(1),8,2021-12-18,2025-10-14,0,2026-10-07
,Anthony Wint,dwcs,gidstats,https://gidstats.com/fighters/anthony_wint.html,,https://gidstats.com/fighters/anthony_wint.html,Anthony Wint,,,31,name+opponents(1)+age,8,2023-04-14,2026-08-22,0,2026-10-07
,Matt Adams,dwcs,gidstats,https://gidstats.com/fighters/matt_adams.html,,https://gidstats.com/fighters/matt_adams.html,Matt Adams,,,29,name+opponents(1)+age,9,2023-03-03,2026-08-11,2,2026-10-07
,Abe Alsaghir,dwcs,sherdog,https://www.sherdog.com/fighter/Abe-Alsaghir-398889,https://www.sherdog.com/fighter/Abe-Alsaghir-398889,,Abe Alsaghir,,2001-07-01,,dwcs_url+name+dob,9,2023-04-29,2026-08-11,,2026-10-07
,Fabrizio Escarrega,dwcs,sherdog,https://www.sherdog.com/fighter/Fabrizio-Escarrega-245189,https://www.sherdog.com/fighter/Fabrizio-Escarrega-245189,,Fabrizio Escarrega,,1998-02-18,,dwcs_url+name+dob,11,2020-11-13,2026-08-11,,2026-10-07
,Mridul Saikia,dwcs,gidstats,https://gidstats.com/fighters/mridul_saikia.html,,https://gidstats.com/fighters/mridul_saikia.html,Mridul Saikia,,,29,name+opponents(1)+age,10,2017-11-25,2026-01-17,0,2026-10-07
,Tom Pagliarulo,dwcs,gidstats,https://gidstats.com/fighters/tom_pagliarulo.html,,https://gidstats.com/fighters/tom_pagliarulo.html,Tom Pagliarulo,,,29,name+age,12,2021-03-11,2025-08-01,0,2026-10-07
,Joseph Kropschot,dwcs,gidstats,https://gidstats.com/fighters/joseph_kropschot.html,,https://gidstats.com/fighters/joseph_kropschot.html,Joseph Kropschot,,,31,name+opponents(1)+age,12,2018-07-21,2026-08-11,2,2026-10-07
,Jonathan Kunneman,dwcs,gidstats,https://gidstats.com/fighters/jonathan_kunneman.html,,https://gidstats.com/fighters/jonathan_kunneman.html,Jonathan Kunneman,,,27,name+opponents(1)+age,10,2021-08-18,2025-03-23,0,2026-10-07
,Namo Fazil,dwcs,gidstats,https://gidstats.com/fighters/namo_fazil.html,,https://gidstats.com/fighters/namo_fazil.html,Namo Fazil,,,29,name+age,4,2021-01-30,2022-07-03,0,2026-10-07
,Douglas Henrique Rodrigues,dwcs,sherdog,https://www.sherdog.com/fighter/Douglas-Henrique-Rodrigues-291629,https://www.sherdog.com/fighter/Douglas-Henrique-Rodrigues-291629,,Douglas Henrique Rodrigues,,1999-01-13,,dwcs_url+name+dob,9,2017-11-11,2026-08-18,,2026-10-07
,Logan Paxton,dwcs,gidstats,https://gidstats.com/fighters/logan_paxton.html,,https://gidstats.com/fighters/logan_paxton.html,Logan Paxton,,,31,name+opponents(1)+age,12,2019-09-07,2026-08-18,0,2026-10-07
,Roman Puga,dwcs,gidstats,https://gidstats.com/fighters/roman_puga.html,,https://gidstats.com/fighters/roman_puga.html,Roman Puga,,,30,name+age,6,2018-08-11,2026-02-27,5,2026-10-07
,Taner Trembley,dwcs,sherdog,https://www.sherdog.com/fighter/Taner-Trembley-407274,https://www.sherdog.com/fighter/Taner-Trembley-407274,,Taner Trembley,,1994-12-28,,dwcs_url+name+dob,8,2024-01-12,2026-08-18,,2026-10-07
,Alex Apodaca,dwcs,sherdog,https://www.sherdog.com/fighter/Alex-Apodaca-380894,https://www.sherdog.com/fighter/Alex-Apodaca-380894,,Alex Apodaca,,1994-06-30,,dwcs_url+name+dob,5,2024-03-16,2026-08-25,,2026-10-07
,Bella Mir,dwcs,gidstats,https://gidstats.com/fighters/bella_mir.html,,https://gidstats.com/fighters/bella_mir.html,Bella Mir,,,23,name+age,3,2020-10-22,2022-06-24,1,2026-10-07
,Sean Clancy Jr.,dwcs,gidstats,https://gidstats.com/fighters/sean_clancy_jr.html,,https://gidstats.com/fighters/sean_clancy_jr.html,Sean Clancy Jr.,,,,name+opponents(1),8,2023-04-29,2025-12-06,0,2026-10-07
,Gary Balletto Jr.,dwcs,gidstats,https://gidstats.com/fighters/gary_balletto_jr.html,,https://gidstats.com/fighters/gary_balletto_jr.html,Gary Balletto Jr.,,,31,name+opponents(1)+age,14,2015-08-14,2025-04-05,8,2026-10-07
,Ronald Humphrey,dwcs,gidstats,https://gidstats.com/fighters/ronald_humphrey.html,,https://gidstats.com/fighters/ronald_humphrey.html,Ronald Humphrey,,,26,name+opponents(1)+age,4,2024-10-19,2026-03-13,0,2026-10-07
,Alexis Miranda,dwcs,gidstats,https://gidstats.com/fighters/alexis_miranda.html,,https://gidstats.com/fighters/alexis_miranda.html,Alexis Miranda,,,27,name+opponents(1)+age,10,2022-07-15,2026-03-22,0,2026-10-07
,Nick Galanti,dwcs+card,gidstats,https://gidstats.com/fighters/nick_galanti.html,,https://gidstats.com/fighters/nick_galanti.html,Nick Galanti,,,28,name+opponents(2)+age,9,2023-12-15,2026-08-25,2,2026-10-07
,Carlos Petruzzella,dwcs,gidstats,https://gidstats.com/fighters/carlos_petruzzella.html,,https://gidstats.com/fighters/carlos_petruzzella.html,Carlos Petruzzella,,,29,name+opponents(1)+age,16,2021-09-04,2025-12-30,0,2026-10-07
,Adam Darby,dwcs,gidstats,https://gidstats.com/fighters/adam_darby.html,,https://gidstats.com/fighters/adam_darby.html,Adam Darby,,,27,name+age,8,2022-06-25,2026-02-21,0,2026-10-07
,Patrick Rivera,dwcs,gidstats,https://gidstats.com/fighters/patrick_rivera.html,,https://gidstats.com/fighters/patrick_rivera.html,Patrick Rivera,,,34,name+age,11,2015-10-24,2023-03-25,0,2026-10-07
,Modestino Rodrigues,dwcs,gidstats,https://gidstats.com/fighters/modestino_rodrigues.html,,https://gidstats.com/fighters/modestino_rodrigues.html,Modestino Rodrigues,,,22,name+opponents(1)+age,10,2021-12-22,2026-09-01,3,2026-10-07
,Silvestre Sanchez,dwcs,gidstats,https://gidstats.com/fighters/silvestre_sanchez.html,,https://gidstats.com/fighters/silvestre_sanchez.html,Silvestre Sanchez,,,24,name+age,7,2022-01-15,2024-08-16,0,2026-10-07
,Liam McCraken,dwcs,sherdog,https://www.sherdog.com/fighter/Liam-McCracken-196501,https://www.sherdog.com/fighter/Liam-McCracken-196501,,Liam McCracken,,2001-07-09,,dwcs_url+name+dob,10,2022-01-22,2026-09-01,,2026-10-07
,Gabriel Lorenço,dwcs+card,gidstats,https://gidstats.com/fighters/gabriel_loureno.html,,https://gidstats.com/fighters/gabriel_loureno.html,Gabriel Lourenço,,,27,alias+opponents(2)+age,9,2021-10-17,2026-09-01,0,2026-10-07
,Charlie Cleveland,dwcs,gidstats,https://gidstats.com/fighters/charlie_cleveland.html,,https://gidstats.com/fighters/charlie_cleveland.html,Charlie Cleveland,,,28,name+age,7,2025-02-01,2026-04-03,0,2026-10-07
,Hunter Smith,dwcs,gidstats,https://gidstats.com/fighters/hunter_smith.html,,https://gidstats.com/fighters/hunter_smith.html,Hunter Smith,,,27,name+opponents(1)+age,9,2023-05-14,2026-03-07,0,2026-10-07
,Quentin Pasley,dwcs,sherdog,https://www.sherdog.com/fighter/Quentin-Pasley-400375,https://www.sherdog.com/fighter/Quentin-Pasley-400375,,Quentin Pasley,,2001-10-15,,dwcs_url+name+dob,4,2023-10-20,2026-09-08,,2026-10-07
,Arlind Berisha,dwcs,sherdog,https://www.sherdog.com/fighter/Arlind-Berisha-348399,https://www.sherdog.com/fighter/Arlind-Berisha-348399,,Arlind Berisha,,2000-11-05,,dwcs_url+name+dob,6,2023-09-09,2026-09-08,,2026-10-07
,Isaac Moreno,dwcs,gidstats,https://gidstats.com/fighters/isaac_moreno.html,,https://gidstats.com/fighters/isaac_moreno.html,Isaac Moreno,,,29,name+age,8,2021-06-20,2025-10-17,1,2026-10-07
,Reginaldo Geraldo Jr.,dwcs,sherdog,https://www.sherdog.com/fighter/Reginaldo-Geraldo-Jr-266593,https://www.sherdog.com/fighter/Reginaldo-Geraldo-Jr-266593,,Reginaldo Geraldo Jr.,,1999-02-10,,dwcs_url+name+dob,13,2018-12-21,2026-09-08,,2026-10-07
,Martin Kozák,dwcs,gidstats,https://gidstats.com/fighters/martin_kozk.html,,https://gidstats.com/fighters/martin_kozk.html,Martin Kozák,,,24,name+opponents(1)+age,6,2024-06-15,2026-04-18,0,2026-10-07
,Christian Echols,dwcs,gidstats,https://gidstats.com/fighters/christian_echols.html,,https://gidstats.com/fighters/christian_echols.html,Christian Echols,,,28,name+opponents(1)+age,12,2020-10-03,2025-11-22,1,2026-10-07
,Apollo Gomes,dwcs,gidstats,https://gidstats.com/fighters/apollo_gomes.html,,https://gidstats.com/fighters/apollo_gomes.html,Apollo Gomes,,,26,name+age,15,2018-04-14,2026-03-28,1,2026-10-07
,Christian Natividad,dwcs,gidstats,https://gidstats.com/fighters/christian_natividad.html,,https://gidstats.com/fighters/christian_natividad.html,Christian Natividad,,,,name+opponents(1),9,2020-07-17,2026-03-13,0,2026-10-07
,Colton Loud,dwcs,gidstats,https://gidstats.com/fighters/colton_loud.html,,https://gidstats.com/fighters/colton_loud.html,Colton Loud,,,25,name+opponents(1)+age,8,2022-10-22,2026-03-15,0,2026-10-07
,Mayton Perea,dwcs,sherdog,https://www.sherdog.com/fighter/Mayton-Perea-378300,https://www.sherdog.com/fighter/Mayton-Perea-378300,,Mayton Perea,,2000-08-18,,dwcs_url+name+dob,12,2021-03-06,2026-09-15,,2026-10-07
,Zevan Hunt,dwcs,sherdog,https://www.sherdog.com/fighter/Zevan-Hunt-306081,https://www.sherdog.com/fighter/Zevan-Hunt-306081,,Zevan Hunt,,1998-12-08,,dwcs_url+name+dob,8,2022-03-05,2026-09-15,,2026-10-07
,Oscar Ravello,dwcs,gidstats,https://gidstats.com/fighters/oscar_ravello.html,,https://gidstats.com/fighters/oscar_ravello.html,Oscar Ravello,,,28,name+opponents(1)+age,17,2016-07-29,2026-04-16,1,2026-10-07
,Akbar Abdullaev,dwcs,gidstats,https://gidstats.com/fighters/akbar_abdullaev.html,,https://gidstats.com/fighters/akbar_abdullaev.html,Akbar Abdullaev,,,29,name+opponents(1)+age,13,2020-10-24,2025-09-05,0,2026-10-07
,Ednilson Santos,dwcs,gidstats,https://gidstats.com/fighters/ednilson_santos.html,,https://gidstats.com/fighters/ednilson_santos.html,Ednilson Santos,,,,name+opponents(1),22,2014-12-19,2026-05-22,0,2026-10-07
,Hugo Guillon,dwcs,sherdog,https://www.sherdog.com/fighter/Hugo-Guillon-376012,https://www.sherdog.com/fighter/Hugo-Guillon-376012,,Hugo Guillon,,1997-04-12,,dwcs_url+name+dob,10,2021-10-22,2026-09-15,,2026-10-07
,Tyshawn Williams,dwcs,gidstats,https://gidstats.com/fighters/tyshawn_williams.html,,https://gidstats.com/fighters/tyshawn_williams.html,Tyshawn Williams,,,30,name+age,5,2022-03-26,2024-03-30,0,2026-10-07
,Norbert Növényi Jr.,dwcs,gidstats,https://gidstats.com/fighters/novenyi_jr_norbert.html,,https://gidstats.com/fighters/novenyi_jr_norbert.html,Norbert Novenyi Jr.,,,27,name+opponents(1)+age,11,2018-02-10,2026-03-26,0,2026-10-07
,Alvi Dasuyev,dwcs,sherdog,https://www.sherdog.com/fighter/Alvi-Dasuyev-390836,https://www.sherdog.com/fighter/Alvi-Dasuyev-390836,,Alvi Dasuyev,,2002-02-03,,dwcs_url+name+dob,10,2024-05-31,2026-09-22,,2026-10-07
,Jaden Ortega,dwcs,sherdog,https://www.sherdog.com/fighter/Jaden-Ortega-410570,https://www.sherdog.com/fighter/Jaden-Ortega-410570,,Jaden Ortega,,2002-09-18,,dwcs_url+name+dob,7,2023-05-19,2026-09-22,,2026-10-07
,Marcos Degli,dwcs,gidstats,https://gidstats.com/fighters/marcos_degli.html,,https://gidstats.com/fighters/marcos_degli.html,Marcos Degli,,,26,name+opponents(1)+age,18,2021-05-02,2026-09-22,0,2026-10-07
,Paris Moran,dwcs,gidstats,https://gidstats.com/fighters/paris_moran.html,,https://gidstats.com/fighters/paris_moran.html,Paris Moran,,,30,name+age,15,2019-11-09,2025-01-12,0,2026-10-07
,Piero Guaylupo,dwcs,gidstats,https://gidstats.com/fighters/piero_guaylupo.html,,https://gidstats.com/fighters/piero_guaylupo.html,Piero Guaylupo,,,21,name+opponents(1)+age,12,2023-07-15,2026-05-27,0,2026-10-07
,Callum Connor,dwcs,gidstats,https://gidstats.com/fighters/callum_connor.html,,https://gidstats.com/fighters/callum_connor.html,Callum Connor,,,,name+opponents(1),8,2022-12-10,2026-04-04,0,2026-10-07
,Damian Piwowarczyk,dwcs,gidstats,https://gidstats.com/fighters/damian_piwowarczyk.html,,https://gidstats.com/fighters/damian_piwowarczyk.html,Damian Piwowarczyk,,,29,name+opponents(1)+age,15,2019-11-23,2026-03-14,0,2026-10-07
,Emilio Quissua,dwcs,gidstats,https://gidstats.com/fighters/emilio_quissua.html,,https://gidstats.com/fighters/emilio_quissua.html,Emilio Quissua,,,29,name+opponents(1)+age,8,2021-05-22,2026-01-31,0,2026-10-07
,George Staines,dwcs,gidstats,https://gidstats.com/fighters/george_staines.html,,https://gidstats.com/fighters/george_staines.html,George Staines,,,26,name+opponents(1)+age,10,2023-08-12,2026-06-20,0,2026-10-07
,Loai Abushaar,dwcs,gidstats,https://gidstats.com/fighters/loai_abushaar.html,,https://gidstats.com/fighters/loai_abushaar.html,Loai Abushaar,,,,name+opponents(1),8,2022-10-22,2026-04-18,0,2026-10-07
,Adama Diop,dwcs,sherdog,https://www.sherdog.com/fighter/Adama-Diop-416269,https://www.sherdog.com/fighter/Adama-Diop-416269,,Adama Diop,,1994-12-10,,dwcs_url+name+dob,8,2022-11-03,2026-09-29,,2026-10-07
,Zaurbek Sabanov,dwcs,sherdog,https://www.sherdog.com/fighter/Zaurbek-Sabanov-421008,https://www.sherdog.com/fighter/Zaurbek-Sabanov-421008,,Zaurbek Sabanov,,1998-06-14,,dwcs_url+name+dob,6,2023-02-17,2026-09-29,,2026-10-07
,Ian Escuza,dwcs,gidstats,https://gidstats.com/fighters/ian_escuza.html,,https://gidstats.com/fighters/ian_escuza.html,Ian Escuza,,,30,name+opponents(1)+age,7,2021-11-13,2026-06-24,0,2026-10-07
,Luca Borando,dwcs,gidstats,https://gidstats.com/fighters/luca_borando.html,,https://gidstats.com/fighters/luca_borando.html,Luca Borando,,,26,name+opponents(1)+age,10,2022-06-04,2026-07-04,0,2026-10-07
,Aieza Ramos Bertolso,dwcs,gidstats,https://gidstats.com/fighters/aieza_bertolso.html,,https://gidstats.com/fighters/aieza_bertolso.html,Aieza Bertolso,,,25,alias+opponents(1)+age,7,2023-05-27,2025-09-05,0,2026-10-07
,Camila Reynoso,dwcs,gidstats,https://gidstats.com/fighters/camila_reynoso.html,,https://gidstats.com/fighters/camila_reynoso.html,Camila Reynoso,,,23,name+opponents(1)+age,10,2024-03-02,2025-12-30,0,2026-10-07
,Preston LaGrange,dwcs,gidstats,https://gidstats.com/fighters/preston_lagrange.html,,https://gidstats.com/fighters/preston_lagrange.html,Preston LaGrange,,,27,name+opponents(1)+age,7,2024-03-23,2026-07-24,0,2026-10-07
,Nell Ariano,dwcs,gidstats,https://gidstats.com/fighters/nell_ariano.html,,https://gidstats.com/fighters/nell_ariano.html,Nell Ariano,,,,name+opponents(1),6,2024-04-20,2026-07-04,0,2026-10-07
,Salhahuddin Everett,dwcs,sherdog,https://www.sherdog.com/fighter/Salhahuddin-Everett-437966,https://www.sherdog.com/fighter/Salhahuddin-Everett-437966,,Salhahuddin Everett,,1997-06-07,,dwcs_url+name+dob,5,2025-08-23,2026-10-06,,2026-10-07
,Ozzy Martin,dwcs,gidstats,https://gidstats.com/fighters/ozzy_martin.html,,https://gidstats.com/fighters/ozzy_martin.html,Ozzy Martin,,,24,name+age,2,2025-01-25,2025-07-19,0,2026-10-07
,Alexander Chavez,dwcs,sherdog,https://www.sherdog.com/fighter/Alexander-Chavez-427066,https://www.sherdog.com/fighter/Alexander-Chavez-427066,,Alexander Chavez,,2000-10-01,,dwcs_url+name+dob,10,2024-02-29,2026-10-06,,2026-10-07
,Matheus Soares,dwcs,gidstats,https://gidstats.com/fighters/mateus_soares.html,,https://gidstats.com/fighters/mateus_soares.html,Mateus Soares,,,,alias+opponents(1),13,2022-08-06,2026-05-29,0,2026-10-07
,Ryuho Miyaguchi,dwcs,gidstats,https://gidstats.com/fighters/ryuho_miyaguchi.html,,https://gidstats.com/fighters/ryuho_miyaguchi.html,Ryuho Miyaguchi,,,28,name+opponents(1)+age,8,2023-03-04,2026-05-28,0,2026-10-07
,Alivia Bierley,dwcs,gidstats,https://gidstats.com/fighters/alivia_bierley.html,,https://gidstats.com/fighters/alivia_bierley.html,Alivia Bierley,,,30,name+opponents(1)+age,6,2024-05-12,2026-07-19,1,2026-10-07
,Summer Onley,dwcs,gidstats,https://gidstats.com/fighters/summer_onley.html,,https://gidstats.com/fighters/summer_onley.html,Summer Onley,,,,name+opponents(1),6,2024-06-08,2026-03-07,0,2026-10-07
,Jason Asher,card,gidstats,https://gidstats.com/fighters/jason_asher.html,,https://gidstats.com/fighters/jason_asher.html,Jason Asher,,,26,name+opponents(1),5,2025-06-28,2026-07-24,0,2026-10-07
,Greg Foster,card,gidstats,https://gidstats.com/fighters/gregory_foster.html,,https://gidstats.com/fighters/gregory_foster.html,Gregory Foster,,,34,alias+opponents(1),9,2021-08-13,2026-08-01,0,2026-10-07
,Davi Cabral,card,gidstats,https://gidstats.com/fighters/davi_cabral.html,,https://gidstats.com/fighters/davi_cabral.html,Davi Cabral,,,27,name+opponents(1),7,2024-04-06,2026-07-18,1,2026-10-07
,Douglas da Lapa,card,gidstats,https://gidstats.com/fighters/douglas_da_lapa.html,,https://gidstats.com/fighters/douglas_da_lapa.html,Douglas da Lapa,,,27,name+opponents(1),6,2020-07-25,2026-05-29,0,2026-10-07
,Will Rentz,card,gidstats,https://gidstats.com/fighters/william_rentz.html,,https://gidstats.com/fighters/william_rentz.html,William Rentz,,,27,alias+opponents(1),10,2021-09-16,2026-06-20,0,2026-10-07
,Luis Francischinelli,card,gidstats,https://gidstats.com/fighters/luis_francischinelli.html,,https://gidstats.com/fighters/luis_francischinelli.html,Luis Francischinelli,,,30,name+opponents(1),7,2023-06-23,2026-05-15,0,2026-10-07
,Aline Pereira,card,gidstats,https://gidstats.com/fighters/aline_pereira.html,,https://gidstats.com/fighters/aline_pereira.html,Aline Pereira,,,36,name+opponents(1),5,2022-11-18,2026-05-16,7,2026-10-07
,Smilla Sundell,card,gidstats,https://gidstats.com/fighters/smilla_sundell.html,,https://gidstats.com/fighters/smilla_sundell.html,Smilla Sundell,,,21,name+opponents(1),2,2026-01-22,2026-06-05,5,2026-10-07
,Ilias Bulaid,card,sherdog,https://www.sherdog.com/fighter/Ilias-Bulaid-341517,https://www.sherdog.com/fighter/Ilias-Bulaid-341517,,Ilias Bulaid,,1995-05-01,,name+opponents(1),10,2019-09-27,2026-04-11,,2026-10-07
,Erick Visconde,card,gidstats,https://gidstats.com/fighters/erick_viscondi.html,,https://gidstats.com/fighters/erick_viscondi.html,Erick Viscondi,,,29,alias+opponents(1),20,2017-07-09,2026-05-15,0,2026-10-07
,Asaf Chopurov,card,gidstats,https://gidstats.com/fighters/asaf_chopurov.html,,https://gidstats.com/fighters/asaf_chopurov.html,Asaf Chopurov,,,24,name+opponents(1),11,2023-09-09,2026-07-23,0,2026-10-07
,Nurullo Aliev,card,sherdog,https://www.sherdog.com/fighter/Nurullo-Aliev-274869,https://www.sherdog.com/fighter/Nurullo-Aliev-274869,,Nurullo Aliev,,1999-10-16,,name+opponents(1),12,2018-02-03,2026-07-25,,2026-10-07
,Francis Marshall,card,sherdog,https://www.sherdog.com/fighter/Francis-Marshall-282887,https://www.sherdog.com/fighter/Francis-Marshall-282887,,Francis Marshall,,1999-03-09,,name+opponents(1),13,2019-11-09,2026-04-25,,2026-10-07
,Lucia Szabova,card,gidstats,https://gidstats.com/fighters/lucia_szabov.html,,https://gidstats.com/fighters/lucia_szabov.html,Lucia Szabová,,,28,name+opponents(1),15,2019-08-22,2026-08-01,7,2026-10-07
,Joe Kropschot,card,gidstats,https://gidstats.com/fighters/joseph_kropschot.html,,https://gidstats.com/fighters/joseph_kropschot.html,Joseph Kropschot,,,31,alias+opponents(1),12,2018-07-21,2026-08-11,2,2026-10-07
,Brendson Ribeiro,card,gidstats,https://gidstats.com/fighters/brendson_ribeiro.html,,https://gidstats.com/fighters/brendson_ribeiro.html,Brendson Ribeiro,,,30,name+opponents(1),29,2015-07-10,2026-07-25,0,2026-10-07
,Lupita Godinez,card,gidstats,https://gidstats.com/fighters/godinez_lupita.html,,https://gidstats.com/fighters/godinez_lupita.html,Loopy Godinez,,,33,alias+opponents(1),20,2018-06-30,2026-04-11,0,2026-10-07
,RJ Harris,,gidstats,https://gidstats.com/fighters/rj_harris.html,,https://gidstats.com/fighters/rj_harris.html,RJ Harris,,,,name,4,,,,2026-10-08
